# WaveFront *.obj file (generated by Cinema 4D)

mtllib ./uiux.mtl

v 24.902843 2.774691 -1.180945
v 24.952028 2.090161 -0.772236
v 24.994360 1.457088 -0.307648
v 25.029838 0.875471 0.212818
v 25.058462 0.345311 0.789163
v 25.080232 -0.133392 1.421386
v 25.095148 -0.560639 2.109488
v 25.103888 -0.994057 2.982899
v 25.103299 -1.357438 3.932366
v 25.093634 -1.634966 4.910332
v 25.075147 -1.810828 5.869240
v 25.052278 -1.880649 6.675992
v 25.022927 -1.875776 7.468742
v 24.987093 -1.796210 8.247489
v 24.944778 -1.641951 9.012234
v 24.895981 -1.412998 9.762978
v 24.840702 -1.109352 10.499718
v 24.780478 -0.739490 11.202048
v 24.716847 -0.311892 11.849559
v 24.649809 0.173443 12.442251
v 24.579364 0.716514 12.980123
v 24.505512 1.317323 13.463176
v 24.428254 1.975868 13.891410
v 24.347588 2.692150 14.264824
v 24.291918 3.201747 14.483312
v 24.234734 3.737005 14.677435
v 22.937589 16.007223 18.750616
v 22.960405 17.433248 14.462063
v 24.236771 5.359579 10.454128
v 24.288621 4.877162 10.270653
v 24.337784 4.436236 10.054285
v 24.377788 4.091324 9.842645
v 24.415818 3.776896 9.606839
v 24.451875 3.492951 9.346867
v 24.485960 3.239490 9.062728
v 24.518071 3.016513 8.754422
v 24.548210 2.824020 8.421950
v 24.575744 2.665645 8.073284
v 24.600045 2.545021 7.716398
v 24.621111 2.462150 7.351293
v 24.638942 2.417031 6.977967
v 24.653538 2.409664 6.596422
v 24.664900 2.440048 6.206656
v 24.673028 2.508185 5.808671
v 24.676649 2.574583 5.538781
v 24.678833 2.657759 5.265237
v 24.679062 2.835325 4.802907
v 24.675540 3.015104 4.437771
v 24.668588 3.220342 4.101387
v 24.658204 3.451037 3.793756
v 24.644389 3.707191 3.514876
v 24.627143 3.988802 3.264748
v 24.606465 4.295872 3.043371
v 24.594840 4.458954 2.943465
v 24.578004 4.686297 2.821438
v 24.550456 5.040704 2.666979
v 24.520605 5.404925 2.550515
v 24.488449 5.778960 2.472046
v 24.453990 6.162809 2.431571
v 24.417228 6.556472 2.429092
v 24.378162 6.959948 2.464607
v 24.329673 7.443075 2.554062
v 24.278049 7.939559 2.695233
v 23.001682 20.013229 6.703168
v 23.024347 21.429873 2.442830
v 24.321492 9.159655 -1.630351
v 24.420088 8.209636 -1.895365
v 24.500140 7.409879 -2.037541
v 24.576076 6.623546 -2.101275
v 24.647896 5.850638 -2.086567
v 24.715600 5.091154 -1.993417
v 24.779188 4.345096 -1.821826
v 24.838661 3.612463 -1.571793
v 24.866853 3.251180 -1.417360
v 24.406818 2.728256 -1.199025
v 24.456003 2.043725 -0.790316
v 24.498335 1.410652 -0.325728
v 24.533813 0.829035 0.194738
v 24.562437 0.298875 0.771083
v 24.584207 -0.179828 1.403307
v 24.599123 -0.607074 2.091409
v 24.607863 -1.040493 2.964819
v 24.607274 -1.403873 3.914286
v 24.597609 -1.681402 4.892253
v 24.579121 -1.857264 5.851160
v 24.556252 -1.927084 6.657912
v 24.526901 -1.922212 7.450662
v 24.491068 -1.842646 8.229410
v 24.448753 -1.688387 8.994155
v 24.399956 -1.459434 9.744898
v 24.344676 -1.155787 10.481639
v 24.284452 -0.785926 11.183969
v 24.220822 -0.358328 11.831480
v 24.153784 0.127007 12.424171
v 24.083339 0.670079 12.962043
v 24.009487 1.270887 13.445096
v 23.932229 1.929432 13.873330
v 23.851563 2.645714 14.246744
v 23.795893 3.155312 14.465232
v 23.738709 3.690570 14.659356
v 22.441564 15.960787 18.732536
v 22.464379 17.386813 14.443983
v 23.740746 5.313143 10.436049
v 23.792595 4.830726 10.252573
v 23.841759 4.389800 10.036205
v 23.881762 4.044888 9.824566
v 23.919793 3.730460 9.588760
v 23.955850 3.446516 9.328787
v 23.989934 3.193055 9.044648
v 24.022046 2.970078 8.736342
v 24.052184 2.777585 8.403870
v 24.079719 2.619209 8.055204
v 24.104020 2.498586 7.698319
v 24.125085 2.415714 7.333213
v 24.142917 2.370595 6.959888
v 24.157513 2.363228 6.578342
v 24.168875 2.393613 6.188577
v 24.177003 2.461749 5.790591
v 24.180624 2.528147 5.520701
v 24.182808 2.611324 5.247158
v 24.183036 2.788890 4.784827
v 24.179515 2.968669 4.419691
v 24.172563 3.173906 4.083308
v 24.162179 3.404601 3.775676
v 24.148364 3.660755 3.496796
v 24.131117 3.942367 3.246668
v 24.110440 4.249437 3.025292
v 24.098814 4.412518 2.925386
v 24.081979 4.639861 2.803359
v 24.054431 4.994268 2.648900
v 24.024579 5.358490 2.532436
v 23.992424 5.732525 2.453966
v 23.957965 6.116373 2.413492
v 23.921203 6.510036 2.411012
v 23.882137 6.913513 2.446527
v 23.833648 7.396639 2.535983
v 23.782024 7.893124 2.677154
v 22.505657 19.966793 6.685089
v 22.528322 21.383437 2.424750
v 23.825467 9.113219 -1.648430
v 23.924063 8.163201 -1.913444
v 24.004115 7.363443 -2.055620
v 24.080051 6.577110 -2.119354
v 24.151871 5.804202 -2.104647
v 24.219575 5.044719 -2.011497
v 24.283163 4.298660 -1.839905
v 24.342635 3.566027 -1.589872
v 24.370828 3.204745 -1.435440
v 23.910793 2.681820 -1.217104
v 23.959978 1.997290 -0.808395
v 24.002310 1.364216 -0.343808
v 24.037788 0.782600 0.176659
v 24.066412 0.252440 0.753004
v 24.088182 -0.226264 1.385227
v 24.103098 -0.653510 2.073329
v 24.111838 -1.086929 2.946739
v 24.111249 -1.450309 3.896207
v 24.101584 -1.727837 4.874173
v 24.083096 -1.903699 5.833081
v 24.060227 -1.973520 6.639833
v 24.030876 -1.968648 7.432583
v 23.995043 -1.889082 8.211330
v 23.952728 -1.734822 8.976075
v 23.903931 -1.505869 9.726818
v 23.848651 -1.202223 10.463559
v 23.788427 -0.832362 11.165889
v 23.724796 -0.404764 11.813400
v 23.657759 0.080571 12.406092
v 23.587314 0.623643 12.943964
v 23.513462 1.224451 13.427017
v 23.436203 1.882997 13.855250
v 23.355538 2.599279 14.228665
v 23.299868 3.108876 14.447153
v 23.242684 3.644134 14.641276
v 21.945539 15.914352 18.714457
v 21.968354 17.340377 14.425904
v 23.244721 5.266708 10.417969
v 23.296570 4.784290 10.234494
v 23.345734 4.343365 10.018125
v 23.385737 3.998453 9.806486
v 23.423767 3.684024 9.570680
v 23.459825 3.400080 9.310708
v 23.493909 3.146619 9.026569
v 23.526021 2.923642 8.718263
v 23.556159 2.731149 8.385791
v 23.583694 2.572774 8.037125
v 23.607994 2.452150 7.680239
v 23.629060 2.369279 7.315134
v 23.646891 2.324160 6.941808
v 23.661488 2.316792 6.560263
v 23.672850 2.347177 6.170497
v 23.680978 2.415314 5.772512
v 23.684599 2.481712 5.502622
v 23.686783 2.564888 5.229078
v 23.687011 2.742454 4.766747
v 23.683490 2.922233 4.401612
v 23.676537 3.127470 4.065228
v 23.666154 3.358166 3.757596
v 23.652338 3.614319 3.478716
v 23.635092 3.895931 3.228588
v 23.614415 4.203001 3.007212
v 23.602789 4.366083 2.907306
v 23.585954 4.593426 2.785279
v 23.558406 4.947833 2.630820
v 23.528554 5.312054 2.514356
v 23.496399 5.686089 2.435887
v 23.461940 6.069938 2.395412
v 23.425177 6.463601 2.392933
v 23.386111 6.867077 2.428448
v 23.337623 7.350204 2.517903
v 23.285999 7.846688 2.659074
v 22.009632 19.920358 6.667009
v 22.032297 21.337001 2.406670
v 23.329442 9.066784 -1.666510
v 23.428038 8.116765 -1.931524
v 23.508089 7.317007 -2.073700
v 23.584025 6.530674 -2.137434
v 23.655845 5.757766 -2.122726
v 23.723550 4.998283 -2.029577
v 23.787138 4.252225 -1.857985
v 23.846610 3.519591 -1.607952
v 23.874803 3.158309 -1.453519
v 23.414767 2.635384 -1.235184
v 23.463953 1.950854 -0.826475
v 23.506285 1.317781 -0.361887
v 23.541762 0.736164 0.158579
v 23.570386 0.206004 0.734924
v 23.592157 -0.272699 1.367147
v 23.607073 -0.699946 2.055250
v 23.615813 -1.133364 2.928660
v 23.615224 -1.496745 3.878127
v 23.605559 -1.774273 4.856093
v 23.587071 -1.950135 5.815001
v 23.564202 -2.019956 6.621753
v 23.534851 -2.015083 7.414503
v 23.499018 -1.935517 8.193250
v 23.456703 -1.781258 8.957996
v 23.407905 -1.552305 9.708739
v 23.352626 -1.248659 10.445480
v 23.292402 -0.878797 11.147810
v 23.228771 -0.451199 11.795320
v 23.161733 0.034136 12.388012
v 23.091289 0.577207 12.925884
v 23.017437 1.178016 13.408937
v 22.940178 1.836561 13.837171
v 22.859513 2.552843 14.210585
v 22.803843 3.062440 14.429073
v 22.746659 3.597698 14.623197
v 21.449514 15.867916 18.696377
v 21.472329 17.293942 14.407824
v 22.748696 5.220272 10.399889
v 22.800545 4.737855 10.216414
v 22.849709 4.296929 10.000046
v 22.889712 3.952017 9.788406
v 22.927742 3.637589 9.552601
v 22.963800 3.353644 9.292628
v 22.997884 3.100184 9.008489
v 23.029995 2.877207 8.700183
v 23.060134 2.684713 8.367711
v 23.087669 2.526338 8.019045
v 23.111969 2.405715 7.662160
v 23.133035 2.322843 7.297054
v 23.150866 2.277724 6.923729
v 23.165463 2.270357 6.542183
v 23.176825 2.300741 6.152418
v 23.184952 2.368878 5.754432
v 23.188574 2.435276 5.484542
v 23.190757 2.518452 5.210998
v 23.190986 2.696018 4.748668
v 23.187465 2.875797 4.383532
v 23.180512 3.081035 4.047149
v 23.170128 3.311730 3.739517
v 23.156313 3.567884 3.460637
v 23.139067 3.849495 3.210509
v 23.118389 4.156565 2.989133
v 23.106764 4.319647 2.889226
v 23.089929 4.546990 2.767200
v 23.062381 4.901397 2.612741
v 23.032529 5.265618 2.496276
v 23.000374 5.639653 2.417807
v 22.965915 6.023502 2.377333
v 22.929152 6.417165 2.374853
v 22.890086 6.820642 2.410368
v 22.841597 7.303768 2.499824
v 22.789973 7.800252 2.640994
v 21.513606 19.873922 6.648929
v 21.536272 21.290566 2.388591
v 22.833417 9.020348 -1.684590
v 22.932012 8.070330 -1.949603
v 23.012064 7.270572 -2.091779
v 23.088000 6.484239 -2.155513
v 23.159820 5.711331 -2.140806
v 23.227524 4.951848 -2.047656
v 23.291113 4.205789 -1.876065
v 23.350585 3.473156 -1.626031
v 23.378778 3.111873 -1.471599
v 22.918742 2.588949 -1.253264
v 22.967928 1.904419 -0.844555
v 23.010259 1.271345 -0.379967
v 23.045737 0.689728 0.140499
v 23.074361 0.159568 0.716844
v 23.096131 -0.319135 1.349068
v 23.111048 -0.746381 2.037170
v 23.119788 -1.179800 2.910580
v 23.119198 -1.543180 3.860047
v 23.109534 -1.820708 4.838014
v 23.091046 -1.996570 5.796922
v 23.068177 -2.066391 6.603674
v 23.038826 -2.061519 7.396423
v 23.002993 -1.981953 8.175171
v 22.960677 -1.827693 8.939916
v 22.911880 -1.598741 9.690659
v 22.856601 -1.295094 10.427400
v 22.796377 -0.925233 11.129730
v 22.732746 -0.497635 11.777241
v 22.665708 -0.012300 12.369932
v 22.595263 0.530772 12.907805
v 22.521412 1.131580 13.390858
v 22.444153 1.790125 13.819091
v 22.363487 2.506407 14.192506
v 22.307818 3.016005 14.410993
v 22.250634 3.551263 14.605117
v 20.953489 15.821480 18.678297
v 20.976304 17.247506 14.389745
v 22.252671 5.173836 10.381810
v 22.304520 4.691419 10.198335
v 22.353684 4.250494 9.981966
v 22.393687 3.905582 9.770327
v 22.431717 3.591153 9.534521
v 22.467774 3.307209 9.274549
v 22.501859 3.053748 8.990409
v 22.533970 2.830771 8.682104
v 22.564109 2.638278 8.349631
v 22.591644 2.479902 8.000966
v 22.615944 2.359279 7.644080
v 22.637010 2.276408 7.278975
v 22.654841 2.231288 6.905649
v 22.669438 2.223921 6.524104
v 22.680800 2.254306 6.134338
v 22.688927 2.322443 5.736353
v 22.692549 2.388840 5.466462
v 22.694732 2.472017 5.192919
v 22.694961 2.649583 4.730588
v 22.691440 2.829362 4.365453
v 22.684487 3.034599 4.029069
v 22.674103 3.265295 3.721437
v 22.660288 3.521448 3.442557
v 22.643042 3.803060 3.192429
v 22.622364 4.110130 2.971053
v 22.610739 4.273212 2.871147
v 22.593904 4.500554 2.749120
v 22.566356 4.854962 2.594661
v 22.536504 5.219183 2.478197
v 22.504349 5.593218 2.399728
v 22.469890 5.977067 2.359253
v 22.433127 6.370729 2.356773
v 22.394061 6.774206 2.392289
v 22.345572 7.257332 2.481744
v 22.293948 7.753817 2.622915
v 21.017581 19.827486 6.630850
v 21.040246 21.244130 2.370511
v 22.337391 8.973912 -1.702669
v 22.435987 8.023894 -1.967683
v 22.516039 7.224136 -2.109859
v 22.591975 6.437803 -2.173593
v 22.663795 5.664895 -2.158885
v 22.731499 4.905412 -2.065736
v 22.795087 4.159354 -1.894144
v 22.854560 3.426720 -1.644111
v 22.882752 3.065438 -1.489679
v 22.422717 2.542513 -1.271343
v 22.471903 1.857983 -0.862634
v 22.514234 1.224910 -0.398046
v 22.549712 0.643293 0.122420
v 22.578336 0.113133 0.698765
v 22.600106 -0.365570 1.330988
v 22.615023 -0.792817 2.019090
v 22.623762 -1.226236 2.892501
v 22.623173 -1.589616 3.841968
v 22.613508 -1.867144 4.819934
v 22.595021 -2.043006 5.778842
v 22.572152 -2.112827 6.585594
v 22.542801 -2.107954 7.378344
v 22.506967 -2.028388 8.157091
v 22.464652 -1.874129 8.921837
v 22.415855 -1.645176 9.672580
v 22.360576 -1.341530 10.409320
v 22.300352 -0.971669 11.111650
v 22.236721 -0.544070 11.759161
v 22.169683 -0.058735 12.351853
v 22.099238 0.484336 12.889725
v 22.025386 1.085145 13.372778
v 21.948128 1.743690 13.801012
v 21.867462 2.459972 14.174426
v 21.811792 2.969569 14.392914
v 21.754608 3.504827 14.587038
v 20.457463 15.775045 18.660218
v 20.480279 17.201070 14.371665
v 21.756645 5.127401 10.363730
v 21.808495 4.644983 10.180255
v 21.857659 4.204058 9.963887
v 21.897662 3.859146 9.752247
v 21.935692 3.544718 9.516441
v 21.971749 3.260773 9.256469
v 22.005834 3.007312 8.972330
v 22.037945 2.784335 8.664024
v 22.068084 2.591842 8.331552
v 22.095619 2.433467 7.982886
v 22.119919 2.312843 7.626001
v 22.140985 2.229972 7.260895
v 22.158816 2.184853 6.887569
v 22.173412 2.177485 6.506024
v 22.184774 2.207870 6.116258
v 22.192902 2.276007 5.718273
v 22.196523 2.342405 5.448383
v 22.198707 2.425581 5.174839
v 22.198936 2.603147 4.712509
v 22.195414 2.782926 4.347373
v 22.188462 2.988163 4.010989
v 22.178078 3.218859 3.703358
v 22.164263 3.475012 3.424478
v 22.147017 3.756624 3.174350
v 22.126339 4.063694 2.952973
v 22.114714 4.226776 2.853067
v 22.097879 4.454119 2.731040
v 22.070330 4.808526 2.576581
v 22.040479 5.172747 2.460117
v 22.008323 5.546782 2.381648
v 21.973864 5.930631 2.341173
v 21.937102 6.324294 2.338694
v 21.898036 6.727770 2.374209
v 21.849547 7.210897 2.463665
v 21.797923 7.707381 2.604835
v 20.521556 19.781051 6.612770
v 20.544221 21.197694 2.352432
v 21.841366 8.927477 -1.720749
v 21.939962 7.977458 -1.985763
v 22.020014 7.177701 -2.127939
v 22.095950 6.391368 -2.191673
v 22.167770 5.618459 -2.176965
v 22.235474 4.858976 -2.083815
v 22.299062 4.112918 -1.912224
v 22.358535 3.380285 -1.662190
v 22.386727 3.019002 -1.507758
v 21.926692 2.496078 -1.289423
v 21.975877 1.811547 -0.880714
v 22.018209 1.178474 -0.416126
v 22.053687 0.596857 0.104340
v 22.082311 0.066697 0.680685
v 22.104081 -0.412006 1.312909
v 22.118997 -0.839253 2.001011
v 22.127737 -1.272671 2.874421
v 22.127148 -1.636051 3.823888
v 22.117483 -1.913580 4.801855
v 22.098995 -2.089442 5.760763
v 22.076126 -2.159263 6.567514
v 22.046775 -2.154390 7.360264
v 22.010942 -2.074824 8.139012
v 21.968627 -1.920565 8.903757
v 21.919830 -1.691612 9.654500
v 21.864550 -1.387966 10.391241
v 21.804326 -1.018104 11.093571
v 21.740696 -0.590506 11.741082
v 21.673658 -0.105171 12.333773
v 21.603213 0.437901 12.871645
v 21.529361 1.038709 13.354698
v 21.452103 1.697254 13.782932
v 21.371437 2.413536 14.156346
v 21.315767 2.923133 14.374834
v 21.258583 3.458391 14.568958
v 19.961438 15.728609 18.642138
v 19.984253 17.154635 14.353585
v 21.260620 5.080965 10.345651
v 21.312469 4.598548 10.162175
v 21.361633 4.157622 9.945807
v 21.401636 3.812710 9.734168
v 21.439667 3.498282 9.498362
v 21.475724 3.214337 9.238389
v 21.509808 2.960877 8.954250
v 21.541920 2.737900 8.645945
v 21.572058 2.545406 8.313472
v 21.599593 2.387031 7.964807
v 21.623894 2.266408 7.607921
v 21.644959 2.183536 7.242815
v 21.662791 2.138417 6.869490
v 21.677387 2.131050 6.487944
v 21.688749 2.161435 6.098179
v 21.696877 2.229571 5.700193
v 21.700498 2.295969 5.430303
v 21.702682 2.379146 5.156760
v 21.702910 2.556712 4.694429
v 21.699389 2.736491 4.329293
v 21.692437 2.941728 3.992910
v 21.682053 3.172423 3.685278
v 21.668238 3.428577 3.406398
v 21.650991 3.710189 3.156270
v 21.630314 4.017259 2.934894
v 21.618688 4.180340 2.834988
v 21.601853 4.407683 2.712961
v 21.574305 4.762090 2.558502
v 21.544453 5.126311 2.442038
v 21.512298 5.500346 2.363568
v 21.477839 5.884195 2.323094
v 21.441077 6.277858 2.320614
v 21.402011 6.681335 2.356129
v 21.353522 7.164461 2.445585
v 21.301898 7.660945 2.586756
v 20.025531 19.734615 6.594691
v 20.048196 21.151259 2.334352
v 21.345341 8.881041 -1.738828
v 21.443937 7.931023 -2.003842
v 21.523989 7.131265 -2.146018
v 21.599925 6.344932 -2.209752
v 21.671745 5.572024 -2.195044
v 21.739449 4.812541 -2.101895
v 21.803037 4.066482 -1.930303
v 21.862509 3.333849 -1.680270
v 21.890702 2.972567 -1.525838
v 21.430667 2.449642 -1.307502
v 21.479852 1.765112 -0.898793
v 21.522184 1.132038 -0.434206
v 21.557662 0.550422 0.086261
v 21.586286 0.020262 0.662606
v 21.608056 -0.458442 1.294829
v 21.622972 -0.885688 1.982931
v 21.631712 -1.319107 2.856341
v 21.631123 -1.682487 3.805809
v 21.621458 -1.960015 4.783775
v 21.602970 -2.135877 5.742683
v 21.580101 -2.205698 6.549435
v 21.550750 -2.200826 7.342185
v 21.514917 -2.121260 8.120932
v 21.472602 -1.967000 8.885677
v 21.423805 -1.738047 9.636420
v 21.368525 -1.434401 10.373161
v 21.308301 -1.064540 11.075491
v 21.244670 -0.636942 11.723002
v 21.177633 -0.151607 12.315694
v 21.107188 0.391465 12.853566
v 21.033336 0.992273 13.336619
v 20.956077 1.650819 13.764852
v 20.875412 2.367101 14.138267
v 20.819742 2.876698 14.356755
v 20.762558 3.411956 14.550878
v 19.465413 15.682174 18.624059
v 19.488228 17.108199 14.335506
v 20.764595 5.034529 10.327571
v 20.816444 4.552112 10.144096
v 20.865608 4.111187 9.927727
v 20.905611 3.766275 9.716088
v 20.943641 3.451846 9.480282
v 20.979699 3.167902 9.220310
v 21.013783 2.914441 8.936171
v 21.045895 2.691464 8.627865
v 21.076033 2.498971 8.295393
v 21.103568 2.340595 7.946727
v 21.127868 2.219972 7.589841
v 21.148934 2.137101 7.224736
v 21.166765 2.091981 6.851410
v 21.181362 2.084614 6.469865
v 21.192724 2.114999 6.080099
v 21.200852 2.183136 5.682114
v 21.204473 2.249533 5.412224
v 21.206657 2.332710 5.138680
v 21.206885 2.510276 4.676349
v 21.203364 2.690055 4.311214
v 21.196411 2.895292 3.974830
v 21.186028 3.125988 3.667198
v 21.172213 3.382141 3.388318
v 21.154966 3.663753 3.138190
v 21.134289 3.970823 2.916814
v 21.122663 4.133905 2.816908
v 21.105828 4.361248 2.694881
v 21.078280 4.715655 2.540422
v 21.048428 5.079876 2.423958
v 21.016273 5.453911 2.345489
v 20.981814 5.837760 2.305014
v 20.945052 6.231422 2.302535
v 20.905985 6.634899 2.338050
v 20.857497 7.118026 2.427505
v 20.805873 7.614510 2.568676
v 19.529506 19.688179 6.576611
v 19.552171 21.104823 2.316272
v 20.849316 8.834606 -1.756908
v 20.947912 7.884587 -2.021922
v 21.027963 7.084829 -2.164098
v 21.103899 6.298496 -2.227832
v 21.175719 5.525588 -2.213124
v 21.243424 4.766105 -2.119974
v 21.307012 4.020047 -1.948383
v 21.366484 3.287413 -1.698350
v 21.394677 2.926131 -1.543917
v 24.908622 3.259080 -1.407190
v 24.939842 3.273972 -1.380108
v 24.948320 3.290041 -1.346692
v 24.920478 3.646833 -1.499205
v 24.911828 3.632961 -1.533560
v 24.880474 3.619789 -1.561377
v 24.861512 4.373230 -1.747110
v 24.852615 4.362407 -1.782506
v 24.821067 4.351626 -1.811139
v 24.798559 5.111829 -1.916986
v 24.789351 5.104654 -1.953221
v 24.757560 5.096731 -1.982511
v 24.731532 5.863718 -2.009204
v 24.721993 5.860257 -2.045895
v 24.689942 5.855245 -2.075541
v 24.660408 6.629138 -2.023769
v 24.650528 6.629339 -2.060529
v 24.618211 6.627196 -2.090231
v 24.585164 7.408306 -1.960616
v 24.574946 7.412011 -1.997092
v 24.542363 7.412614 -2.026571
v 24.505806 8.201130 -1.819673
v 24.495249 8.208226 -1.855546
v 24.462400 8.211486 -1.884553
v 24.407742 9.146020 -1.556089
v 24.396925 9.155624 -1.591263
v 24.363872 9.160849 -1.619722
v 23.118197 21.344349 2.493227
v 23.103663 21.389109 2.469724
v 23.067698 21.421884 2.450410
v 23.096282 19.974614 6.612495
v 23.081382 19.996434 6.657981
v 23.045129 20.011232 6.692729
v 24.365389 7.969621 2.627358
v 24.354039 7.957856 2.661695
v 24.320568 7.946335 2.687706
v 24.417519 7.468269 2.484803
v 24.405921 7.458884 2.519817
v 24.372257 7.449229 2.546358
v 24.466696 6.978287 2.394078
v 24.454762 6.972255 2.429713
v 24.420834 6.965227 2.456741
v 24.506436 6.567856 2.357951
v 24.494172 6.565224 2.393885
v 24.459986 6.560862 2.421147
v 24.543863 6.167077 2.360475
v 24.531274 6.167926 2.396387
v 24.496833 6.166290 2.423633
v 24.578983 5.775862 2.401726
v 24.566071 5.780313 2.437259
v 24.531377 5.781500 2.464206
v 24.611775 5.394425 2.481748
v 24.598551 5.402496 2.516521
v 24.563613 5.406520 2.542874
v 24.642217 5.022998 2.600517
v 24.628705 5.034593 2.634163
v 24.593540 5.041378 2.659633
v 24.670249 4.662364 2.757690
v 24.656500 4.677004 2.790009
v 24.621150 4.686176 2.814438
v 24.687420 4.430485 2.882151
v 24.673507 4.447344 2.913279
v 24.638028 4.458254 2.936776
v 24.699344 4.263220 2.984620
v 24.685285 4.282124 3.014495
v 24.649692 4.294637 3.037010
v 24.720380 3.950818 3.209840
v 24.706146 3.972330 3.237835
v 24.670415 3.986886 3.258877
v 24.737973 3.663544 3.464998
v 24.723569 3.687825 3.490533
v 24.687706 3.704551 3.509647
v 24.752062 3.402315 3.749403
v 24.737524 3.429078 3.772237
v 24.701556 3.447749 3.789233
v 24.762643 3.167248 4.062864
v 24.748009 3.196149 4.082847
v 24.711965 3.216495 4.097609
v 24.769718 2.958393 4.405178
v 24.755024 2.989063 4.422260
v 24.718933 3.010796 4.434751
v 24.773298 2.775623 4.776387
v 24.758575 2.807756 4.790499
v 24.722462 2.830635 4.800662
v 24.773066 2.595882 5.244381
v 24.758345 2.629079 5.255724
v 24.722233 2.652791 5.263716
v 24.770847 2.511342 5.522410
v 24.756143 2.545205 5.531559
v 24.720045 2.569440 5.537833
v 24.767164 2.443823 5.796857
v 24.752490 2.478235 5.803778
v 24.716415 2.502899 5.808305
v 24.758914 2.374656 6.200859
v 24.744300 2.409572 6.204838
v 24.708272 2.434631 6.207059
v 24.747347 2.343723 6.597655
v 24.732833 2.378907 6.598195
v 24.696884 2.404176 6.597722
v 24.732468 2.351233 6.986587
v 24.718092 2.386347 6.983515
v 24.682251 2.411562 6.980212
v 24.714276 2.397264 7.367455
v 24.700077 2.431932 7.360694
v 24.664374 2.456798 7.354501
v 24.692780 2.481829 7.740023
v 24.678791 2.515669 7.729613
v 24.643253 2.539885 7.720559
v 24.667993 2.604870 8.104060
v 24.654242 2.637527 8.090152
v 24.618891 2.660817 8.078358
v 24.639927 2.766296 8.459443
v 24.626436 2.797462 8.442250
v 24.591288 2.819583 8.427882
v 24.609208 2.962497 8.798320
v 24.596001 2.991849 8.777995
v 24.561075 3.012549 8.761173
v 24.576461 3.189887 9.112727
v 24.563565 3.217081 9.089419
v 24.528883 3.236090 9.070258
v 24.541704 3.448347 9.402471
v 24.529137 3.473097 9.376421
v 24.494712 3.490190 9.355113
v 24.504960 3.737706 9.667400
v 24.492728 3.759807 9.638926
v 24.458567 3.774826 9.615719
v 24.466248 4.057767 9.907430
v 24.454350 4.077114 9.876891
v 24.420450 4.089973 9.852064
v 24.425563 4.408560 10.122678
v 24.413998 4.425031 10.090374
v 24.380360 4.435637 10.064164
v 24.375710 4.855665 10.342079
v 24.364482 4.869114 10.308292
v 24.331108 4.877352 10.280920
v 24.323359 5.342752 10.527330
v 24.312377 5.353917 10.492674
v 24.279195 5.360365 10.464622
v 23.054254 17.347725 14.512460
v 23.039721 17.392485 14.488957
v 23.003756 17.425260 14.469644
v 23.032190 15.968608 18.659942
v 23.017289 15.990428 18.705429
v 22.981036 16.005226 18.740176
v 24.321813 3.769543 14.610382
v 24.310590 3.756567 14.644317
v 24.277220 3.744098 14.670013
v 24.378684 3.237210 14.417319
v 24.367615 3.222803 14.450735
v 24.334364 3.209213 14.476025
v 24.433864 2.732100 14.200755
v 24.423034 2.715499 14.233231
v 24.389972 2.700189 14.257783
v 24.513899 2.021419 13.830261
v 24.503377 2.002079 13.861308
v 24.470557 1.984623 13.884742
v 24.590445 1.368948 13.405977
v 24.580272 1.346637 13.435093
v 24.547724 1.326853 13.457012
v 24.663576 0.774003 12.927638
v 24.653755 0.748825 12.954449
v 24.621484 0.726794 12.974562
v 24.733315 0.236374 12.395156
v 24.723839 0.208534 12.419330
v 24.691838 0.184417 12.437378
v 24.799684 -0.244124 11.808372
v 24.790536 -0.274329 11.829657
v 24.758791 -0.300300 11.845441
v 24.862704 -0.667614 11.167082
v 24.853854 -0.699828 11.185325
v 24.822344 -0.727373 11.198725
v 24.922386 -1.034147 10.471071
v 24.913801 -1.067990 10.486224
v 24.882498 -1.096809 10.497202
v 24.977179 -1.335125 9.740805
v 24.968833 -1.370272 9.752792
v 24.937716 -1.400115 9.761288
v 25.025533 -1.561997 8.996884
v 25.017403 -1.598162 9.005534
v 24.986456 -1.628802 9.011417
v 25.067456 -1.714828 8.239224
v 25.059518 -1.751691 8.244409
v 25.028722 -1.782879 8.247577
v 25.102961 -1.793663 7.467627
v 25.095183 -1.830884 7.469315
v 25.064513 -1.862351 7.469743
v 25.132052 -1.798492 6.681896
v 25.124401 -1.835734 6.680152
v 25.093831 -1.867218 6.677889
v 25.154723 -1.729275 5.882120
v 25.147169 -1.766222 5.876964
v 25.116674 -1.797474 5.872028
v 25.173076 -1.554695 4.930201
v 25.165588 -1.591015 4.921627
v 25.135145 -1.621776 4.914013
v 25.182675 -1.279046 3.958855
v 25.175220 -1.314447 3.947044
v 25.144801 -1.344488 3.936893
v 25.183261 -0.918125 3.015816
v 25.175807 -0.952323 3.000861
v 25.145390 -0.981422 2.988247
v 25.174584 -0.487865 2.148771
v 25.167100 -0.520519 2.130703
v 25.136658 -0.548407 2.115649
v 25.159797 -0.064313 1.466619
v 25.152249 -0.095160 1.445641
v 25.121758 -0.121632 1.428307
v 25.138220 0.410152 0.839992
v 25.130578 0.381378 0.816278
v 25.100013 0.356530 0.796799
v 25.109859 0.935444 0.268940
v 25.102088 0.909050 0.242637
v 25.071422 0.886068 0.221130
v 25.074709 1.511672 -0.246705
v 25.066778 1.487914 -0.275366
v 25.035987 1.466996 -0.298720
v 25.032762 2.138993 -0.707071
v 25.024643 2.118048 -0.737796
v 24.993704 2.099335 -0.762769
v 24.983972 2.818018 -1.112493
v 24.975659 2.799765 -1.144826
v 24.944569 2.783162 -1.171058
v 21.351544 2.926083 -1.536842
v 21.316234 2.934747 -1.512185
v 21.302535 2.948739 -1.479577
v 21.274692 3.305532 -1.632090
v 21.288220 3.293735 -1.665637
v 21.323396 3.286792 -1.691029
v 21.215726 4.031928 -1.879995
v 21.229006 4.023182 -1.914583
v 21.263988 4.018628 -1.940790
v 21.152774 4.770527 -2.049871
v 21.165743 4.765429 -2.085298
v 21.200481 4.763734 -2.112163
v 21.085747 5.522417 -2.142089
v 21.098385 5.521032 -2.177971
v 21.132864 5.522247 -2.205193
v 21.014622 6.287837 -2.156654
v 21.026920 6.290114 -2.192606
v 21.061133 6.294199 -2.219883
v 20.939378 7.067005 -2.093501
v 20.951338 7.072786 -2.129169
v 20.985285 7.079616 -2.156223
v 20.860021 7.859828 -1.952558
v 20.871640 7.869000 -1.987623
v 20.905322 7.878488 -2.014204
v 20.761957 8.804718 -1.688974
v 20.773317 8.816398 -1.723340
v 20.806794 8.827852 -1.749373
v 19.472412 21.003047 2.360342
v 19.480055 21.049884 2.337647
v 19.510620 21.088886 2.320759
v 19.450497 19.633312 6.479610
v 19.457773 19.657208 6.525904
v 19.488051 19.678235 6.563077
v 20.719604 7.628319 2.494473
v 20.730430 7.618630 2.529618
v 20.763490 7.613338 2.558054
v 20.771734 7.126967 2.351918
v 20.782313 7.119659 2.387740
v 20.815179 7.116232 2.416707
v 20.820911 6.636986 2.261193
v 20.831153 6.633029 2.297636
v 20.863755 6.632230 2.327089
v 20.860650 6.226554 2.225066
v 20.870563 6.225999 2.261808
v 20.902908 6.227865 2.291496
v 20.898078 5.825775 2.227590
v 20.907666 5.828700 2.264311
v 20.939755 5.833293 2.293981
v 20.933198 5.434560 2.268841
v 20.942462 5.441087 2.305182
v 20.974298 5.448503 2.334555
v 20.965989 5.053123 2.348863
v 20.974943 5.063270 2.384445
v 21.006535 5.073522 2.413222
v 20.996432 4.681696 2.467632
v 21.005096 4.695367 2.502086
v 21.036462 4.708381 2.529981
v 21.024464 4.321062 2.624805
v 21.032892 4.337778 2.657932
v 21.064072 4.353178 2.684787
v 21.041635 4.089184 2.749266
v 21.049898 4.108118 2.781203
v 21.080950 4.125256 2.807124
v 21.053559 3.921918 2.851735
v 21.061676 3.942898 2.882418
v 21.092614 3.961640 2.907358
v 21.074595 3.609516 3.076955
v 21.082537 3.633104 3.105759
v 21.113337 3.653889 3.129225
v 21.092188 3.322242 3.332113
v 21.099961 3.348599 3.358457
v 21.130628 3.371554 3.379996
v 21.106277 3.061013 3.616518
v 21.113916 3.089852 3.640160
v 21.144478 3.114752 3.659581
v 21.116858 2.825946 3.929979
v 21.124400 2.856923 3.950770
v 21.154887 2.883498 3.967958
v 21.123933 2.617091 4.272293
v 21.131415 2.649837 4.290184
v 21.161855 2.677799 4.305099
v 21.127513 2.434321 4.643502
v 21.134966 2.468530 4.658423
v 21.165384 2.497638 4.671010
v 21.127281 2.254580 5.111496
v 21.134737 2.289853 5.123647
v 21.165155 2.319794 5.134064
v 21.125062 2.170040 5.389525
v 21.132534 2.205980 5.399482
v 21.162966 2.236443 5.408181
v 21.121379 2.102521 5.663972
v 21.128882 2.139009 5.671701
v 21.159337 2.169902 5.678653
v 21.113129 2.033354 6.067974
v 21.120692 2.070346 6.072761
v 21.151194 2.101634 6.077407
v 21.101562 2.002421 6.464770
v 21.109225 2.039681 6.466118
v 21.139806 2.071179 6.468071
v 21.086683 2.009931 6.853702
v 21.094484 2.047121 6.851438
v 21.125173 2.078564 6.850560
v 21.068491 2.055962 7.234570
v 21.076469 2.092706 7.228617
v 21.107296 2.123800 7.224849
v 21.046995 2.140527 7.607138
v 21.055183 2.176443 7.597536
v 21.086175 2.206888 7.590908
v 21.022208 2.263568 7.971175
v 21.030634 2.298301 7.958076
v 21.061813 2.327820 7.948707
v 20.994142 2.424994 8.326558
v 21.002828 2.458236 8.310174
v 21.034210 2.486585 8.298230
v 20.963423 2.621196 8.665435
v 20.972393 2.652624 8.645918
v 21.003997 2.679552 8.631521
v 20.930676 2.848586 8.979842
v 20.939956 2.877856 8.957342
v 20.971805 2.903093 8.940606
v 20.895919 3.107046 9.269586
v 20.905528 3.133871 9.244345
v 20.937634 3.157192 9.225461
v 20.859175 3.396404 9.534515
v 20.869120 3.420582 9.506850
v 20.901489 3.441828 9.486067
v 20.820463 3.716465 9.774545
v 20.830741 3.737888 9.744814
v 20.863372 3.756976 9.722412
v 20.779778 4.067258 9.989793
v 20.790390 4.085805 9.958297
v 20.823282 4.102639 9.934512
v 20.729925 4.514364 10.209194
v 20.740874 4.529888 10.176215
v 20.774030 4.544354 10.151268
v 20.677574 5.001450 10.394445
v 20.688768 5.014691 10.360598
v 20.722116 5.027368 10.334970
v 19.408469 17.006423 14.379575
v 19.416112 17.053260 14.356880
v 19.446677 17.092262 14.339992
v 19.386405 15.627306 18.527057
v 19.393680 15.651203 18.573352
v 19.423958 15.672229 18.610525
v 20.676028 3.428241 14.477497
v 20.686982 3.417341 14.512240
v 20.720142 3.411100 14.540361
v 20.732899 2.895908 14.284434
v 20.744006 2.883577 14.318659
v 20.777286 2.876216 14.346373
v 20.788079 2.390798 14.067870
v 20.799426 2.376273 14.101154
v 20.832893 2.367192 14.128131
v 20.868114 1.680117 13.697376
v 20.879769 1.662853 13.729232
v 20.913478 1.651625 13.755090
v 20.944660 1.027646 13.273092
v 20.956664 1.007411 13.303016
v 20.990646 0.993856 13.327361
v 21.017791 0.432702 12.794753
v 21.030147 0.409599 12.822372
v 21.064406 0.393797 12.844910
v 21.087529 -0.104928 12.262271
v 21.100231 -0.130692 12.287254
v 21.134760 -0.148580 12.307726
v 21.153899 -0.585425 11.675487
v 21.166927 -0.613555 11.697581
v 21.201713 -0.633297 11.715789
v 21.216919 -1.008916 11.034197
v 21.230246 -1.039054 11.053249
v 21.265265 -1.060370 11.069073
v 21.276601 -1.375449 10.338186
v 21.290193 -1.407215 10.354147
v 21.325420 -1.429807 10.367550
v 21.331394 -1.676427 9.607920
v 21.345224 -1.709498 9.620715
v 21.380638 -1.733112 9.631637
v 21.379748 -1.903299 8.863999
v 21.393795 -1.937388 8.873458
v 21.429378 -1.961799 8.881765
v 21.421671 -2.056129 8.106339
v 21.435910 -2.090917 8.112332
v 21.471643 -2.115876 8.117925
v 21.457175 -2.134965 7.334742
v 21.471575 -2.170110 7.337239
v 21.507434 -2.195349 7.340091
v 21.486267 -2.139794 6.549011
v 21.500793 -2.174960 6.548075
v 21.536752 -2.200216 6.548238
v 21.508938 -2.070577 5.749235
v 21.523561 -2.105447 5.744888
v 21.559596 -2.130472 5.742377
v 21.527291 -1.895997 4.797316
v 21.541980 -1.930240 4.789551
v 21.578066 -1.954774 4.784362
v 21.536890 -1.620347 3.825970
v 21.551611 -1.653672 3.814967
v 21.587723 -1.677485 3.807241
v 21.537475 -1.259427 2.882931
v 21.552198 -1.291549 2.868784
v 21.588312 -1.314419 2.858595
v 21.528799 -0.829167 2.015886
v 21.543491 -0.859744 1.998627
v 21.579580 -0.881404 1.985998
v 21.514012 -0.405615 1.333734
v 21.528641 -0.434385 1.313565
v 21.564680 -0.454630 1.298656
v 21.492435 0.068850 0.707107
v 21.506969 0.042152 0.684201
v 21.542935 0.023532 0.667147
v 21.464073 0.594142 0.136055
v 21.478479 0.569825 0.110560
v 21.514344 0.553070 0.091478
v 21.428924 1.170370 -0.379590
v 21.443169 1.148688 -0.407442
v 21.478908 1.133999 -0.428372
v 21.386977 1.797691 -0.839956
v 21.401034 1.778822 -0.869873
v 21.436626 1.766337 -0.892421
v 21.338187 2.476716 -1.245378
v 21.352051 2.460540 -1.276902
v 21.387491 2.450164 -1.300710
v 25.125119 3.210469 -8.398483
v 23.047312 22.865280 -1.873937
v 23.070128 24.291305 -6.162490
v 25.147934 4.636494 -12.687035
v 24.629094 3.164033 -8.416562
v 22.551287 22.818844 -1.892017
v 22.574102 24.244870 -6.180570
v 24.651909 4.590059 -12.705115
v 24.133069 3.117598 -8.434642
v 22.055262 22.772409 -1.910097
v 22.078077 24.198434 -6.198649
v 24.155884 4.543623 -12.723195
v 23.637043 3.071162 -8.452721
v 21.559237 22.725973 -1.928176
v 21.582052 24.151998 -6.216729
v 23.659859 4.497187 -12.741274
v 23.141018 3.024726 -8.470801
v 21.063212 22.679537 -1.946256
v 21.086027 24.105563 -6.234809
v 23.163833 4.450752 -12.759354
v 22.644993 2.978291 -8.488881
v 20.567186 22.633102 -1.964335
v 20.590002 24.059127 -6.252888
v 22.667808 4.404316 -12.777433
v 22.148968 2.931855 -8.506960
v 20.071161 22.586666 -1.982415
v 20.093976 24.012692 -6.270968
v 22.171783 4.357881 -12.795513
v 21.652943 2.885419 -8.525040
v 19.575136 22.540231 -2.000495
v 19.597951 23.966256 -6.289047
v 21.675758 4.311445 -12.813593
v 25.189389 4.646439 -12.673501
v 25.219667 4.667465 -12.636329
v 25.226943 4.691362 -12.590034
v 23.163978 24.205781 -6.112093
v 23.149444 24.250542 -6.135596
v 23.113479 24.283317 -6.154909
v 23.141913 22.826665 -1.964611
v 23.127012 22.848485 -1.919125
v 23.090759 22.863283 -1.884377
v 25.204878 3.312245 -8.442552
v 25.197235 3.265408 -8.419857
v 25.166670 3.226406 -8.402969
v 21.632311 4.313442 -12.803153
v 21.596058 4.328240 -12.768405
v 21.581157 4.350060 -12.722919
v 19.518192 23.864480 -6.244978
v 19.525835 23.911317 -6.267673
v 19.556400 23.950319 -6.284561
v 19.496128 22.485363 -2.097496
v 19.503403 22.509259 -2.051201
v 19.533681 22.530286 -2.014029
v 21.559093 2.970943 -8.575437
v 21.573627 2.926183 -8.551934
v 21.609592 2.893408 -8.532621
# 1092 vertices

vn 0.076287 -0.473183 -0.877655
vn 0.076287 -0.473183 -0.877655
vn 0.081574 -0.546989 -0.833156
vn 0.086739 -0.624259 -0.776387
vn 0.091154 -0.696655 -0.711591
vn 0.094690 -0.762098 -0.640501
vn 0.097287 -0.819108 -0.565329
vn 0.099014 -0.868698 -0.485346
vn 0.099870 -0.911143 -0.399806
vn 0.099870 -0.911143 -0.399806
vn 0.099830 -0.944333 -0.313478
vn 0.098937 -0.969446 -0.224468
vn 0.098937 -0.969446 -0.224468
vn 0.097126 -0.986672 -0.130557
vn 0.094475 -0.994846 -0.036825
vn 0.094475 -0.994846 -0.036825
vn 0.090976 -0.994192 0.057488
vn 0.086552 -0.984339 0.153574
vn 0.086552 -0.984339 0.153574
vn 0.081285 -0.965145 0.248774
vn 0.081285 -0.965145 0.248774
vn 0.075331 -0.937238 0.340457
vn 0.068804 -0.901402 0.427481
vn 0.068804 -0.901402 0.427482
vn 0.061515 -0.856580 0.512335
vn 0.053296 -0.801311 0.595869
vn 0.053296 -0.801311 0.595869
vn 0.044317 -0.736291 0.675213
vn 0.034834 -0.663190 0.747639
vn 0.025152 -0.584453 0.811038
vn 0.025152 -0.584453 0.811038
vn 0.015580 -0.502900 0.864204
vn 0.007106 -0.427817 0.903837
vn 0.000516 -0.367601 0.929984
vn 0.000516 -0.367601 0.929984
vn -0.002324 -0.341162 0.940002
vn -0.005048 -0.315528 0.948903
vn -0.099830 0.944333 0.313478
vn 0.005048 0.315528 -0.948903
vn 0.000782 0.355556 -0.934655
vn -0.003830 0.398081 -0.917342
vn -0.013090 0.481117 -0.876558
vn -0.013090 0.481118 -0.876558
vn -0.022256 0.560155 -0.828089
vn -0.022256 0.560155 -0.828089
vn -0.031408 0.635779 -0.771232
vn -0.040643 0.708469 -0.704571
vn -0.040643 0.708469 -0.704571
vn -0.049674 0.775613 -0.629252
vn -0.049674 0.775613 -0.629252
vn -0.058214 0.834921 -0.547282
vn -0.066018 0.884802 -0.461268
vn -0.066018 0.884802 -0.461268
vn -0.073143 0.925752 -0.370989
vn -0.079680 0.958169 -0.274889
vn -0.085464 0.980919 -0.174626
vn -0.085464 0.980919 -0.174626
vn -0.090308 0.993213 -0.073302
vn -0.090308 0.993213 -0.073302
vn -0.094114 0.995223 0.025950
vn -0.096880 0.987984 0.120422
vn -0.098572 0.974545 0.201360
vn -0.099422 0.959742 0.262700
vn -0.099422 0.959742 0.262700
vn -0.099876 0.941139 0.322927
vn -0.099874 0.911534 0.398913
vn -0.099088 0.871356 0.480542
vn -0.097428 0.822632 0.560165
vn -0.097428 0.822632 0.560165
vn -0.094776 0.763823 0.638430
vn -0.091093 0.695594 0.712637
vn -0.086434 0.619518 0.780209
vn -0.081659 0.548205 0.832348
vn -0.077672 0.492107 0.867063
vn -0.073125 0.430933 0.899416
vn -0.073125 0.430933 0.899416
vn -0.066588 0.347070 0.935472
vn -0.058651 0.250247 0.966404
vn -0.058651 0.250247 0.966404
vn -0.050104 0.150810 0.987292
vn -0.050104 0.150810 0.987292
vn -0.041223 0.051846 0.997804
vn -0.041223 0.051846 0.997804
vn -0.032297 -0.043776 0.998519
vn -0.023247 -0.137236 0.990266
vn -0.023247 -0.137236 0.990266
vn -0.014002 -0.229364 0.973240
vn -0.014002 -0.229364 0.973240
vn -0.009361 -0.274388 0.961574
vn 0.009855 0.269634 -0.962913
vn 0.014599 0.223507 -0.974593
vn 0.023927 0.130325 -0.991183
vn 0.033221 0.034039 -0.998868
vn 0.033221 0.034039 -0.998868
vn 0.042566 -0.066564 -0.996874
vn 0.051660 -0.168584 -0.984333
vn 0.060203 -0.268806 -0.961311
vn 0.067046 -0.352815 -0.933288
vn 0.071778 -0.413297 -0.907763
vn 0.994992 0.093147 0.036266
vn 0.994992 0.093147 0.036266
vn 0.994992 0.093147 0.036266
vn 0.994992 0.093147 0.036266
vn 0.994992 0.093147 0.036266
vn 0.994992 0.093147 0.036266
vn 0.994992 0.093147 0.036266
vn 0.994992 0.093147 0.036266
vn 0.994992 0.093147 0.036266
vn 0.994992 0.093147 0.036266
vn 0.994992 0.093147 0.036266
vn 0.994992 0.093147 0.036266
vn 0.286300 -0.383176 -0.878185
vn 0.508185 -0.328316 -0.796214
vn 0.504054 -0.274160 -0.819003
vn 0.281742 -0.324129 -0.903084
vn 0.871072 -0.149022 -0.468002
vn 0.868543 -0.115772 -0.481903
vn 0.972357 -0.032033 -0.231291
vn 0.970990 -0.014282 -0.238692
vn 0.498142 -0.198931 -0.843967
vn 0.275188 -0.242109 -0.930406
vn 0.864927 -0.069588 -0.497050
vn 0.969026 0.010374 -0.246741
vn 0.490508 -0.109253 -0.864561
vn 0.266855 -0.144286 -0.952875
vn 0.860247 -0.014604 -0.509669
vn 0.966527 0.039715 -0.253473
vn 0.482361 -0.017969 -0.875788
vn 0.257974 -0.044710 -0.965117
vn 0.855251 0.041362 -0.516560
vn 0.963863 0.069580 -0.257151
vn 0.473971 0.072046 -0.877588
vn 0.248836 0.053483 -0.967068
vn 0.850106 0.096551 -0.517686
vn 0.961121 0.099031 -0.257757
vn 0.465614 0.158201 -0.870733
vn 0.239740 0.147463 -0.959573
vn 0.844978 0.149380 -0.513515
vn 0.958391 0.127223 -0.255539
vn 0.457275 0.241582 -0.855884
vn 0.230640 0.238415 -0.943379
vn 0.839866 0.200505 -0.504404
vn 0.955662 0.154506 -0.250675
vn 0.450579 0.303482 -0.839570
vn 0.223490 0.305913 -0.925456
vn 0.835734 0.238526 -0.494625
vn 0.953502 0.174815 -0.245506
vn 0.448323 0.323949 -0.833105
vn 0.221082 0.328228 -0.918362
vn 0.834341 0.251105 -0.490735
vn 0.952774 0.181536 -0.243447
vn 0.118709 0.942016 0.313870
vn 0.354456 0.886738 0.296743
vn 0.776752 0.596384 0.202441
vn 0.922034 0.365837 0.126553
vn 0.211227 -0.287757 0.934119
vn 0.439287 -0.240855 0.865457
vn 0.437439 -0.222486 0.871291
vn 0.209168 -0.267738 0.940513
vn 0.828797 -0.095410 0.551355
vn 0.827671 -0.084121 0.554873
vn 0.949815 -0.003425 0.312795
vn 0.949202 0.002604 0.314658
vn 0.431665 -0.163656 0.887064
vn 0.202713 -0.203618 0.957834
vn 0.824161 -0.047975 0.564320
vn 0.947284 0.021905 0.319646
vn 0.423404 -0.081216 0.902293
vn 0.193696 -0.113694 0.974451
vn 0.819096 0.002577 0.573650
vn 0.944580 0.048882 0.324623
vn 0.415296 0.002412 0.909683
vn 0.184857 -0.022471 0.982508
vn 0.814124 0.053855 0.578189
vn 0.941927 0.076247 0.327047
vn 0.407350 0.087979 0.909024
vn 0.176169 0.070864 0.981806
vn 0.809257 0.106321 0.577754
vn 0.939324 0.104244 0.326807
vn 0.399431 0.176533 0.899606
vn 0.167516 0.167460 0.971543
vn 0.804404 0.160614 0.571959
vn 0.936731 0.133216 0.323710
vn 0.391793 0.265507 0.880911
vn 0.159178 0.264516 0.951154
vn 0.799723 0.215164 0.560489
vn 0.934232 0.162325 0.317588
vn 0.384681 0.352143 0.853239
vn 0.151426 0.359021 0.920964
vn 0.795361 0.268284 0.543530
vn 0.931906 0.190671 0.308539
vn 0.378665 0.427202 0.821043
vn 0.144951 0.440876 0.885786
vn 0.791648 0.314356 0.523902
vn 0.929946 0.215271 0.298092
vn 0.374438 0.481967 0.792152
vn 0.140423 0.500588 0.854221
vn 0.789033 0.347997 0.506285
vn 0.928571 0.233240 0.288714
vn 0.370981 0.532153 0.761043
vn 0.136594 0.555344 0.820326
vn 0.786929 0.378737 0.487135
vn 0.927433 0.249635 0.278477
vn 0.366927 0.595924 0.714310
vn 0.132057 0.624946 0.769418
vn 0.784476 0.417749 0.458348
vn 0.926097 0.270430 0.263084
vn 0.362759 0.663995 0.653848
vn 0.127510 0.699200 0.703463
vn 0.781921 0.459484 0.421278
vn 0.924733 0.292700 0.243302
vn 0.359444 0.725050 0.587454
vn 0.123905 0.765796 0.631034
vn 0.779886 0.496928 0.380579
vn 0.923649 0.312684 0.221586
vn 0.357035 0.777683 0.517431
vn 0.121296 0.823199 0.554644
vn 0.778403 0.529220 0.337660
vn 0.922863 0.329922 0.198687
vn 0.355505 0.821297 0.446193
vn 0.119650 0.870760 0.476929
vn 0.777457 0.555992 0.293996
vn 0.922363 0.344216 0.175390
vn 0.354806 0.857247 0.373148
vn 0.118886 0.909976 0.397253
vn 0.777029 0.578034 0.249204
vn 0.922135 0.355978 0.151486
vn 0.354656 0.883793 0.305171
vn 0.118800 0.938883 0.323088
vn 0.776914 0.594412 0.207556
vn 0.922091 0.364743 0.129269
vn 0.354958 0.900478 0.251284
vn 0.119185 0.957047 0.264303
vn 0.777083 0.604718 0.174525
vn 0.922194 0.370262 0.111645
vn 0.355824 0.913687 0.196382
vn 0.120073 0.971489 0.204429
vn 0.777630 0.612746 0.140833
vn 0.922473 0.374528 0.093659
vn 0.357492 0.925655 0.123946
vn 0.121812 0.984596 0.125427
vn 0.778678 0.619975 0.096394
vn 0.923013 0.378358 0.069938
vn 0.360014 0.932114 0.039411
vn 0.124538 0.991659 0.033216
vn 0.780232 0.623902 0.044558
vn 0.923837 0.380446 0.042275
vn 0.363455 0.930301 -0.049397
vn 0.128273 0.989694 -0.063659
vn 0.782346 0.622765 -0.009893
vn 0.924961 0.379832 0.013218
vn 0.367807 0.919294 -0.140057
vn 0.133011 0.977693 -0.162556
vn 0.785018 0.616003 -0.065476
vn 0.926384 0.376221 -0.016442
vn 0.372980 0.898939 -0.229771
vn 0.138655 0.955488 -0.260419
vn 0.788189 0.603525 -0.120481
vn 0.928077 0.369563 -0.045794
vn 0.378807 0.869942 -0.315764
vn 0.145023 0.923849 -0.354219
vn 0.791758 0.585762 -0.173210
vn 0.929984 0.360088 -0.073933
vn 0.385162 0.833306 -0.396549
vn 0.151966 0.883880 -0.442338
vn 0.795652 0.563312 -0.222748
vn 0.932065 0.348111 -0.100370
vn 0.392172 0.788665 -0.473507
vn 0.159598 0.835192 -0.526291
vn 0.799953 0.535925 -0.269924
vn 0.934356 0.333493 -0.125542
vn 0.399820 0.735594 -0.546850
vn 0.167938 0.777303 -0.606297
vn 0.804644 0.503382 -0.314888
vn 0.936858 0.316126 -0.149535
vn 0.407889 0.675519 -0.614248
vn 0.176746 0.711767 -0.679815
vn 0.809590 0.466555 -0.356218
vn 0.939499 0.296475 -0.171591
vn 0.416124 0.610482 -0.673908
vn 0.185743 0.640818 -0.744884
vn 0.814635 0.426694 -0.392813
vn 0.942196 0.275208 -0.191123
vn 0.424272 0.542822 -0.724802
vn 0.194652 0.567006 -0.800384
vn 0.819627 0.385225 -0.424045
vn 0.944865 0.253083 -0.207795
vn 0.432482 0.472096 -0.768170
vn 0.203604 0.489860 -0.847693
vn 0.824662 0.341854 -0.450631
vn 0.947551 0.229937 -0.221982
vn 0.440756 0.397795 -0.804670
vn 0.212635 0.408810 -0.887502
vn 0.829734 0.296297 -0.473021
vn 0.950260 0.205627 -0.233932
vn 0.446495 0.341924 -0.826879
vn 0.219047 0.347840 -0.911606
vn 0.833227 0.262113 -0.486857
vn 0.952167 0.187406 -0.241364
vn 0.448323 0.323949 -0.833105
vn 0.221082 0.328228 -0.918362
vn 0.952774 0.181536 -0.243447
vn 0.118709 0.942016 0.313870
vn 0.354456 0.886738 0.296743
vn 0.776752 0.596384 0.202441
vn 0.922034 0.365837 0.126553
vn 0.211227 -0.287757 0.934119
vn 0.440539 -0.252345 0.861538
vn 0.212575 -0.300295 0.929858
vn 0.828797 -0.095410 0.551355
vn 0.829568 -0.102450 0.548926
vn 0.949815 -0.003425 0.312795
vn 0.950221 -0.007181 0.311493
vn 0.444411 -0.287421 0.848462
vn 0.216742 -0.338571 0.915638
vn 0.831954 -0.123936 0.540826
vn 0.951478 -0.018644 0.307150
vn 0.450416 -0.341278 0.825018
vn 0.223236 -0.397337 0.890106
vn 0.835646 -0.156936 0.526371
vn 0.953433 -0.036250 0.299417
vn 0.458152 -0.408415 0.789490
vn 0.231597 -0.470605 0.851407
vn 0.840403 -0.198049 0.504479
vn 0.955949 -0.058180 0.287709
vn 0.466757 -0.481373 0.741901
vn 0.240963 -0.550201 0.799510
vn 0.845683 -0.242766 0.475274
vn 0.958760 -0.082040 0.272118
vn 0.475446 -0.551817 0.685164
vn 0.250428 -0.627050 0.737627
vn 0.851012 -0.285943 0.440472
vn 0.961600 -0.105078 0.253543
vn 0.483938 -0.617222 0.620356
vn 0.259688 -0.698399 0.666934
vn 0.856218 -0.326040 0.400735
vn 0.964377 -0.126473 0.232337
vn 0.491959 -0.675407 0.549365
vn 0.268444 -0.761865 0.589490
vn 0.861135 -0.361722 0.357216
vn 0.967003 -0.145516 0.209116
vn 0.499283 -0.724877 0.474627
vn 0.276449 -0.815816 0.507958
vn 0.865624 -0.392073 0.311405
vn 0.969404 -0.161716 0.184674
vn 0.505763 -0.765007 0.398708
vn 0.283538 -0.859572 0.425137
vn 0.869596 -0.416709 0.264871
vn 0.971530 -0.174869 0.159845
vn 0.511613 -0.797067 0.320836
vn 0.289915 -0.894548 0.340195
vn 0.873184 -0.436360 0.217119
vn 0.973443 -0.185354 0.134361
vn 0.516959 -0.822028 0.238795
vn 0.295737 -0.921784 0.250706
vn 0.876462 -0.451652 0.166810
vn 0.975189 -0.193512 0.107514
vn 0.521674 -0.839202 0.153610
vn 0.300879 -0.940519 0.157786
vn 0.879353 -0.462179 0.114579
vn 0.976732 -0.199129 0.079641
vn 0.525621 -0.848026 0.067632
vn 0.305191 -0.950138 0.064000
vn 0.881773 -0.467600 0.061862
vn 0.978025 -0.202024 0.051509
vn 0.528727 -0.848627 -0.016761
vn 0.308591 -0.950781 -0.028057
vn 0.883677 -0.467988 0.010114
vn 0.979045 -0.202235 0.023894
vn 0.531120 -0.841299 -0.100632
vn 0.311191 -0.942799 -0.119545
vn 0.885145 -0.463478 -0.041312
vn 0.979825 -0.199825 -0.003549
vn 0.532741 -0.825885 -0.184665
vn 0.312959 -0.925985 -0.211208
vn 0.886139 -0.454026 -0.092837
vn 0.980355 -0.194781 -0.031045
vn 0.533492 -0.803443 -0.264322
vn 0.313802 -0.901482 -0.298091
vn 0.886599 -0.440302 -0.141692
vn 0.980609 -0.187465 -0.057119
vn 0.533576 -0.773715 -0.341559
vn 0.313869 -0.869077 -0.382349
vn 0.886650 -0.422037 -0.189039
vn 0.980628 -0.177710 -0.082383
vn 0.532809 -0.735735 -0.418101
vn 0.313033 -0.827648 -0.465842
vn 0.886180 -0.398750 -0.235972
vn 0.980378 -0.165283 -0.107428
vn 0.531243 -0.691373 -0.489679
vn 0.311335 -0.779249 -0.543913
vn 0.885219 -0.371563 -0.279870
vn 0.979869 -0.150778 -0.130856
vn 0.528944 -0.640346 -0.556934
vn 0.308815 -0.723599 -0.617283
vn 0.883810 -0.340258 -0.321097
vn 0.979112 -0.134069 -0.152854
vn 0.525793 -0.581782 -0.620542
vn 0.305372 -0.659721 -0.686670
vn 0.881878 -0.304342 -0.360092
vn 0.978079 -0.114901 -0.173662
vn 0.521839 -0.517003 -0.678522
vn 0.301060 -0.589058 -0.749915
vn 0.879454 -0.264625 -0.395644
vn 0.976786 -0.093707 -0.192635
vn 0.517200 -0.447868 -0.729327
vn 0.296009 -0.513640 -0.805328
vn 0.876609 -0.222242 -0.426807
vn 0.975271 -0.071091 -0.209267
vn 0.512341 -0.381869 -0.769209
vn 0.290772 -0.441615 -0.848780
vn 0.873626 -0.181823 -0.451352
vn 0.973700 -0.049531 -0.222385
vn -0.994992 -0.093147 -0.036266
vn -0.994992 -0.093147 -0.036266
vn -0.994992 -0.093147 -0.036266
vn -0.994992 -0.093147 -0.036266
vn -0.994992 -0.093147 -0.036266
vn -0.994992 -0.093147 -0.036266
vn -0.994992 -0.093147 -0.036266
vn -0.994992 -0.093147 -0.036266
vn -0.994992 -0.093147 -0.036266
vn -0.994992 -0.093147 -0.036266
vn -0.994992 -0.093147 -0.036266
vn -0.994992 -0.093147 -0.036266
vn -0.994992 -0.093147 -0.036266
vn -0.150857 -0.364627 -0.918852
vn -0.384056 -0.357301 -0.851373
vn -0.379710 -0.411437 -0.828577
vn -0.146175 -0.423662 -0.893948
vn -0.794948 -0.271501 -0.542535
vn -0.792267 -0.304736 -0.528629
vn -0.931713 -0.192404 -0.308044
vn -0.930297 -0.210151 -0.300640
vn -0.157665 -0.282631 -0.946183
vn -0.390405 -0.282113 -0.876354
vn -0.798872 -0.225345 -0.557694
vn -0.933778 -0.167757 -0.316096
vn -0.166009 -0.184809 -0.968652
vn -0.398060 -0.192436 -0.896948
vn -0.803567 -0.170362 -0.570313
vn -0.936281 -0.138417 -0.322828
vn -0.174879 -0.085231 -0.980894
vn -0.406186 -0.101151 -0.908175
vn -0.808548 -0.114396 -0.577204
vn -0.938941 -0.108552 -0.326507
vn -0.183984 0.012965 -0.982844
vn -0.414519 -0.011131 -0.909972
vn -0.813653 -0.059202 -0.578328
vn -0.941669 -0.079100 -0.327112
vn -0.193031 0.106949 -0.975347
vn -0.422793 0.075032 -0.903115
vn -0.818722 -0.006368 -0.574155
vn -0.944380 -0.050906 -0.324893
vn -0.202141 0.197900 -0.959153
vn -0.431148 0.158411 -0.888266
vn -0.823846 0.044756 -0.565044
vn -0.947113 -0.023624 -0.320029
vn -0.208939 0.265432 -0.941218
vn -0.437238 0.220368 -0.871930
vn -0.827550 0.082816 -0.555250
vn -0.949134 -0.003301 -0.314856
vn -0.211227 0.287757 -0.934119
vn -0.439287 0.240855 -0.865457
vn -0.828797 0.095410 -0.551355
vn -0.949815 0.003425 -0.312795
vn -0.313601 0.901545 0.298113
vn -0.533154 0.803644 0.264391
vn -0.886386 0.440688 0.141822
vn -0.980554 0.187726 0.057206
vn -0.223237 -0.308218 0.924752
vn -0.450338 -0.305596 0.838932
vn -0.448323 -0.323949 0.833105
vn -0.221082 -0.328228 0.918362
vn -0.835584 -0.239827 0.494249
vn -0.834341 -0.251105 0.490735
vn -0.953425 -0.175511 0.245309
vn -0.952774 -0.181536 0.243447
vn -0.230046 -0.244131 0.942061
vn -0.456723 -0.246823 0.854683
vn -0.839525 -0.203722 0.503681
vn -0.955483 -0.156223 0.250292
vn -0.239077 -0.154208 0.958677
vn -0.465007 -0.164385 0.869912
vn -0.844606 -0.153171 0.513010
vn -0.958193 -0.129246 0.255269
vn -0.247905 -0.062985 0.966735
vn -0.473095 -0.080755 0.877302
vn -0.849565 -0.101892 0.517549
vn -0.960841 -0.101882 0.257693
vn -0.256640 0.030346 0.966031
vn -0.481122 0.004805 0.876641
vn -0.854489 -0.049431 0.517112
vn -0.963462 -0.073886 0.257453
vn -0.265324 0.126939 0.955766
vn -0.489095 0.093353 0.867220
vn -0.859379 0.004858 0.511316
vn -0.966067 -0.044916 0.254355
vn -0.273673 0.223995 0.935377
vn -0.496753 0.182325 0.848525
vn -0.864075 0.059407 0.499846
vn -0.968572 -0.015807 0.248233
vn -0.281414 0.318501 0.905187
vn -0.503845 0.268963 0.820853
vn -0.868423 0.112528 0.482887
vn -0.970893 0.012540 0.239184
vn -0.287702 0.400373 0.870017
vn -0.509538 0.344052 0.788669
vn -0.871908 0.158622 0.463267
vn -0.972779 0.037147 0.228740
vn -0.292054 0.460101 0.838458
vn -0.513462 0.398846 0.759789
vn -0.874309 0.192283 0.445658
vn -0.974085 0.055122 0.219364
vn -0.296006 0.514846 0.804558
vn -0.517131 0.449012 0.728673
vn -0.876563 0.223008 0.426503
vn -0.975270 0.071513 0.209126
vn -0.300787 0.584425 0.753641
vn -0.521606 0.512744 0.681924
vn -0.879313 0.261993 0.397705
vn -0.976704 0.092298 0.193729
vn -0.305334 0.658679 0.687687
vn -0.525776 0.580814 0.621462
vn -0.881869 0.303727 0.360634
vn -0.978068 0.114569 0.173947
vn -0.308919 0.725277 0.615258
vn -0.529053 0.641873 0.555069
vn -0.883878 0.341174 0.319937
vn -0.979143 0.134554 0.152231
vn -0.311489 0.782684 0.538870
vn -0.531395 0.694512 0.485049
vn -0.885313 0.373471 0.277020
vn -0.979914 0.151792 0.129333
vn -0.313083 0.830249 0.461156
vn -0.532838 0.738134 0.413813
vn -0.886197 0.400248 0.233358
vn -0.980393 0.166088 0.106036
vn -0.313853 0.869465 0.381480
vn -0.533545 0.774084 0.340769
vn -0.886631 0.422289 0.188565
vn -0.980624 0.177850 0.082132
vn -0.313775 0.898387 0.307321
vn -0.533413 0.800656 0.272802
vn -0.886548 0.438686 0.146924
vn -0.980603 0.186622 0.059917
vn -0.313276 0.916562 0.248540
vn -0.532913 0.817360 0.218922
vn -0.886240 0.449005 0.113899
vn -0.980455 0.192145 0.042296
vn -0.312503 0.930993 0.188662
vn -0.532247 0.830550 0.164012
vn -0.885833 0.457020 0.080202
vn -0.980221 0.196406 0.024308
vn -0.310935 0.944085 0.109653
vn -0.530873 0.842490 0.091566
vn -0.884993 0.464230 0.035755
vn -0.979749 0.200231 0.000584
vn -0.308261 0.951142 0.017441
vn -0.528441 0.848941 0.007028
vn -0.883502 0.468151 -0.016083
vn -0.978946 0.202316 -0.027080
vn -0.304565 0.949173 -0.079436
vn -0.525068 0.847122 -0.081783
vn -0.881435 0.467009 -0.070536
vn -0.977837 0.201701 -0.056137
vn -0.299847 0.937171 -0.178333
vn -0.520750 0.836112 -0.172444
vn -0.878788 0.460246 -0.126120
vn -0.976422 0.198089 -0.085798
vn -0.294199 0.914966 -0.276196
vn -0.515572 0.815757 -0.262158
vn -0.875613 0.447768 -0.181125
vn -0.974728 0.191431 -0.115149
vn -0.287806 0.883329 -0.369996
vn -0.509701 0.786764 -0.348149
vn -0.872013 0.430008 -0.233853
vn -0.972810 0.181957 -0.143288
vn -0.280842 0.843362 -0.458113
vn -0.503309 0.750131 -0.428933
vn -0.868093 0.407560 -0.283390
vn -0.970722 0.169981 -0.169724
vn -0.273238 0.794672 -0.542068
vn -0.496349 0.705486 -0.505893
vn -0.863827 0.380170 -0.330567
vn -0.968441 0.155361 -0.194897
vn -0.264907 0.736782 -0.622074
vn -0.488715 0.652414 -0.579236
vn -0.859146 0.347626 -0.375532
vn -0.965942 0.137994 -0.218890
vn -0.256086 0.671248 -0.695591
vn -0.480623 0.592340 -0.646634
vn -0.854184 0.310800 -0.416860
vn -0.963296 0.118344 -0.240946
vn -0.247056 0.600302 -0.760659
vn -0.472332 0.527309 -0.706291
vn -0.849099 0.270942 -0.453455
vn -0.960587 0.097078 -0.260478
vn -0.238100 0.526494 -0.816158
vn -0.464102 0.459657 -0.757182
vn -0.844050 0.229479 -0.484684
vn -0.957899 0.074955 -0.277149
vn -0.229158 0.449346 -0.863467
vn -0.455909 0.388929 -0.800551
vn -0.839027 0.186107 -0.511271
vn -0.955217 0.051809 -0.291336
vn -0.220113 0.368299 -0.903275
vn -0.447611 0.314630 -0.837050
vn -0.833938 0.140552 -0.533660
vn -0.952503 0.027499 -0.303286
vn -0.213356 0.307360 -0.927367
vn -0.441277 0.258815 -0.859238
vn -0.830026 0.106407 -0.547481
vn -0.950459 0.009291 -0.310713
vn -0.211227 0.287757 -0.934119
vn -0.313601 0.901545 0.298113
vn -0.533154 0.803644 0.264391
vn -0.886386 0.440688 0.141822
vn -0.980554 0.187726 0.057206
vn -0.219772 -0.340769 0.914099
vn -0.447138 -0.335445 0.829183
vn -0.448323 -0.323949 0.833105
vn -0.221082 -0.328228 0.918362
vn -0.833617 -0.258150 0.488305
vn -0.834341 -0.251105 0.490735
vn -0.952382 -0.185294 0.242145
vn -0.952774 -0.181536 0.243447
vn -0.215734 -0.379058 0.899874
vn -0.443487 -0.370542 0.816100
vn -0.831387 -0.279651 0.480199
vn -0.951176 -0.196762 0.237800
vn -0.209364 -0.437835 0.874338
vn -0.437697 -0.424419 0.792647
vn -0.827846 -0.312664 0.465738
vn -0.949270 -0.214372 0.230066
vn -0.201183 -0.511120 0.835632
vn -0.430270 -0.491585 0.757108
vn -0.823307 -0.353798 0.443838
vn -0.946826 -0.236309 0.218355
vn -0.191863 -0.590720 0.783733
vn -0.421745 -0.564551 0.709516
vn -0.818084 -0.398520 0.414631
vn -0.944033 -0.260171 0.202763
vn -0.182428 -0.667572 0.721850
vn -0.413108 -0.634999 0.652777
vn -0.812792 -0.441701 0.379828
vn -0.941205 -0.283210 0.184188
vn -0.173176 -0.738922 0.651156
vn -0.404630 -0.700405 0.587969
vn -0.807595 -0.481798 0.340090
vn -0.938431 -0.304606 0.162982
vn -0.164404 -0.802387 0.573714
vn -0.396582 -0.758588 0.516979
vn -0.802659 -0.517479 0.296572
vn -0.935799 -0.323647 0.139761
vn -0.156364 -0.856333 0.492182
vn -0.389196 -0.808052 0.442243
vn -0.798126 -0.547826 0.250763
vn -0.933384 -0.339846 0.115319
vn -0.149224 -0.900085 0.409364
vn -0.382629 -0.848174 0.366328
vn -0.794093 -0.572456 0.204231
vn -0.931238 -0.352997 0.090491
vn -0.142859 -0.935063 0.324421
vn -0.376799 -0.880237 0.288454
vn -0.790520 -0.592108 0.156478
vn -0.929330 -0.363483 0.065007
vn -0.137058 -0.962300 0.234932
vn -0.371490 -0.905201 0.206412
vn -0.787268 -0.607402 0.106169
vn -0.927592 -0.371641 0.038159
vn -0.131919 -0.981035 0.142011
vn -0.366781 -0.922375 0.121227
vn -0.784381 -0.617930 0.053937
vn -0.926051 -0.377259 0.010286
vn -0.127593 -0.990654 0.048225
vn -0.362808 -0.931197 0.035250
vn -0.781943 -0.623349 0.001221
vn -0.924751 -0.380153 -0.017845
vn -0.124162 -0.991293 -0.043830
vn -0.359650 -0.931792 -0.049142
vn -0.780002 -0.623734 -0.050525
vn -0.923719 -0.380364 -0.045460
vn -0.121588 -0.983313 -0.135319
vn -0.357301 -0.924469 -0.133014
vn -0.778565 -0.619227 -0.101952
vn -0.922949 -0.377954 -0.072903
vn -0.119821 -0.966500 -0.226983
vn -0.355682 -0.909055 -0.217047
vn -0.777572 -0.609775 -0.153478
vn -0.922420 -0.372910 -0.100399
vn -0.118919 -0.941992 -0.313863
vn -0.354829 -0.886603 -0.296700
vn -0.777041 -0.596045 -0.202330
vn -0.922143 -0.365592 -0.126472
vn -0.118911 -0.909592 -0.398124
vn -0.354847 -0.856885 -0.373941
vn -0.777061 -0.577786 -0.249679
vn -0.922147 -0.355839 -0.151737
vn -0.119745 -0.868163 -0.481616
vn -0.355612 -0.818905 -0.450483
vn -0.777529 -0.554499 -0.296613
vn -0.922397 -0.343412 -0.176782
vn -0.121418 -0.819761 -0.559686
vn -0.357134 -0.774538 -0.522059
vn -0.778459 -0.527309 -0.340510
vn -0.922896 -0.328906 -0.200210
vn -0.123969 -0.764114 -0.633057
vn -0.359486 -0.723517 -0.589316
vn -0.779905 -0.496008 -0.381738
vn -0.923664 -0.312198 -0.222209
vn -0.127427 -0.700238 -0.702446
vn -0.362662 -0.664955 -0.652925
vn -0.781855 -0.460093 -0.420733
vn -0.924703 -0.293031 -0.243016
vn -0.131735 -0.629575 -0.765690
vn -0.366610 -0.600176 -0.710905
vn -0.784275 -0.420375 -0.456286
vn -0.925995 -0.271836 -0.261989
vn -0.136765 -0.554154 -0.821102
vn -0.371213 -0.531037 -0.761709
vn -0.787095 -0.377991 -0.487448
vn -0.927502 -0.249220 -0.278621
vn -0.141848 -0.482115 -0.864548
vn -0.375806 -0.465013 -0.801581
vn -0.789891 -0.337554 -0.511985
vn -0.929012 -0.227654 -0.291737
vn -0.005048 -0.315528 0.948903
vn 0.005048 0.315528 -0.948903
vn 0.099830 -0.944333 -0.313478
vn 0.221082 0.328228 -0.918362
vn 0.448323 0.323949 -0.833105
vn 0.834341 0.251105 -0.490735
vn 0.952774 0.181536 -0.243447
vn 0.211227 -0.287757 0.934119
vn 0.439287 -0.240855 0.865457
vn 0.828797 -0.095410 0.551355
vn 0.949815 -0.003425 0.312795
vn 0.313601 -0.901545 -0.298113
vn 0.533154 -0.803644 -0.264391
vn 0.886386 -0.440688 -0.141822
vn 0.980554 -0.187726 -0.057206
vn -0.211227 0.287757 -0.934119
vn -0.828797 0.095410 -0.551355
vn -0.949815 0.003425 -0.312795
vn -0.221082 -0.328228 0.918362
vn -0.834341 -0.251105 0.490735
vn -0.952774 -0.181536 0.243447
vn -0.118709 -0.942016 -0.313870
vn -0.354456 -0.886738 -0.296743
vn -0.776752 -0.596384 -0.202441
vn -0.922034 -0.365837 -0.126553
# 752 normals

vt 0.000000 1.000000 0.000000
vt 0.000000 0.857143 0.000000
vt 0.007947 0.857143 0.000000
vt 0.007947 1.000000 0.000000
vt 0.015770 0.857143 0.000000
vt 0.015770 1.000000 0.000000
vt 0.023543 0.857143 0.000000
vt 0.023543 1.000000 0.000000
vt 0.031339 0.857143 0.000000
vt 0.031339 1.000000 0.000000
vt 0.039231 0.857143 0.000000
vt 0.039231 1.000000 0.000000
vt 0.047291 0.857143 0.000000
vt 0.047291 1.000000 0.000000
vt 0.056991 0.857143 0.000000
vt 0.056991 1.000000 0.000000
vt 0.067105 0.857143 0.000000
vt 0.067105 1.000000 0.000000
vt 0.077219 0.857143 0.000000
vt 0.077219 1.000000 0.000000
vt 0.086920 0.857143 0.000000
vt 0.086920 1.000000 0.000000
vt 0.094979 0.857143 0.000000
vt 0.094979 1.000000 0.000000
vt 0.102871 0.857143 0.000000
vt 0.102871 1.000000 0.000000
vt 0.110667 0.857143 0.000000
vt 0.110667 1.000000 0.000000
vt 0.118440 0.857143 0.000000
vt 0.118440 1.000000 0.000000
vt 0.126264 0.857143 0.000000
vt 0.126264 1.000000 0.000000
vt 0.134210 0.857143 0.000000
vt 0.134210 1.000000 0.000000
vt 0.142130 0.857143 0.000000
vt 0.142130 1.000000 0.000000
vt 0.149876 0.857143 0.000000
vt 0.149876 1.000000 0.000000
vt 0.157526 0.857143 0.000000
vt 0.157526 1.000000 0.000000
vt 0.165162 0.857143 0.000000
vt 0.165162 1.000000 0.000000
vt 0.172867 0.857143 0.000000
vt 0.172867 1.000000 0.000000
vt 0.180720 0.857143 0.000000
vt 0.180720 1.000000 0.000000
vt 0.188796 0.857143 0.000000
vt 0.188796 1.000000 0.000000
vt 0.194340 0.857143 0.000000
vt 0.194340 1.000000 0.000000
vt 0.200033 0.857143 0.000000
vt 0.200033 1.000000 0.000000
vt 0.329300 0.857143 0.000000
vt 0.329300 1.000000 0.000000
vt 0.374262 0.857143 0.000000
vt 0.374262 1.000000 0.000000
vt 0.501459 0.857143 0.000000
vt 0.501459 1.000000 0.000000
vt 0.506620 0.857143 0.000000
vt 0.506620 1.000000 0.000000
vt 0.511530 0.857143 0.000000
vt 0.511530 1.000000 0.000000
vt 0.515576 0.857143 0.000000
vt 0.515576 1.000000 0.000000
vt 0.519504 0.857143 0.000000
vt 0.519504 1.000000 0.000000
vt 0.523351 0.857143 0.000000
vt 0.523351 1.000000 0.000000
vt 0.527154 0.857143 0.000000
vt 0.527154 1.000000 0.000000
vt 0.530953 0.857143 0.000000
vt 0.530953 1.000000 0.000000
vt 0.534787 0.857143 0.000000
vt 0.534787 1.000000 0.000000
vt 0.538606 0.857143 0.000000
vt 0.538606 1.000000 0.000000
vt 0.542362 0.857143 0.000000
vt 0.542362 1.000000 0.000000
vt 0.546093 0.857143 0.000000
vt 0.546093 1.000000 0.000000
vt 0.549838 0.857143 0.000000
vt 0.549838 1.000000 0.000000
vt 0.553637 0.857143 0.000000
vt 0.553637 1.000000 0.000000
vt 0.557528 0.857143 0.000000
vt 0.557528 1.000000 0.000000
vt 0.561546 0.857143 0.000000
vt 0.561546 1.000000 0.000000
vt 0.564311 0.857143 0.000000
vt 0.564311 1.000000 0.000000
vt 0.567156 0.857143 0.000000
vt 0.567156 1.000000 0.000000
vt 0.572083 0.857143 0.000000
vt 0.572083 1.000000 0.000000
vt 0.576132 0.857143 0.000000
vt 0.576132 1.000000 0.000000
vt 0.580053 0.857143 0.000000
vt 0.580053 1.000000 0.000000
vt 0.583880 0.857143 0.000000
vt 0.583880 1.000000 0.000000
vt 0.587650 0.857143 0.000000
vt 0.587650 1.000000 0.000000
vt 0.591401 0.857143 0.000000
vt 0.591401 1.000000 0.000000
vt 0.595172 0.857143 0.000000
vt 0.595172 1.000000 0.000000
vt 0.597078 0.857143 0.000000
vt 0.597078 1.000000 0.000000
vt 0.599651 0.857143 0.000000
vt 0.599651 1.000000 0.000000
vt 0.603507 0.857143 0.000000
vt 0.603507 1.000000 0.000000
vt 0.607323 0.857143 0.000000
vt 0.607323 1.000000 0.000000
vt 0.611138 0.857143 0.000000
vt 0.611138 1.000000 0.000000
vt 0.614993 0.857143 0.000000
vt 0.614993 1.000000 0.000000
vt 0.618927 0.857143 0.000000
vt 0.618927 1.000000 0.000000
vt 0.622975 0.857143 0.000000
vt 0.622975 1.000000 0.000000
vt 0.627887 0.857143 0.000000
vt 0.627887 1.000000 0.000000
vt 0.633048 0.857143 0.000000
vt 0.633048 1.000000 0.000000
vt 0.760244 0.857143 0.000000
vt 0.760244 1.000000 0.000000
vt 0.804911 0.857143 0.000000
vt 0.804911 1.000000 0.000000
vt 0.934178 0.857143 0.000000
vt 0.934178 1.000000 0.000000
vt 0.944040 0.857143 0.000000
vt 0.944040 1.000000 0.000000
vt 0.952160 0.857143 0.000000
vt 0.952160 1.000000 0.000000
vt 0.960045 0.857143 0.000000
vt 0.960045 1.000000 0.000000
vt 0.967769 0.857143 0.000000
vt 0.967769 1.000000 0.000000
vt 0.975411 0.857143 0.000000
vt 0.975411 1.000000 0.000000
vt 0.983053 0.857143 0.000000
vt 0.983053 1.000000 0.000000
vt 0.990777 0.857143 0.000000
vt 0.990777 1.000000 0.000000
vt 0.994696 0.857143 0.000000
vt 0.994696 1.000000 0.000000
vt 1.000000 0.857143 0.000000
vt 1.000000 1.000000 0.000000
vt 0.000000 0.714286 0.000000
vt 0.007947 0.714286 0.000000
vt 0.015770 0.714286 0.000000
vt 0.023543 0.714286 0.000000
vt 0.031339 0.714286 0.000000
vt 0.039231 0.714286 0.000000
vt 0.047291 0.714286 0.000000
vt 0.056991 0.714286 0.000000
vt 0.067105 0.714286 0.000000
vt 0.077219 0.714286 0.000000
vt 0.086920 0.714286 0.000000
vt 0.094979 0.714286 0.000000
vt 0.102871 0.714286 0.000000
vt 0.110667 0.714286 0.000000
vt 0.118440 0.714286 0.000000
vt 0.126264 0.714286 0.000000
vt 0.134210 0.714286 0.000000
vt 0.142130 0.714286 0.000000
vt 0.149876 0.714286 0.000000
vt 0.157526 0.714286 0.000000
vt 0.165162 0.714286 0.000000
vt 0.172867 0.714286 0.000000
vt 0.180720 0.714286 0.000000
vt 0.188796 0.714286 0.000000
vt 0.194340 0.714286 0.000000
vt 0.200033 0.714286 0.000000
vt 0.329300 0.714286 0.000000
vt 0.374262 0.714286 0.000000
vt 0.501459 0.714286 0.000000
vt 0.506620 0.714286 0.000000
vt 0.511530 0.714286 0.000000
vt 0.515576 0.714286 0.000000
vt 0.519504 0.714286 0.000000
vt 0.523351 0.714286 0.000000
vt 0.527154 0.714286 0.000000
vt 0.530953 0.714286 0.000000
vt 0.534787 0.714286 0.000000
vt 0.538606 0.714286 0.000000
vt 0.542362 0.714286 0.000000
vt 0.546093 0.714286 0.000000
vt 0.549838 0.714286 0.000000
vt 0.553637 0.714286 0.000000
vt 0.557528 0.714286 0.000000
vt 0.561546 0.714286 0.000000
vt 0.564311 0.714286 0.000000
vt 0.567156 0.714286 0.000000
vt 0.572083 0.714286 0.000000
vt 0.576132 0.714286 0.000000
vt 0.580053 0.714286 0.000000
vt 0.583880 0.714286 0.000000
vt 0.587650 0.714286 0.000000
vt 0.591401 0.714286 0.000000
vt 0.595172 0.714286 0.000000
vt 0.597078 0.714286 0.000000
vt 0.599651 0.714286 0.000000
vt 0.603507 0.714286 0.000000
vt 0.607323 0.714286 0.000000
vt 0.611138 0.714286 0.000000
vt 0.614993 0.714286 0.000000
vt 0.618927 0.714286 0.000000
vt 0.622975 0.714286 0.000000
vt 0.627887 0.714286 0.000000
vt 0.633048 0.714286 0.000000
vt 0.760244 0.714286 0.000000
vt 0.804911 0.714286 0.000000
vt 0.934178 0.714286 0.000000
vt 0.944040 0.714286 0.000000
vt 0.952160 0.714286 0.000000
vt 0.960045 0.714286 0.000000
vt 0.967769 0.714286 0.000000
vt 0.975411 0.714286 0.000000
vt 0.983053 0.714286 0.000000
vt 0.990777 0.714286 0.000000
vt 0.994696 0.714286 0.000000
vt 1.000000 0.714286 0.000000
vt 0.000000 0.571429 0.000000
vt 0.007947 0.571429 0.000000
vt 0.015770 0.571429 0.000000
vt 0.023543 0.571429 0.000000
vt 0.031339 0.571429 0.000000
vt 0.039231 0.571429 0.000000
vt 0.047291 0.571429 0.000000
vt 0.056991 0.571429 0.000000
vt 0.067105 0.571429 0.000000
vt 0.077219 0.571429 0.000000
vt 0.086920 0.571429 0.000000
vt 0.094979 0.571429 0.000000
vt 0.102871 0.571429 0.000000
vt 0.110667 0.571429 0.000000
vt 0.118440 0.571429 0.000000
vt 0.126264 0.571429 0.000000
vt 0.134210 0.571429 0.000000
vt 0.142130 0.571429 0.000000
vt 0.149876 0.571429 0.000000
vt 0.157526 0.571429 0.000000
vt 0.165162 0.571429 0.000000
vt 0.172867 0.571429 0.000000
vt 0.180720 0.571429 0.000000
vt 0.188796 0.571429 0.000000
vt 0.194340 0.571429 0.000000
vt 0.200033 0.571429 0.000000
vt 0.329300 0.571429 0.000000
vt 0.374262 0.571429 0.000000
vt 0.501459 0.571429 0.000000
vt 0.506620 0.571429 0.000000
vt 0.511530 0.571429 0.000000
vt 0.515576 0.571429 0.000000
vt 0.519504 0.571429 0.000000
vt 0.523351 0.571429 0.000000
vt 0.527154 0.571429 0.000000
vt 0.530953 0.571429 0.000000
vt 0.534787 0.571429 0.000000
vt 0.538606 0.571429 0.000000
vt 0.542362 0.571429 0.000000
vt 0.546093 0.571429 0.000000
vt 0.549838 0.571429 0.000000
vt 0.553637 0.571429 0.000000
vt 0.557528 0.571429 0.000000
vt 0.561546 0.571429 0.000000
vt 0.564311 0.571429 0.000000
vt 0.567156 0.571429 0.000000
vt 0.572083 0.571429 0.000000
vt 0.576132 0.571429 0.000000
vt 0.580053 0.571429 0.000000
vt 0.583880 0.571429 0.000000
vt 0.587650 0.571429 0.000000
vt 0.591401 0.571429 0.000000
vt 0.595172 0.571429 0.000000
vt 0.597078 0.571429 0.000000
vt 0.599651 0.571429 0.000000
vt 0.603507 0.571429 0.000000
vt 0.607323 0.571429 0.000000
vt 0.611138 0.571429 0.000000
vt 0.614993 0.571429 0.000000
vt 0.618927 0.571429 0.000000
vt 0.622975 0.571429 0.000000
vt 0.627887 0.571429 0.000000
vt 0.633048 0.571429 0.000000
vt 0.760244 0.571429 0.000000
vt 0.804911 0.571429 0.000000
vt 0.934178 0.571429 0.000000
vt 0.944040 0.571429 0.000000
vt 0.952160 0.571429 0.000000
vt 0.960045 0.571429 0.000000
vt 0.967769 0.571429 0.000000
vt 0.975411 0.571429 0.000000
vt 0.983053 0.571429 0.000000
vt 0.990777 0.571429 0.000000
vt 0.994696 0.571429 0.000000
vt 1.000000 0.571429 0.000000
vt 0.000000 0.428571 0.000000
vt 0.007947 0.428571 0.000000
vt 0.015770 0.428571 0.000000
vt 0.023543 0.428571 0.000000
vt 0.031339 0.428571 0.000000
vt 0.039231 0.428571 0.000000
vt 0.047291 0.428571 0.000000
vt 0.056991 0.428571 0.000000
vt 0.067105 0.428571 0.000000
vt 0.077219 0.428571 0.000000
vt 0.086920 0.428571 0.000000
vt 0.094979 0.428571 0.000000
vt 0.102871 0.428571 0.000000
vt 0.110667 0.428571 0.000000
vt 0.118440 0.428571 0.000000
vt 0.126264 0.428571 0.000000
vt 0.134210 0.428571 0.000000
vt 0.142130 0.428571 0.000000
vt 0.149876 0.428571 0.000000
vt 0.157526 0.428571 0.000000
vt 0.165162 0.428571 0.000000
vt 0.172867 0.428571 0.000000
vt 0.180720 0.428571 0.000000
vt 0.188796 0.428571 0.000000
vt 0.194340 0.428571 0.000000
vt 0.200033 0.428571 0.000000
vt 0.329300 0.428571 0.000000
vt 0.374262 0.428571 0.000000
vt 0.501459 0.428571 0.000000
vt 0.506620 0.428571 0.000000
vt 0.511530 0.428571 0.000000
vt 0.515576 0.428571 0.000000
vt 0.519504 0.428571 0.000000
vt 0.523351 0.428571 0.000000
vt 0.527154 0.428571 0.000000
vt 0.530953 0.428571 0.000000
vt 0.534787 0.428571 0.000000
vt 0.538606 0.428571 0.000000
vt 0.542362 0.428571 0.000000
vt 0.546093 0.428571 0.000000
vt 0.549838 0.428571 0.000000
vt 0.553637 0.428571 0.000000
vt 0.557528 0.428571 0.000000
vt 0.561546 0.428571 0.000000
vt 0.564311 0.428571 0.000000
vt 0.567156 0.428571 0.000000
vt 0.572083 0.428571 0.000000
vt 0.576132 0.428571 0.000000
vt 0.580053 0.428571 0.000000
vt 0.583880 0.428571 0.000000
vt 0.587650 0.428571 0.000000
vt 0.591401 0.428571 0.000000
vt 0.595172 0.428571 0.000000
vt 0.597078 0.428571 0.000000
vt 0.599651 0.428571 0.000000
vt 0.603507 0.428571 0.000000
vt 0.607323 0.428571 0.000000
vt 0.611138 0.428571 0.000000
vt 0.614993 0.428571 0.000000
vt 0.618927 0.428571 0.000000
vt 0.622975 0.428571 0.000000
vt 0.627887 0.428571 0.000000
vt 0.633048 0.428571 0.000000
vt 0.760244 0.428571 0.000000
vt 0.804911 0.428571 0.000000
vt 0.934178 0.428571 0.000000
vt 0.944040 0.428571 0.000000
vt 0.952160 0.428571 0.000000
vt 0.960045 0.428571 0.000000
vt 0.967769 0.428571 0.000000
vt 0.975411 0.428571 0.000000
vt 0.983053 0.428571 0.000000
vt 0.990777 0.428571 0.000000
vt 0.994696 0.428571 0.000000
vt 1.000000 0.428571 0.000000
vt 0.000000 0.285714 0.000000
vt 0.007947 0.285714 0.000000
vt 0.015770 0.285714 0.000000
vt 0.023543 0.285714 0.000000
vt 0.031339 0.285714 0.000000
vt 0.039231 0.285714 0.000000
vt 0.047291 0.285714 0.000000
vt 0.056991 0.285714 0.000000
vt 0.067105 0.285714 0.000000
vt 0.077219 0.285714 0.000000
vt 0.086920 0.285714 0.000000
vt 0.094979 0.285714 0.000000
vt 0.102871 0.285714 0.000000
vt 0.110667 0.285714 0.000000
vt 0.118440 0.285714 0.000000
vt 0.126264 0.285714 0.000000
vt 0.134210 0.285714 0.000000
vt 0.142130 0.285714 0.000000
vt 0.149876 0.285714 0.000000
vt 0.157526 0.285714 0.000000
vt 0.165162 0.285714 0.000000
vt 0.172867 0.285714 0.000000
vt 0.180720 0.285714 0.000000
vt 0.188796 0.285714 0.000000
vt 0.194340 0.285714 0.000000
vt 0.200033 0.285714 0.000000
vt 0.329300 0.285714 0.000000
vt 0.374262 0.285714 0.000000
vt 0.501459 0.285714 0.000000
vt 0.506620 0.285714 0.000000
vt 0.511530 0.285714 0.000000
vt 0.515576 0.285714 0.000000
vt 0.519504 0.285714 0.000000
vt 0.523351 0.285714 0.000000
vt 0.527154 0.285714 0.000000
vt 0.530953 0.285714 0.000000
vt 0.534787 0.285714 0.000000
vt 0.538606 0.285714 0.000000
vt 0.542362 0.285714 0.000000
vt 0.546093 0.285714 0.000000
vt 0.549838 0.285714 0.000000
vt 0.553637 0.285714 0.000000
vt 0.557528 0.285714 0.000000
vt 0.561546 0.285714 0.000000
vt 0.564311 0.285714 0.000000
vt 0.567156 0.285714 0.000000
vt 0.572083 0.285714 0.000000
vt 0.576132 0.285714 0.000000
vt 0.580053 0.285714 0.000000
vt 0.583880 0.285714 0.000000
vt 0.587650 0.285714 0.000000
vt 0.591401 0.285714 0.000000
vt 0.595172 0.285714 0.000000
vt 0.597078 0.285714 0.000000
vt 0.599651 0.285714 0.000000
vt 0.603507 0.285714 0.000000
vt 0.607323 0.285714 0.000000
vt 0.611138 0.285714 0.000000
vt 0.614993 0.285714 0.000000
vt 0.618927 0.285714 0.000000
vt 0.622975 0.285714 0.000000
vt 0.627887 0.285714 0.000000
vt 0.633048 0.285714 0.000000
vt 0.760244 0.285714 0.000000
vt 0.804911 0.285714 0.000000
vt 0.934178 0.285714 0.000000
vt 0.944040 0.285714 0.000000
vt 0.952160 0.285714 0.000000
vt 0.960045 0.285714 0.000000
vt 0.967769 0.285714 0.000000
vt 0.975411 0.285714 0.000000
vt 0.983053 0.285714 0.000000
vt 0.990777 0.285714 0.000000
vt 0.994696 0.285714 0.000000
vt 1.000000 0.285714 0.000000
vt 0.000000 0.142857 0.000000
vt 0.007947 0.142857 0.000000
vt 0.015770 0.142857 0.000000
vt 0.023543 0.142857 0.000000
vt 0.031339 0.142857 0.000000
vt 0.039231 0.142857 0.000000
vt 0.047291 0.142857 0.000000
vt 0.056991 0.142857 0.000000
vt 0.067105 0.142857 0.000000
vt 0.077219 0.142857 0.000000
vt 0.086920 0.142857 0.000000
vt 0.094979 0.142857 0.000000
vt 0.102871 0.142857 0.000000
vt 0.110667 0.142857 0.000000
vt 0.118440 0.142857 0.000000
vt 0.126264 0.142857 0.000000
vt 0.134210 0.142857 0.000000
vt 0.142130 0.142857 0.000000
vt 0.149876 0.142857 0.000000
vt 0.157526 0.142857 0.000000
vt 0.165162 0.142857 0.000000
vt 0.172867 0.142857 0.000000
vt 0.180720 0.142857 0.000000
vt 0.188796 0.142857 0.000000
vt 0.194340 0.142857 0.000000
vt 0.200033 0.142857 0.000000
vt 0.329300 0.142857 0.000000
vt 0.374262 0.142857 0.000000
vt 0.501459 0.142857 0.000000
vt 0.506620 0.142857 0.000000
vt 0.511530 0.142857 0.000000
vt 0.515576 0.142857 0.000000
vt 0.519504 0.142857 0.000000
vt 0.523351 0.142857 0.000000
vt 0.527154 0.142857 0.000000
vt 0.530953 0.142857 0.000000
vt 0.534787 0.142857 0.000000
vt 0.538606 0.142857 0.000000
vt 0.542362 0.142857 0.000000
vt 0.546093 0.142857 0.000000
vt 0.549838 0.142857 0.000000
vt 0.553637 0.142857 0.000000
vt 0.557528 0.142857 0.000000
vt 0.561546 0.142857 0.000000
vt 0.564311 0.142857 0.000000
vt 0.567156 0.142857 0.000000
vt 0.572083 0.142857 0.000000
vt 0.576132 0.142857 0.000000
vt 0.580053 0.142857 0.000000
vt 0.583880 0.142857 0.000000
vt 0.587650 0.142857 0.000000
vt 0.591401 0.142857 0.000000
vt 0.595172 0.142857 0.000000
vt 0.597078 0.142857 0.000000
vt 0.599651 0.142857 0.000000
vt 0.603507 0.142857 0.000000
vt 0.607323 0.142857 0.000000
vt 0.611138 0.142857 0.000000
vt 0.614993 0.142857 0.000000
vt 0.618927 0.142857 0.000000
vt 0.622975 0.142857 0.000000
vt 0.627887 0.142857 0.000000
vt 0.633048 0.142857 0.000000
vt 0.760244 0.142857 0.000000
vt 0.804911 0.142857 0.000000
vt 0.934178 0.142857 0.000000
vt 0.944040 0.142857 0.000000
vt 0.952160 0.142857 0.000000
vt 0.960045 0.142857 0.000000
vt 0.967769 0.142857 0.000000
vt 0.975411 0.142857 0.000000
vt 0.983053 0.142857 0.000000
vt 0.990777 0.142857 0.000000
vt 0.994696 0.142857 0.000000
vt 1.000000 0.142857 0.000000
vt 0.000000 0.000000 0.000000
vt 0.007947 0.000000 0.000000
vt 0.015770 0.000000 0.000000
vt 0.023543 0.000000 0.000000
vt 0.031339 0.000000 0.000000
vt 0.039231 0.000000 0.000000
vt 0.047291 0.000000 0.000000
vt 0.056991 0.000000 0.000000
vt 0.067105 0.000000 0.000000
vt 0.077219 0.000000 0.000000
vt 0.086920 0.000000 0.000000
vt 0.094979 0.000000 0.000000
vt 0.102871 0.000000 0.000000
vt 0.110667 0.000000 0.000000
vt 0.118440 0.000000 0.000000
vt 0.126264 0.000000 0.000000
vt 0.134210 0.000000 0.000000
vt 0.142130 0.000000 0.000000
vt 0.149876 0.000000 0.000000
vt 0.157526 0.000000 0.000000
vt 0.165162 0.000000 0.000000
vt 0.172867 0.000000 0.000000
vt 0.180720 0.000000 0.000000
vt 0.188796 0.000000 0.000000
vt 0.194340 0.000000 0.000000
vt 0.200033 0.000000 0.000000
vt 0.329300 0.000000 0.000000
vt 0.374262 0.000000 0.000000
vt 0.501459 0.000000 0.000000
vt 0.506620 0.000000 0.000000
vt 0.511530 0.000000 0.000000
vt 0.515576 0.000000 0.000000
vt 0.519504 0.000000 0.000000
vt 0.523351 0.000000 0.000000
vt 0.527154 0.000000 0.000000
vt 0.530953 0.000000 0.000000
vt 0.534787 0.000000 0.000000
vt 0.538606 0.000000 0.000000
vt 0.542362 0.000000 0.000000
vt 0.546093 0.000000 0.000000
vt 0.549838 0.000000 0.000000
vt 0.553637 0.000000 0.000000
vt 0.557528 0.000000 0.000000
vt 0.561546 0.000000 0.000000
vt 0.564311 0.000000 0.000000
vt 0.567156 0.000000 0.000000
vt 0.572083 0.000000 0.000000
vt 0.576132 0.000000 0.000000
vt 0.580053 0.000000 0.000000
vt 0.583880 0.000000 0.000000
vt 0.587650 0.000000 0.000000
vt 0.591401 0.000000 0.000000
vt 0.595172 0.000000 0.000000
vt 0.597078 0.000000 0.000000
vt 0.599651 0.000000 0.000000
vt 0.603507 0.000000 0.000000
vt 0.607323 0.000000 0.000000
vt 0.611138 0.000000 0.000000
vt 0.614993 0.000000 0.000000
vt 0.618927 0.000000 0.000000
vt 0.622975 0.000000 0.000000
vt 0.627887 0.000000 0.000000
vt 0.633048 0.000000 0.000000
vt 0.760244 0.000000 0.000000
vt 0.804911 0.000000 0.000000
vt 0.934178 0.000000 0.000000
vt 0.944040 0.000000 0.000000
vt 0.952160 0.000000 0.000000
vt 0.960045 0.000000 0.000000
vt 0.967769 0.000000 0.000000
vt 0.975411 0.000000 0.000000
vt 0.983053 0.000000 0.000000
vt 0.990777 0.000000 0.000000
vt 0.994696 0.000000 0.000000
vt 1.000000 0.000000 0.000000
vt 0.776481 0.765105 0.000000
vt 0.761222 0.797458 0.000000
vt 0.578262 0.703250 0.000000
vt 0.585901 0.686316 0.000000
vt 0.050031 0.802679 0.000000
vt 0.231234 0.703234 0.000000
vt 0.240339 0.719150 0.000000
vt 0.069106 0.832987 0.000000
vt 0.708764 0.870675 0.000000
vt 0.691313 0.888356 0.000000
vt 0.545869 0.747891 0.000000
vt 0.558230 0.734058 0.000000
vt 0.663151 0.912769 0.000000
vt 0.536876 0.756436 0.000000
vt 0.034227 0.770619 0.000000
vt 0.223695 0.686301 0.000000
vt 0.003497 0.611141 0.000000
vt 0.209091 0.601473 0.000000
vt 0.210143 0.626087 0.000000
vt 0.004226 0.637901 0.000000
vt 0.591953 0.668375 0.000000
vt 0.788475 0.730986 0.000000
vt 0.251005 0.734040 0.000000
vt 0.091459 0.861550 0.000000
vt 0.742692 0.828057 0.000000
vt 0.569036 0.719167 0.000000
vt 0.633302 0.934043 0.000000
vt 0.529823 0.762411 0.000000
vt 0.404196 0.996500 0.000000
vt 0.404231 0.803499 0.000000
vt 0.427787 0.802416 0.000000
vt 0.451645 0.994376 0.000000
vt 0.117100 0.888375 0.000000
vt 0.263226 0.747896 0.000000
vt 0.797202 0.695091 0.000000
vt 0.596422 0.649424 0.000000
vt 0.021689 0.736795 0.000000
vt 0.217722 0.668363 0.000000
vt 0.145241 0.912769 0.000000
vt 0.276699 0.760439 0.000000
vt 0.720860 0.856945 0.000000
vt 0.175089 0.934043 0.000000
vt 0.291127 0.771389 0.000000
vt 0.356747 0.994376 0.000000
vt 0.311663 0.988008 0.000000
vt 0.358252 0.799155 0.000000
vt 0.377313 0.802079 0.000000
vt 0.006409 0.663790 0.000000
vt 0.213312 0.649416 0.000000
vt 0.390566 0.803144 0.000000
vt 0.206649 0.952201 0.000000
vt 0.306507 0.780740 0.000000
vt 0.012417 0.701197 0.000000
vt 0.239927 0.967247 0.000000
vt 0.322828 0.788486 0.000000
vt 0.802659 0.657423 0.000000
vt 0.599634 0.626091 0.000000
vt 0.568465 0.967247 0.000000
vt 0.533459 0.979184 0.000000
vt 0.482922 0.789623 0.000000
vt 0.499490 0.782146 0.000000
vt 0.804895 0.003497 0.000000
vt 0.804895 0.611104 0.000000
vt 0.600699 0.601474 0.000000
vt 0.600699 0.003497 0.000000
vt 0.003497 0.003497 0.000000
vt 0.209091 0.003497 0.000000
vt 0.601743 0.952201 0.000000
vt 0.515139 0.773066 0.000000
vt 0.274933 0.979184 0.000000
vt 0.340079 0.794624 0.000000
vt 0.496729 0.988008 0.000000
vt 0.465445 0.795492 0.000000
vt 0.447068 0.799755 0.000000
vt 0.711322 0.873061 0.000000
vt 0.710995 0.872756 0.000000
vt 0.723224 0.858875 0.000000
vt 0.723570 0.859158 0.000000
vt 0.710015 0.871842 0.000000
vt 0.722185 0.858027 0.000000
vt 0.745220 0.829771 0.000000
vt 0.745590 0.830022 0.000000
vt 0.744109 0.829018 0.000000
vt 0.763912 0.798902 0.000000
vt 0.764307 0.799114 0.000000
vt 0.762730 0.798268 0.000000
vt 0.779307 0.766264 0.000000
vt 0.779720 0.766434 0.000000
vt 0.778065 0.765754 0.000000
vt 0.791402 0.731854 0.000000
vt 0.791831 0.731981 0.000000
vt 0.790116 0.731472 0.000000
vt 0.800200 0.695671 0.000000
vt 0.800639 0.695756 0.000000
vt 0.798883 0.695416 0.000000
vt 0.805699 0.657716 0.000000
vt 0.806144 0.657759 0.000000
vt 0.804363 0.657587 0.000000
vt 0.807945 0.611178 0.000000
vt 0.808392 0.611189 0.000000
vt 0.806605 0.611146 0.000000
vt 0.807945 0.000447 0.000000
vt 0.808392 0.000000 0.000000
vt 0.806605 0.001787 0.000000
vt 0.597649 0.000447 0.000000
vt 0.597203 0.000000 0.000000
vt 0.598989 0.001787 0.000000
vt 0.597649 0.601408 0.000000
vt 0.597203 0.601399 0.000000
vt 0.598989 0.601437 0.000000
vt 0.596593 0.625816 0.000000
vt 0.596147 0.625776 0.000000
vt 0.597929 0.625937 0.000000
vt 0.593421 0.648865 0.000000
vt 0.592981 0.648783 0.000000
vt 0.594740 0.649111 0.000000
vt 0.589017 0.667536 0.000000
vt 0.588587 0.667413 0.000000
vt 0.590307 0.667904 0.000000
vt 0.583059 0.685199 0.000000
vt 0.582643 0.685035 0.000000
vt 0.584307 0.685689 0.000000
vt 0.575545 0.701855 0.000000
vt 0.575147 0.701650 0.000000
vt 0.576739 0.702468 0.000000
vt 0.566476 0.717503 0.000000
vt 0.566101 0.717259 0.000000
vt 0.567601 0.718234 0.000000
vt 0.555852 0.732141 0.000000
vt 0.555504 0.731860 0.000000
vt 0.556897 0.732983 0.000000
vt 0.543678 0.745766 0.000000
vt 0.543357 0.745455 0.000000
vt 0.544640 0.746699 0.000000
vt 0.534838 0.754165 0.000000
vt 0.534540 0.753833 0.000000
vt 0.535734 0.755163 0.000000
vt 0.527939 0.760010 0.000000
vt 0.527663 0.759658 0.000000
vt 0.528767 0.761065 0.000000
vt 0.513473 0.770506 0.000000
vt 0.513229 0.770131 0.000000
vt 0.514205 0.771630 0.000000
vt 0.498094 0.779430 0.000000
vt 0.497890 0.779033 0.000000
vt 0.498707 0.780624 0.000000
vt 0.481807 0.786780 0.000000
vt 0.481643 0.786364 0.000000
vt 0.482297 0.788029 0.000000
vt 0.464613 0.792554 0.000000
vt 0.464491 0.792124 0.000000
vt 0.464978 0.793845 0.000000
vt 0.446513 0.796752 0.000000
vt 0.446432 0.796313 0.000000
vt 0.446757 0.798071 0.000000
vt 0.427508 0.799376 0.000000
vt 0.427467 0.798931 0.000000
vt 0.427631 0.800712 0.000000
vt 0.404200 0.800447 0.000000
vt 0.404196 0.800000 0.000000
vt 0.404214 0.801788 0.000000
vt 0.390728 0.800097 0.000000
vt 0.390751 0.799651 0.000000
vt 0.390657 0.801436 0.000000
vt 0.377667 0.799048 0.000000
vt 0.377719 0.798604 0.000000
vt 0.377511 0.800379 0.000000
vt 0.358853 0.796162 0.000000
vt 0.358942 0.795724 0.000000
vt 0.358589 0.797477 0.000000
vt 0.340962 0.791701 0.000000
vt 0.341091 0.791273 0.000000
vt 0.340574 0.792985 0.000000
vt 0.323996 0.785664 0.000000
vt 0.324167 0.785251 0.000000
vt 0.323482 0.786904 0.000000
vt 0.307957 0.778052 0.000000
vt 0.308169 0.777658 0.000000
vt 0.307320 0.779233 0.000000
vt 0.292846 0.768864 0.000000
vt 0.293098 0.768495 0.000000
vt 0.292091 0.769973 0.000000
vt 0.278665 0.758102 0.000000
vt 0.278953 0.757760 0.000000
vt 0.277801 0.759129 0.000000
vt 0.265414 0.745766 0.000000
vt 0.265734 0.745455 0.000000
vt 0.264453 0.746702 0.000000
vt 0.253394 0.732139 0.000000
vt 0.253744 0.731860 0.000000
vt 0.252345 0.732974 0.000000
vt 0.242909 0.717500 0.000000
vt 0.243285 0.717259 0.000000
vt 0.241780 0.718225 0.000000
vt 0.233957 0.701853 0.000000
vt 0.234356 0.701650 0.000000
vt 0.232761 0.702459 0.000000
vt 0.226541 0.685197 0.000000
vt 0.226958 0.685035 0.000000
vt 0.225291 0.685682 0.000000
vt 0.220661 0.667534 0.000000
vt 0.221091 0.667413 0.000000
vt 0.219370 0.667898 0.000000
vt 0.216314 0.648864 0.000000
vt 0.216754 0.648783 0.000000
vt 0.214995 0.649107 0.000000
vt 0.213184 0.625816 0.000000
vt 0.213629 0.625776 0.000000
vt 0.211848 0.625935 0.000000
vt 0.212141 0.601408 0.000000
vt 0.212587 0.601399 0.000000
vt 0.210801 0.601437 0.000000
vt 0.212141 0.000447 0.000000
vt 0.212587 0.000000 0.000000
vt 0.210801 0.001787 0.000000
vt 0.000447 0.000447 0.000000
vt 0.001787 0.001787 0.000000
vt 0.000447 0.611183 0.000000
vt 0.000000 0.611189 0.000000
vt 0.001787 0.611164 0.000000
vt 0.001180 0.638071 0.000000
vt 0.000734 0.638096 0.000000
vt 0.002519 0.637996 0.000000
vt 0.003380 0.664161 0.000000
vt 0.002936 0.664215 0.000000
vt 0.004711 0.663998 0.000000
vt 0.009429 0.701825 0.000000
vt 0.008991 0.701917 0.000000
vt 0.010742 0.701549 0.000000
vt 0.018776 0.737712 0.000000
vt 0.018350 0.737846 0.000000
vt 0.020056 0.737309 0.000000
vt 0.031422 0.771827 0.000000
vt 0.031011 0.772003 0.000000
vt 0.032654 0.771296 0.000000
vt 0.047365 0.804170 0.000000
vt 0.046975 0.804388 0.000000
vt 0.048537 0.803515 0.000000
vt 0.066608 0.834744 0.000000
vt 0.066242 0.835001 0.000000
vt 0.067706 0.833972 0.000000
vt 0.089150 0.863548 0.000000
vt 0.088812 0.863841 0.000000
vt 0.090165 0.862671 0.000000
vt 0.114994 0.890585 0.000000
vt 0.114685 0.890909 0.000000
vt 0.115919 0.889614 0.000000
vt 0.143352 0.915169 0.000000
vt 0.143076 0.915520 0.000000
vt 0.144182 0.914114 0.000000
vt 0.173440 0.936613 0.000000
vt 0.173198 0.936989 0.000000
vt 0.174165 0.935484 0.000000
vt 0.205257 0.954918 0.000000
vt 0.205053 0.955316 0.000000
vt 0.205868 0.953724 0.000000
vt 0.238804 0.970086 0.000000
vt 0.238639 0.970502 0.000000
vt 0.239297 0.968839 0.000000
vt 0.274083 0.982116 0.000000
vt 0.273958 0.982545 0.000000
vt 0.274456 0.980828 0.000000
vt 0.311092 0.991008 0.000000
vt 0.311009 0.991447 0.000000
vt 0.311343 0.989690 0.000000
vt 0.356465 0.997417 0.000000
vt 0.356423 0.997862 0.000000
vt 0.356589 0.996081 0.000000
vt 0.404196 0.999553 0.000000
vt 0.404196 1.000000 0.000000
vt 0.404196 0.998212 0.000000
vt 0.451927 0.997417 0.000000
vt 0.451968 0.997862 0.000000
vt 0.451803 0.996081 0.000000
vt 0.497299 0.991008 0.000000
vt 0.497383 0.991447 0.000000
vt 0.497049 0.989690 0.000000
vt 0.534309 0.982116 0.000000
vt 0.534434 0.982545 0.000000
vt 0.533935 0.980828 0.000000
vt 0.569588 0.970086 0.000000
vt 0.569752 0.970502 0.000000
vt 0.569094 0.968839 0.000000
vt 0.603135 0.954918 0.000000
vt 0.603339 0.955316 0.000000
vt 0.602523 0.953724 0.000000
vt 0.634952 0.936613 0.000000
vt 0.635193 0.936989 0.000000
vt 0.634227 0.935484 0.000000
vt 0.665039 0.915169 0.000000
vt 0.665316 0.915520 0.000000
vt 0.664210 0.914114 0.000000
vt 0.693401 0.890583 0.000000
vt 0.693706 0.890909 0.000000
vt 0.692484 0.889605 0.000000
vt 0.410798 0.857143 0.000000
vt 0.410798 1.000000 0.000000
vt 0.500000 0.857143 0.000000
vt 0.500000 1.000000 0.000000
vt 0.910798 0.857143 0.000000
vt 0.910798 1.000000 0.000000
vt 0.410798 0.714286 0.000000
vt 0.500000 0.714286 0.000000
vt 0.910798 0.714286 0.000000
vt 0.410798 0.571429 0.000000
vt 0.500000 0.571429 0.000000
vt 0.910798 0.571429 0.000000
vt 0.410798 0.428571 0.000000
vt 0.500000 0.428571 0.000000
vt 0.910798 0.428571 0.000000
vt 0.410798 0.285714 0.000000
vt 0.500000 0.285714 0.000000
vt 0.910798 0.285714 0.000000
vt 0.410798 0.142857 0.000000
vt 0.500000 0.142857 0.000000
vt 0.910798 0.142857 0.000000
vt 0.410798 0.000000 0.000000
vt 0.500000 0.000000 0.000000
vt 0.910798 0.000000 0.000000
vt 0.003571 0.996429 0.000000
vt 0.003571 0.003572 0.000000
vt 0.213571 0.003572 0.000000
vt 0.213571 0.996429 0.000000
vt 0.217143 1.000000 0.000000
vt 0.216687 0.999544 0.000000
vt 0.216687 0.000456 0.000000
vt 0.217143 0.000000 0.000000
vt 0.215318 0.998175 0.000000
vt 0.215318 0.001825 0.000000
vt 0.000456 0.000456 0.000000
vt 0.001825 0.001825 0.000000
vt 0.000456 0.999544 0.000000
vt 0.001825 0.998175 0.000000
# 933 texture coordinates

o Text
usemtl Metal Hammered 001 50cm
f 2/4/3 76/3/3 75/2/2 1/1/1
f 3/6/4 77/5/4 76/3/3 2/4/3
f 4/8/5 78/7/5 77/5/4 3/6/4
f 5/10/6 79/9/6 78/7/5 4/8/5
f 6/12/7 80/11/7 79/9/6 5/10/6
f 7/14/8 81/13/8 80/11/7 6/12/7
f 8/16/10 82/15/9 81/13/8 7/14/8
f 9/18/11 83/17/11 82/15/9 8/16/10
f 10/20/13 84/19/12 83/17/11 9/18/11
f 11/22/14 85/21/14 84/19/12 10/20/13
f 12/24/16 86/23/15 85/21/14 11/22/14
f 13/26/17 87/25/17 86/23/15 12/24/16
f 14/28/19 88/27/18 87/25/17 13/26/17
f 15/30/21 89/29/20 88/27/18 14/28/19
f 16/32/22 90/31/22 89/29/20 15/30/21
f 17/34/24 91/33/23 90/31/22 16/32/22
f 18/36/25 92/35/25 91/33/23 17/34/24
f 19/38/27 93/37/26 92/35/25 18/36/25
f 20/40/28 94/39/28 93/37/26 19/38/27
f 21/42/29 95/41/29 94/39/28 20/40/28
f 22/44/31 96/43/30 95/41/29 21/42/29
f 23/46/32 97/45/32 96/43/30 22/44/31
f 24/48/33 98/47/33 97/45/32 23/46/32
f 25/50/35 99/49/34 98/47/33 24/48/33
f 26/52/36 100/51/36 99/49/34 25/50/35
f 27/54/37 101/53/37 100/51/37 26/52/37
f 28/56/38 102/55/38 101/53/38 27/54/38
f 29/58/39 103/57/39 102/55/39 28/56/39
f 30/60/41 104/59/41 103/57/40 29/58/40
f 31/62/43 105/61/42 104/59/41 30/60/41
f 32/64/45 106/63/44 105/61/42 31/62/43
f 33/66/46 107/65/46 106/63/44 32/64/45
f 34/68/48 108/67/47 107/65/46 33/66/46
f 35/70/50 109/69/49 108/67/47 34/68/48
f 36/72/51 110/71/51 109/69/49 35/70/50
f 37/74/53 111/73/52 110/71/51 36/72/51
f 38/76/54 112/75/54 111/73/52 37/74/53
f 39/78/55 113/77/55 112/75/54 38/76/54
f 40/80/57 114/79/56 113/77/55 39/78/55
f 41/82/59 115/81/58 114/79/56 40/80/57
f 42/84/60 116/83/60 115/81/58 41/82/59
f 43/86/61 117/85/61 116/83/60 42/84/60
f 44/88/62 118/87/62 117/85/61 43/86/61
f 45/90/64 119/89/63 118/87/62 44/88/62
f 46/92/65 120/91/65 119/89/63 45/90/64
f 47/94/66 121/93/66 120/91/65 46/92/65
f 48/96/67 122/95/67 121/93/66 47/94/66
f 49/98/69 123/97/68 122/95/67 48/96/67
f 50/100/70 124/99/70 123/97/68 49/98/69
f 51/102/71 125/101/71 124/99/70 50/100/70
f 52/104/72 126/103/72 125/101/71 51/102/71
f 53/106/73 127/105/73 126/103/72 52/104/72
f 54/108/74 128/107/74 127/105/73 53/106/73
f 55/110/76 129/109/75 128/107/74 54/108/74
f 56/112/77 130/111/77 129/109/75 55/110/76
f 57/114/79 131/113/78 130/111/77 56/112/77
f 58/116/81 132/115/80 131/113/78 57/114/79
f 59/118/83 133/117/82 132/115/80 58/116/81
f 60/120/84 134/119/84 133/117/82 59/118/83
f 61/122/86 135/121/85 134/119/84 60/120/84
f 62/124/88 136/123/87 135/121/85 61/122/86
f 63/126/89 137/125/89 136/123/87 62/124/88
f 64/128/37 138/127/37 137/125/37 63/126/37
f 65/130/38 139/129/38 138/127/38 64/128/38
f 66/132/39 140/131/39 139/129/39 65/130/39
f 67/134/91 141/133/91 140/131/90 66/132/90
f 68/136/92 142/135/92 141/133/91 67/134/91
f 69/138/94 143/137/93 142/135/92 68/136/92
f 70/140/95 144/139/95 143/137/93 69/138/94
f 71/142/96 145/141/96 144/139/95 70/140/95
f 72/144/97 146/143/97 145/141/96 71/142/96
f 73/146/98 147/145/98 146/143/97 72/144/97
f 74/148/99 148/147/99 147/145/98 73/146/98
f 1/150/1 75/149/2 148/147/99 74/148/99
f 76/3/3 150/152/3 149/151/2 75/2/2
f 77/5/4 151/153/4 150/152/3 76/3/3
f 78/7/5 152/154/5 151/153/4 77/5/4
f 79/9/6 153/155/6 152/154/5 78/7/5
f 80/11/7 154/156/7 153/155/6 79/9/6
f 81/13/8 155/157/8 154/156/7 80/11/7
f 82/15/9 156/158/9 155/157/8 81/13/8
f 83/17/11 157/159/11 156/158/9 82/15/9
f 84/19/12 158/160/12 157/159/11 83/17/11
f 85/21/14 159/161/14 158/160/12 84/19/12
f 86/23/15 160/162/15 159/161/14 85/21/14
f 87/25/17 161/163/17 160/162/15 86/23/15
f 88/27/18 162/164/18 161/163/17 87/25/17
f 89/29/20 163/165/20 162/164/18 88/27/18
f 90/31/22 164/166/22 163/165/20 89/29/20
f 91/33/23 165/167/23 164/166/22 90/31/22
f 92/35/25 166/168/25 165/167/23 91/33/23
f 93/37/26 167/169/26 166/168/25 92/35/25
f 94/39/28 168/170/28 167/169/26 93/37/26
f 95/41/29 169/171/29 168/170/28 94/39/28
f 96/43/30 170/172/30 169/171/29 95/41/29
f 97/45/32 171/173/32 170/172/30 96/43/30
f 98/47/33 172/174/33 171/173/32 97/45/32
f 99/49/34 173/175/34 172/174/33 98/47/33
f 100/51/36 174/176/36 173/175/34 99/49/34
f 101/53/37 175/177/37 174/176/37 100/51/37
f 102/55/38 176/178/38 175/177/38 101/53/38
f 103/57/39 177/179/39 176/178/39 102/55/39
f 104/59/41 178/180/41 177/179/40 103/57/40
f 105/61/42 179/181/42 178/180/41 104/59/41
f 106/63/44 180/182/44 179/181/42 105/61/42
f 107/65/46 181/183/46 180/182/44 106/63/44
f 108/67/47 182/184/47 181/183/46 107/65/46
f 109/69/49 183/185/49 182/184/47 108/67/47
f 110/71/51 184/186/51 183/185/49 109/69/49
f 111/73/52 185/187/52 184/186/51 110/71/51
f 112/75/54 186/188/54 185/187/52 111/73/52
f 113/77/55 187/189/55 186/188/54 112/75/54
f 114/79/56 188/190/56 187/189/55 113/77/55
f 115/81/58 189/191/58 188/190/56 114/79/56
f 116/83/60 190/192/60 189/191/58 115/81/58
f 117/85/61 191/193/61 190/192/60 116/83/60
f 118/87/62 192/194/62 191/193/61 117/85/61
f 119/89/63 193/195/63 192/194/62 118/87/62
f 120/91/65 194/196/65 193/195/63 119/89/63
f 121/93/66 195/197/66 194/196/65 120/91/65
f 122/95/67 196/198/67 195/197/66 121/93/66
f 123/97/68 197/199/68 196/198/67 122/95/67
f 124/99/70 198/200/70 197/199/68 123/97/68
f 125/101/71 199/201/71 198/200/70 124/99/70
f 126/103/72 200/202/72 199/201/71 125/101/71
f 127/105/73 201/203/73 200/202/72 126/103/72
f 128/107/74 202/204/74 201/203/73 127/105/73
f 129/109/75 203/205/75 202/204/74 128/107/74
f 130/111/77 204/206/77 203/205/75 129/109/75
f 131/113/78 205/207/78 204/206/77 130/111/77
f 132/115/80 206/208/80 205/207/78 131/113/78
f 133/117/82 207/209/82 206/208/80 132/115/80
f 134/119/84 208/210/84 207/209/82 133/117/82
f 135/121/85 209/211/85 208/210/84 134/119/84
f 136/123/87 210/212/87 209/211/85 135/121/85
f 137/125/89 211/213/89 210/212/87 136/123/87
f 138/127/37 212/214/37 211/213/37 137/125/37
f 139/129/38 213/215/38 212/214/38 138/127/38
f 140/131/39 214/216/39 213/215/39 139/129/39
f 141/133/91 215/217/91 214/216/90 140/131/90
f 142/135/92 216/218/92 215/217/91 141/133/91
f 143/137/93 217/219/93 216/218/92 142/135/92
f 144/139/95 218/220/95 217/219/93 143/137/93
f 145/141/96 219/221/96 218/220/95 144/139/95
f 146/143/97 220/222/97 219/221/96 145/141/96
f 147/145/98 221/223/98 220/222/97 146/143/97
f 148/147/99 222/224/99 221/223/98 147/145/98
f 75/149/2 149/225/2 222/224/99 148/147/99
f 150/152/3 224/227/3 223/226/2 149/151/2
f 151/153/4 225/228/4 224/227/3 150/152/3
f 152/154/5 226/229/5 225/228/4 151/153/4
f 153/155/6 227/230/6 226/229/5 152/154/5
f 154/156/7 228/231/7 227/230/6 153/155/6
f 155/157/8 229/232/8 228/231/7 154/156/7
f 156/158/9 230/233/9 229/232/8 155/157/8
f 157/159/11 231/234/11 230/233/9 156/158/9
f 158/160/12 232/235/12 231/234/11 157/159/11
f 159/161/14 233/236/14 232/235/12 158/160/12
f 160/162/15 234/237/15 233/236/14 159/161/14
f 161/163/17 235/238/17 234/237/15 160/162/15
f 162/164/18 236/239/18 235/238/17 161/163/17
f 163/165/20 237/240/20 236/239/18 162/164/18
f 164/166/22 238/241/22 237/240/20 163/165/20
f 165/167/23 239/242/23 238/241/22 164/166/22
f 166/168/25 240/243/25 239/242/23 165/167/23
f 167/169/26 241/244/26 240/243/25 166/168/25
f 168/170/28 242/245/28 241/244/26 167/169/26
f 169/171/29 243/246/29 242/245/28 168/170/28
f 170/172/30 244/247/30 243/246/29 169/171/29
f 171/173/32 245/248/32 244/247/30 170/172/30
f 172/174/33 246/249/33 245/248/32 171/173/32
f 173/175/34 247/250/34 246/249/33 172/174/33
f 174/176/36 248/251/36 247/250/34 173/175/34
f 175/177/37 249/252/37 248/251/37 174/176/37
f 176/178/38 250/253/38 249/252/38 175/177/38
f 177/179/39 251/254/39 250/253/39 176/178/39
f 178/180/41 252/255/41 251/254/40 177/179/40
f 179/181/42 253/256/42 252/255/41 178/180/41
f 180/182/44 254/257/44 253/256/42 179/181/42
f 181/183/46 255/258/46 254/257/44 180/182/44
f 182/184/47 256/259/47 255/258/46 181/183/46
f 183/185/49 257/260/49 256/259/47 182/184/47
f 184/186/51 258/261/51 257/260/49 183/185/49
f 185/187/52 259/262/52 258/261/51 184/186/51
f 186/188/54 260/263/54 259/262/52 185/187/52
f 187/189/55 261/264/55 260/263/54 186/188/54
f 188/190/56 262/265/56 261/264/55 187/189/55
f 189/191/58 263/266/58 262/265/56 188/190/56
f 190/192/60 264/267/60 263/266/58 189/191/58
f 191/193/61 265/268/61 264/267/60 190/192/60
f 192/194/62 266/269/62 265/268/61 191/193/61
f 193/195/63 267/270/63 266/269/62 192/194/62
f 194/196/65 268/271/65 267/270/63 193/195/63
f 195/197/66 269/272/66 268/271/65 194/196/65
f 196/198/67 270/273/67 269/272/66 195/197/66
f 197/199/68 271/274/68 270/273/67 196/198/67
f 198/200/70 272/275/70 271/274/68 197/199/68
f 199/201/71 273/276/71 272/275/70 198/200/70
f 200/202/72 274/277/72 273/276/71 199/201/71
f 201/203/73 275/278/73 274/277/72 200/202/72
f 202/204/74 276/279/74 275/278/73 201/203/73
f 203/205/75 277/280/75 276/279/74 202/204/74
f 204/206/77 278/281/77 277/280/75 203/205/75
f 205/207/78 279/282/78 278/281/77 204/206/77
f 206/208/80 280/283/80 279/282/78 205/207/78
f 207/209/82 281/284/82 280/283/80 206/208/80
f 208/210/84 282/285/84 281/284/82 207/209/82
f 209/211/85 283/286/85 282/285/84 208/210/84
f 210/212/87 284/287/87 283/286/85 209/211/85
f 211/213/89 285/288/89 284/287/87 210/212/87
f 212/214/37 286/289/37 285/288/37 211/213/37
f 213/215/38 287/290/38 286/289/38 212/214/38
f 214/216/39 288/291/39 287/290/39 213/215/39
f 215/217/91 289/292/91 288/291/90 214/216/90
f 216/218/92 290/293/92 289/292/91 215/217/91
f 217/219/93 291/294/93 290/293/92 216/218/92
f 218/220/95 292/295/95 291/294/93 217/219/93
f 219/221/96 293/296/96 292/295/95 218/220/95
f 220/222/97 294/297/97 293/296/96 219/221/96
f 221/223/98 295/298/98 294/297/97 220/222/97
f 222/224/99 296/299/99 295/298/98 221/223/98
f 149/225/2 223/300/2 296/299/99 222/224/99
f 224/227/3 298/302/3 297/301/2 223/226/2
f 225/228/4 299/303/4 298/302/3 224/227/3
f 226/229/5 300/304/5 299/303/4 225/228/4
f 227/230/6 301/305/6 300/304/5 226/229/5
f 228/231/7 302/306/7 301/305/6 227/230/6
f 229/232/8 303/307/8 302/306/7 228/231/7
f 230/233/9 304/308/9 303/307/8 229/232/8
f 231/234/11 305/309/11 304/308/9 230/233/9
f 232/235/12 306/310/12 305/309/11 231/234/11
f 233/236/14 307/311/14 306/310/12 232/235/12
f 234/237/15 308/312/15 307/311/14 233/236/14
f 235/238/17 309/313/17 308/312/15 234/237/15
f 236/239/18 310/314/18 309/313/17 235/238/17
f 237/240/20 311/315/20 310/314/18 236/239/18
f 238/241/22 312/316/22 311/315/20 237/240/20
f 239/242/23 313/317/23 312/316/22 238/241/22
f 240/243/25 314/318/25 313/317/23 239/242/23
f 241/244/26 315/319/26 314/318/25 240/243/25
f 242/245/28 316/320/28 315/319/26 241/244/26
f 243/246/29 317/321/29 316/320/28 242/245/28
f 244/247/30 318/322/30 317/321/29 243/246/29
f 245/248/32 319/323/32 318/322/30 244/247/30
f 246/249/33 320/324/33 319/323/32 245/248/32
f 247/250/34 321/325/34 320/324/33 246/249/33
f 248/251/36 322/326/36 321/325/34 247/250/34
f 249/252/37 323/327/37 322/326/37 248/251/37
f 250/253/38 324/328/38 323/327/38 249/252/38
f 251/254/39 325/329/39 324/328/39 250/253/39
f 252/255/41 326/330/41 325/329/40 251/254/40
f 253/256/42 327/331/42 326/330/41 252/255/41
f 254/257/44 328/332/44 327/331/42 253/256/42
f 255/258/46 329/333/46 328/332/44 254/257/44
f 256/259/47 330/334/47 329/333/46 255/258/46
f 257/260/49 331/335/49 330/334/47 256/259/47
f 258/261/51 332/336/51 331/335/49 257/260/49
f 259/262/52 333/337/52 332/336/51 258/261/51
f 260/263/54 334/338/54 333/337/52 259/262/52
f 261/264/55 335/339/55 334/338/54 260/263/54
f 262/265/56 336/340/56 335/339/55 261/264/55
f 263/266/58 337/341/58 336/340/56 262/265/56
f 264/267/60 338/342/60 337/341/58 263/266/58
f 265/268/61 339/343/61 338/342/60 264/267/60
f 266/269/62 340/344/62 339/343/61 265/268/61
f 267/270/63 341/345/63 340/344/62 266/269/62
f 268/271/65 342/346/65 341/345/63 267/270/63
f 269/272/66 343/347/66 342/346/65 268/271/65
f 270/273/67 344/348/67 343/347/66 269/272/66
f 271/274/68 345/349/68 344/348/67 270/273/67
f 272/275/70 346/350/70 345/349/68 271/274/68
f 273/276/71 347/351/71 346/350/70 272/275/70
f 274/277/72 348/352/72 347/351/71 273/276/71
f 275/278/73 349/353/73 348/352/72 274/277/72
f 276/279/74 350/354/74 349/353/73 275/278/73
f 277/280/75 351/355/75 350/354/74 276/279/74
f 278/281/77 352/356/77 351/355/75 277/280/75
f 279/282/78 353/357/78 352/356/77 278/281/77
f 280/283/80 354/358/80 353/357/78 279/282/78
f 281/284/82 355/359/82 354/358/80 280/283/80
f 282/285/84 356/360/84 355/359/82 281/284/82
f 283/286/85 357/361/85 356/360/84 282/285/84
f 284/287/87 358/362/87 357/361/85 283/286/85
f 285/288/89 359/363/89 358/362/87 284/287/87
f 286/289/37 360/364/37 359/363/37 285/288/37
f 287/290/38 361/365/38 360/364/38 286/289/38
f 288/291/39 362/366/39 361/365/39 287/290/39
f 289/292/91 363/367/91 362/366/90 288/291/90
f 290/293/92 364/368/92 363/367/91 289/292/91
f 291/294/93 365/369/93 364/368/92 290/293/92
f 292/295/95 366/370/95 365/369/93 291/294/93
f 293/296/96 367/371/96 366/370/95 292/295/95
f 294/297/97 368/372/97 367/371/96 293/296/96
f 295/298/98 369/373/98 368/372/97 294/297/97
f 296/299/99 370/374/99 369/373/98 295/298/98
f 223/300/2 297/375/2 370/374/99 296/299/99
f 298/302/3 372/377/3 371/376/2 297/301/2
f 299/303/4 373/378/4 372/377/3 298/302/3
f 300/304/5 374/379/5 373/378/4 299/303/4
f 301/305/6 375/380/6 374/379/5 300/304/5
f 302/306/7 376/381/7 375/380/6 301/305/6
f 303/307/8 377/382/8 376/381/7 302/306/7
f 304/308/9 378/383/9 377/382/8 303/307/8
f 305/309/11 379/384/11 378/383/9 304/308/9
f 306/310/12 380/385/12 379/384/11 305/309/11
f 307/311/14 381/386/14 380/385/12 306/310/12
f 308/312/15 382/387/15 381/386/14 307/311/14
f 309/313/17 383/388/17 382/387/15 308/312/15
f 310/314/18 384/389/18 383/388/17 309/313/17
f 311/315/20 385/390/20 384/389/18 310/314/18
f 312/316/22 386/391/22 385/390/20 311/315/20
f 313/317/23 387/392/23 386/391/22 312/316/22
f 314/318/25 388/393/25 387/392/23 313/317/23
f 315/319/26 389/394/26 388/393/25 314/318/25
f 316/320/28 390/395/28 389/394/26 315/319/26
f 317/321/29 391/396/29 390/395/28 316/320/28
f 318/322/30 392/397/30 391/396/29 317/321/29
f 319/323/32 393/398/32 392/397/30 318/322/30
f 320/324/33 394/399/33 393/398/32 319/323/32
f 321/325/34 395/400/34 394/399/33 320/324/33
f 322/326/36 396/401/36 395/400/34 321/325/34
f 323/327/37 397/402/37 396/401/37 322/326/37
f 324/328/38 398/403/38 397/402/38 323/327/38
f 325/329/39 399/404/39 398/403/39 324/328/39
f 326/330/41 400/405/41 399/404/40 325/329/40
f 327/331/42 401/406/42 400/405/41 326/330/41
f 328/332/44 402/407/44 401/406/42 327/331/42
f 329/333/46 403/408/46 402/407/44 328/332/44
f 330/334/47 404/409/47 403/408/46 329/333/46
f 331/335/49 405/410/49 404/409/47 330/334/47
f 332/336/51 406/411/51 405/410/49 331/335/49
f 333/337/52 407/412/52 406/411/51 332/336/51
f 334/338/54 408/413/54 407/412/52 333/337/52
f 335/339/55 409/414/55 408/413/54 334/338/54
f 336/340/56 410/415/56 409/414/55 335/339/55
f 337/341/58 411/416/58 410/415/56 336/340/56
f 338/342/60 412/417/60 411/416/58 337/341/58
f 339/343/61 413/418/61 412/417/60 338/342/60
f 340/344/62 414/419/62 413/418/61 339/343/61
f 341/345/63 415/420/63 414/419/62 340/344/62
f 342/346/65 416/421/65 415/420/63 341/345/63
f 343/347/66 417/422/66 416/421/65 342/346/65
f 344/348/67 418/423/67 417/422/66 343/347/66
f 345/349/68 419/424/68 418/423/67 344/348/67
f 346/350/70 420/425/70 419/424/68 345/349/68
f 347/351/71 421/426/71 420/425/70 346/350/70
f 348/352/72 422/427/72 421/426/71 347/351/71
f 349/353/73 423/428/73 422/427/72 348/352/72
f 350/354/74 424/429/74 423/428/73 349/353/73
f 351/355/75 425/430/75 424/429/74 350/354/74
f 352/356/77 426/431/77 425/430/75 351/355/75
f 353/357/78 427/432/78 426/431/77 352/356/77
f 354/358/80 428/433/80 427/432/78 353/357/78
f 355/359/82 429/434/82 428/433/80 354/358/80
f 356/360/84 430/435/84 429/434/82 355/359/82
f 357/361/85 431/436/85 430/435/84 356/360/84
f 358/362/87 432/437/87 431/436/85 357/361/85
f 359/363/89 433/438/89 432/437/87 358/362/87
f 360/364/37 434/439/37 433/438/37 359/363/37
f 361/365/38 435/440/38 434/439/38 360/364/38
f 362/366/39 436/441/39 435/440/39 361/365/39
f 363/367/91 437/442/91 436/441/90 362/366/90
f 364/368/92 438/443/92 437/442/91 363/367/91
f 365/369/93 439/444/93 438/443/92 364/368/92
f 366/370/95 440/445/95 439/444/93 365/369/93
f 367/371/96 441/446/96 440/445/95 366/370/95
f 368/372/97 442/447/97 441/446/96 367/371/96
f 369/373/98 443/448/98 442/447/97 368/372/97
f 370/374/99 444/449/99 443/448/98 369/373/98
f 297/375/2 371/450/2 444/449/99 370/374/99
f 372/377/3 446/452/3 445/451/2 371/376/2
f 373/378/4 447/453/4 446/452/3 372/377/3
f 374/379/5 448/454/5 447/453/4 373/378/4
f 375/380/6 449/455/6 448/454/5 374/379/5
f 376/381/7 450/456/7 449/455/6 375/380/6
f 377/382/8 451/457/8 450/456/7 376/381/7
f 378/383/9 452/458/9 451/457/8 377/382/8
f 379/384/11 453/459/11 452/458/9 378/383/9
f 380/385/12 454/460/12 453/459/11 379/384/11
f 381/386/14 455/461/14 454/460/12 380/385/12
f 382/387/15 456/462/15 455/461/14 381/386/14
f 383/388/17 457/463/17 456/462/15 382/387/15
f 384/389/18 458/464/18 457/463/17 383/388/17
f 385/390/20 459/465/20 458/464/18 384/389/18
f 386/391/22 460/466/22 459/465/20 385/390/20
f 387/392/23 461/467/23 460/466/22 386/391/22
f 388/393/25 462/468/25 461/467/23 387/392/23
f 389/394/26 463/469/26 462/468/25 388/393/25
f 390/395/28 464/470/28 463/469/26 389/394/26
f 391/396/29 465/471/29 464/470/28 390/395/28
f 392/397/30 466/472/30 465/471/29 391/396/29
f 393/398/32 467/473/32 466/472/30 392/397/30
f 394/399/33 468/474/33 467/473/32 393/398/32
f 395/400/34 469/475/34 468/474/33 394/399/33
f 396/401/36 470/476/36 469/475/34 395/400/34
f 397/402/37 471/477/37 470/476/37 396/401/37
f 398/403/38 472/478/38 471/477/38 397/402/38
f 399/404/39 473/479/39 472/478/39 398/403/39
f 400/405/41 474/480/41 473/479/40 399/404/40
f 401/406/42 475/481/42 474/480/41 400/405/41
f 402/407/44 476/482/44 475/481/42 401/406/42
f 403/408/46 477/483/46 476/482/44 402/407/44
f 404/409/47 478/484/47 477/483/46 403/408/46
f 405/410/49 479/485/49 478/484/47 404/409/47
f 406/411/51 480/486/51 479/485/49 405/410/49
f 407/412/52 481/487/52 480/486/51 406/411/51
f 408/413/54 482/488/54 481/487/52 407/412/52
f 409/414/55 483/489/55 482/488/54 408/413/54
f 410/415/56 484/490/56 483/489/55 409/414/55
f 411/416/58 485/491/58 484/490/56 410/415/56
f 412/417/60 486/492/60 485/491/58 411/416/58
f 413/418/61 487/493/61 486/492/60 412/417/60
f 414/419/62 488/494/62 487/493/61 413/418/61
f 415/420/63 489/495/63 488/494/62 414/419/62
f 416/421/65 490/496/65 489/495/63 415/420/63
f 417/422/66 491/497/66 490/496/65 416/421/65
f 418/423/67 492/498/67 491/497/66 417/422/66
f 419/424/68 493/499/68 492/498/67 418/423/67
f 420/425/70 494/500/70 493/499/68 419/424/68
f 421/426/71 495/501/71 494/500/70 420/425/70
f 422/427/72 496/502/72 495/501/71 421/426/71
f 423/428/73 497/503/73 496/502/72 422/427/72
f 424/429/74 498/504/74 497/503/73 423/428/73
f 425/430/75 499/505/75 498/504/74 424/429/74
f 426/431/77 500/506/77 499/505/75 425/430/75
f 427/432/78 501/507/78 500/506/77 426/431/77
f 428/433/80 502/508/80 501/507/78 427/432/78
f 429/434/82 503/509/82 502/508/80 428/433/80
f 430/435/84 504/510/84 503/509/82 429/434/82
f 431/436/85 505/511/85 504/510/84 430/435/84
f 432/437/87 506/512/87 505/511/85 431/436/85
f 433/438/89 507/513/89 506/512/87 432/437/87
f 434/439/37 508/514/37 507/513/37 433/438/37
f 435/440/38 509/515/38 508/514/38 434/439/38
f 436/441/39 510/516/39 509/515/39 435/440/39
f 437/442/91 511/517/91 510/516/90 436/441/90
f 438/443/92 512/518/92 511/517/91 437/442/91
f 439/444/93 513/519/93 512/518/92 438/443/92
f 440/445/95 514/520/95 513/519/93 439/444/93
f 441/446/96 515/521/96 514/520/95 440/445/95
f 442/447/97 516/522/97 515/521/96 441/446/96
f 443/448/98 517/523/98 516/522/97 442/447/97
f 444/449/99 518/524/99 517/523/98 443/448/98
f 371/450/2 445/525/2 518/524/99 444/449/99
f 446/452/3 520/527/3 519/526/1 445/451/2
f 447/453/4 521/528/4 520/527/3 446/452/3
f 448/454/5 522/529/5 521/528/4 447/453/4
f 449/455/6 523/530/6 522/529/5 448/454/5
f 450/456/7 524/531/7 523/530/6 449/455/6
f 451/457/8 525/532/8 524/531/7 450/456/7
f 452/458/9 526/533/10 525/532/8 451/457/8
f 453/459/11 527/534/11 526/533/10 452/458/9
f 454/460/12 528/535/13 527/534/11 453/459/11
f 455/461/14 529/536/14 528/535/13 454/460/12
f 456/462/15 530/537/16 529/536/14 455/461/14
f 457/463/17 531/538/17 530/537/16 456/462/15
f 458/464/18 532/539/19 531/538/17 457/463/17
f 459/465/20 533/540/21 532/539/19 458/464/18
f 460/466/22 534/541/22 533/540/21 459/465/20
f 461/467/23 535/542/24 534/541/22 460/466/22
f 462/468/25 536/543/25 535/542/24 461/467/23
f 463/469/26 537/544/27 536/543/25 462/468/25
f 464/470/28 538/545/28 537/544/27 463/469/26
f 465/471/29 539/546/29 538/545/28 464/470/28
f 466/472/30 540/547/31 539/546/29 465/471/29
f 467/473/32 541/548/32 540/547/31 466/472/30
f 468/474/33 542/549/33 541/548/32 467/473/32
f 469/475/34 543/550/35 542/549/33 468/474/33
f 470/476/36 544/551/36 543/550/35 469/475/34
f 471/477/37 545/552/37 544/551/37 470/476/37
f 472/478/38 546/553/38 545/552/38 471/477/38
f 473/479/39 547/554/39 546/553/39 472/478/39
f 474/480/41 548/555/41 547/554/40 473/479/40
f 475/481/42 549/556/43 548/555/41 474/480/41
f 476/482/44 550/557/45 549/556/43 475/481/42
f 477/483/46 551/558/46 550/557/45 476/482/44
f 478/484/47 552/559/48 551/558/46 477/483/46
f 479/485/49 553/560/50 552/559/48 478/484/47
f 480/486/51 554/561/51 553/560/50 479/485/49
f 481/487/52 555/562/53 554/561/51 480/486/51
f 482/488/54 556/563/54 555/562/53 481/487/52
f 483/489/55 557/564/55 556/563/54 482/488/54
f 484/490/56 558/565/57 557/564/55 483/489/55
f 485/491/58 559/566/59 558/565/57 484/490/56
f 486/492/60 560/567/60 559/566/59 485/491/58
f 487/493/61 561/568/61 560/567/60 486/492/60
f 488/494/62 562/569/62 561/568/61 487/493/61
f 489/495/63 563/570/64 562/569/62 488/494/62
f 490/496/65 564/571/65 563/570/64 489/495/63
f 491/497/66 565/572/66 564/571/65 490/496/65
f 492/498/67 566/573/67 565/572/66 491/497/66
f 493/499/68 567/574/69 566/573/67 492/498/67
f 494/500/70 568/575/70 567/574/69 493/499/68
f 495/501/71 569/576/71 568/575/70 494/500/70
f 496/502/72 570/577/72 569/576/71 495/501/71
f 497/503/73 571/578/73 570/577/72 496/502/72
f 498/504/74 572/579/74 571/578/73 497/503/73
f 499/505/75 573/580/76 572/579/74 498/504/74
f 500/506/77 574/581/77 573/580/76 499/505/75
f 501/507/78 575/582/79 574/581/77 500/506/77
f 502/508/80 576/583/81 575/582/79 501/507/78
f 503/509/82 577/584/83 576/583/81 502/508/80
f 504/510/84 578/585/84 577/584/83 503/509/82
f 505/511/85 579/586/86 578/585/84 504/510/84
f 506/512/87 580/587/88 579/586/86 505/511/85
f 507/513/89 581/588/89 580/587/88 506/512/87
f 508/514/37 582/589/37 581/588/37 507/513/37
f 509/515/38 583/590/38 582/589/38 508/514/38
f 510/516/39 584/591/39 583/590/39 509/515/39
f 511/517/91 585/592/91 584/591/90 510/516/90
f 512/518/92 586/593/92 585/592/91 511/517/91
f 513/519/93 587/594/94 586/593/92 512/518/92
f 514/520/95 588/595/95 587/594/94 513/519/93
f 515/521/96 589/596/96 588/595/95 514/520/95
f 516/522/97 590/597/97 589/596/96 515/521/96
f 517/523/98 591/598/98 590/597/97 516/522/97
f 518/524/99 592/599/99 591/598/98 517/523/98
f 445/525/2 519/600/1 592/599/99 518/524/99
f 73/678/115 598/677/114 593/676/113 74/675/112
f 598/677/114 597/680/117 594/679/116 593/676/113
f 597/680/117 596/641/119 595/609/118 594/679/116
f 72/682/121 601/681/120 598/677/114 73/678/115
f 601/681/120 600/683/122 597/680/117 598/677/114
f 600/683/122 599/625/123 596/641/119 597/680/117
f 71/685/125 604/684/124 601/681/120 72/682/121
f 604/684/124 603/686/126 600/683/122 601/681/120
f 603/686/126 602/602/127 599/625/123 600/683/122
f 70/688/129 607/687/128 604/684/124 71/685/125
f 607/687/128 606/689/130 603/686/126 604/684/124
f 606/689/130 605/601/131 602/602/127 603/686/126
f 69/691/133 610/690/132 607/687/128 70/688/129
f 610/690/132 609/692/134 606/689/130 607/687/128
f 609/692/134 608/622/135 605/601/131 606/689/130
f 68/694/137 613/693/136 610/690/132 69/691/133
f 613/693/136 612/695/138 609/692/134 610/690/132
f 612/695/138 611/635/139 608/622/135 609/692/134
f 67/697/141 616/696/140 613/693/136 68/694/137
f 616/696/140 615/698/142 612/695/138 613/693/136
f 615/698/142 614/656/143 611/635/139 612/695/138
f 66/700/145 619/699/144 616/696/140 67/697/141
f 619/699/144 618/701/146 615/698/142 616/696/140
f 618/701/146 617/663/147 614/656/143 615/698/142
f 65/703/149 622/702/148 619/699/144 66/700/145
f 622/702/148 621/704/150 618/701/146 619/699/144
f 621/704/150 620/662/151 617/663/147 618/701/146
f 64/706/152 625/705/153 622/702/153 65/703/152
f 625/705/153 624/707/154 621/704/154 622/702/153
f 624/707/154 623/665/155 620/662/155 621/704/154
f 63/709/159 628/708/158 625/705/157 64/706/156
f 628/708/158 627/710/161 624/707/160 625/705/157
f 627/710/161 626/664/163 623/665/162 624/707/160
f 62/712/165 631/711/164 628/708/158 63/709/159
f 631/711/164 630/713/166 627/710/161 628/708/158
f 630/713/166 629/657/167 626/664/163 627/710/161
f 61/715/169 634/714/168 631/711/164 62/712/165
f 634/714/168 633/716/170 630/713/166 631/711/164
f 633/716/170 632/636/171 629/657/167 630/713/166
f 60/718/173 637/717/172 634/714/168 61/715/169
f 637/717/172 636/719/174 633/716/170 634/714/168
f 636/719/174 635/621/175 632/636/171 633/716/170
f 59/721/177 640/720/176 637/717/172 60/718/173
f 640/720/176 639/722/178 636/719/174 637/717/172
f 639/722/178 638/604/179 635/621/175 636/719/174
f 58/724/181 643/723/180 640/720/176 59/721/177
f 643/723/180 642/725/182 639/722/178 640/720/176
f 642/725/182 641/603/183 638/604/179 639/722/178
f 57/727/185 646/726/184 643/723/180 58/724/181
f 646/726/184 645/728/186 642/725/182 643/723/180
f 645/728/186 644/626/187 641/603/183 642/725/182
f 56/730/189 649/729/188 646/726/184 57/727/185
f 649/729/188 648/731/190 645/728/186 646/726/184
f 648/731/190 647/612/191 644/626/187 645/728/186
f 55/733/193 652/732/192 649/729/188 56/730/189
f 652/732/192 651/734/194 648/731/190 649/729/188
f 651/734/194 650/611/195 647/612/191 648/731/190
f 54/736/197 655/735/196 652/732/192 55/733/193
f 655/735/196 654/737/198 651/734/194 652/732/192
f 654/737/198 653/614/199 650/611/195 651/734/194
f 53/739/201 658/738/200 655/735/196 54/736/197
f 658/738/200 657/740/202 654/737/198 655/735/196
f 657/740/202 656/628/203 653/614/199 654/737/198
f 52/742/205 661/741/204 658/738/200 53/739/201
f 661/741/204 660/743/206 657/740/202 658/738/200
f 660/743/206 659/669/207 656/628/203 657/740/202
f 51/745/209 664/744/208 661/741/204 52/742/205
f 664/744/208 663/746/210 660/743/206 661/741/204
f 663/746/210 662/661/211 659/669/207 660/743/206
f 50/748/213 667/747/212 664/744/208 51/745/209
f 667/747/212 666/749/214 663/746/210 664/744/208
f 666/749/214 665/660/215 662/661/211 663/746/210
f 49/751/217 670/750/216 667/747/212 50/748/213
f 670/750/216 669/752/218 666/749/214 667/747/212
f 669/752/218 668/673/219 665/660/215 666/749/214
f 48/754/221 673/753/220 670/750/216 49/751/217
f 673/753/220 672/755/222 669/752/218 670/750/216
f 672/755/222 671/674/223 668/673/219 669/752/218
f 47/757/225 676/756/224 673/753/220 48/754/221
f 676/756/224 675/758/226 672/755/222 673/753/220
f 675/758/226 674/631/227 671/674/223 672/755/222
f 46/760/229 679/759/228 676/756/224 47/757/225
f 679/759/228 678/761/230 675/758/226 676/756/224
f 678/761/230 677/630/231 674/631/227 675/758/226
f 45/763/233 682/762/232 679/759/228 46/760/229
f 682/762/232 681/764/234 678/761/230 679/759/228
f 681/764/234 680/650/235 677/630/231 678/761/230
f 44/766/237 685/765/236 682/762/232 45/763/233
f 685/765/236 684/767/238 681/764/234 682/762/232
f 684/767/238 683/647/239 680/650/235 681/764/234
f 43/769/241 688/768/240 685/765/236 44/766/237
f 688/768/240 687/770/242 684/767/238 685/765/236
f 687/770/242 686/646/243 683/647/239 684/767/238
f 42/772/245 691/771/244 688/768/240 43/769/241
f 691/771/244 690/773/246 687/770/242 688/768/240
f 690/773/246 689/671/247 686/646/243 687/770/242
f 41/775/249 694/774/248 691/771/244 42/772/245
f 694/774/248 693/776/250 690/773/246 691/771/244
f 693/776/250 692/655/251 689/671/247 690/773/246
f 40/778/253 697/777/252 694/774/248 41/775/249
f 697/777/252 696/779/254 693/776/250 694/774/248
f 696/779/254 695/652/255 692/655/251 693/776/250
f 39/781/257 700/780/256 697/777/252 40/778/253
f 700/780/256 699/782/258 696/779/254 697/777/252
f 699/782/258 698/643/259 695/652/255 696/779/254
f 38/784/261 703/783/260 700/780/256 39/781/257
f 703/783/260 702/785/262 699/782/258 700/780/256
f 702/785/262 701/640/263 698/643/259 699/782/258
f 37/787/265 706/786/264 703/783/260 38/784/261
f 706/786/264 705/788/266 702/785/262 703/783/260
f 705/788/266 704/634/267 701/640/263 702/785/262
f 36/790/269 709/789/268 706/786/264 37/787/265
f 709/789/268 708/791/270 705/788/266 706/786/264
f 708/791/270 707/623/271 704/634/267 705/788/266
f 35/793/273 712/792/272 709/789/268 36/790/269
f 712/792/272 711/794/274 708/791/270 709/789/268
f 711/794/274 710/607/275 707/623/271 708/791/270
f 34/796/277 715/795/276 712/792/272 35/793/273
f 715/795/276 714/797/278 711/794/274 712/792/272
f 714/797/278 713/606/279 710/607/275 711/794/274
f 33/799/281 718/798/280 715/795/276 34/796/277
f 718/798/280 717/800/282 714/797/278 715/795/276
f 717/800/282 716/616/283 713/606/279 714/797/278
f 32/802/285 721/801/284 718/798/280 33/799/281
f 721/801/284 720/803/286 717/800/282 718/798/280
f 720/803/286 719/638/287 716/616/283 717/800/282
f 31/805/289 724/804/288 721/801/284 32/802/285
f 724/804/288 723/806/290 720/803/286 721/801/284
f 723/806/290 722/649/291 719/638/287 720/803/286
f 30/808/293 727/807/292 724/804/288 31/805/289
f 727/807/292 726/809/294 723/806/290 724/804/288
f 726/809/294 725/619/295 722/649/291 723/806/290
f 29/811/297 730/810/296 727/807/292 30/808/293
f 730/810/296 729/812/298 726/809/294 727/807/292
f 729/812/298 728/618/299 725/619/295 726/809/294
f 28/814/301 733/813/300 730/810/296 29/811/297
f 733/813/300 732/815/150 729/812/298 730/810/296
f 732/815/150 731/667/302 728/618/299 729/812/298
f 27/526/303 736/816/304 733/813/304 28/814/303
f 736/816/304 735/817/305 732/815/305 733/813/304
f 735/817/305 734/666/306 731/667/306 732/815/305
f 26/819/309 739/818/308 736/816/157 27/526/307
f 739/818/308 738/820/311 735/817/310 736/816/157
f 738/820/311 737/617/313 734/666/312 735/817/310
f 25/822/315 742/821/314 739/818/308 26/819/309
f 742/821/314 741/823/316 738/820/311 739/818/308
f 741/823/316 740/620/317 737/617/313 738/820/311
f 24/825/319 745/824/318 742/821/314 25/822/315
f 745/824/318 744/826/320 741/823/316 742/821/314
f 744/826/320 743/648/321 740/620/317 741/823/316
f 23/828/323 748/827/322 745/824/318 24/825/319
f 748/827/322 747/829/324 744/826/320 745/824/318
f 747/829/324 746/653/325 743/648/321 744/826/320
f 22/831/327 751/830/326 748/827/322 23/828/323
f 751/830/326 750/832/328 747/829/324 748/827/322
f 750/832/328 749/637/329 746/653/325 747/829/324
f 21/834/331 754/833/330 751/830/326 22/831/327
f 754/833/330 753/835/332 750/832/328 751/830/326
f 753/835/332 752/615/333 749/637/329 750/832/328
f 20/837/335 757/836/334 754/833/330 21/834/331
f 757/836/334 756/838/336 753/835/332 754/833/330
f 756/838/336 755/605/337 752/615/333 753/835/332
f 19/840/339 760/839/338 757/836/334 20/837/335
f 760/839/338 759/841/340 756/838/336 757/836/334
f 759/841/340 758/608/341 755/605/337 756/838/336
f 18/843/343 763/842/342 760/839/338 19/840/339
f 763/842/342 762/844/344 759/841/340 760/839/338
f 762/844/344 761/624/345 758/608/341 759/841/340
f 17/846/347 766/845/346 763/842/342 18/843/343
f 766/845/346 765/847/348 762/844/344 763/842/342
f 765/847/348 764/633/349 761/624/345 762/844/344
f 16/849/351 769/848/350 766/845/346 17/846/347
f 769/848/350 768/850/352 765/847/348 766/845/346
f 768/850/352 767/639/353 764/633/349 765/847/348
f 15/852/355 772/851/354 769/848/350 16/849/351
f 772/851/354 771/853/356 768/850/352 769/848/350
f 771/853/356 770/642/357 767/639/353 768/850/352
f 14/855/359 775/854/358 772/851/354 15/852/355
f 775/854/358 774/856/360 771/853/356 772/851/354
f 774/856/360 773/651/361 770/642/357 771/853/356
f 13/858/363 778/857/362 775/854/358 14/855/359
f 778/857/362 777/859/364 774/856/360 775/854/358
f 777/859/364 776/654/365 773/651/361 774/856/360
f 12/861/367 781/860/366 778/857/362 13/858/363
f 781/860/366 780/862/368 777/859/364 778/857/362
f 780/862/368 779/670/369 776/654/365 777/859/364
f 11/864/371 784/863/370 781/860/366 12/861/367
f 784/863/370 783/865/372 780/862/368 781/860/366
f 783/865/372 782/645/373 779/670/369 780/862/368
f 10/867/375 787/866/374 784/863/370 11/864/371
f 787/866/374 786/868/376 783/865/372 784/863/370
f 786/868/376 785/644/377 782/645/373 783/865/372
f 9/870/379 790/869/378 787/866/374 10/867/375
f 790/869/378 789/871/380 786/868/376 787/866/374
f 789/871/380 788/629/381 785/644/377 786/868/376
f 8/873/383 793/872/382 790/869/378 9/870/379
f 793/872/382 792/874/384 789/871/380 790/869/378
f 792/874/384 791/632/385 788/629/381 789/871/380
f 7/876/387 796/875/386 793/872/382 8/873/383
f 796/875/386 795/877/388 792/874/384 793/872/382
f 795/877/388 794/672/389 791/632/385 792/874/384
f 6/879/391 799/878/390 796/875/386 7/876/387
f 799/878/390 798/880/392 795/877/388 796/875/386
f 798/880/392 797/659/393 794/672/389 795/877/388
f 5/882/395 802/881/394 799/878/390 6/879/391
f 802/881/394 801/883/396 798/880/392 799/878/390
f 801/883/396 800/658/397 797/659/393 798/880/392
f 4/885/399 805/884/398 802/881/394 5/882/395
f 805/884/398 804/886/400 801/883/396 802/881/394
f 804/886/400 803/668/401 800/658/397 801/883/396
f 3/888/403 808/887/402 805/884/398 4/885/399
f 808/887/402 807/889/404 804/886/400 805/884/398
f 807/889/404 806/627/405 803/668/401 804/886/400
f 2/891/407 811/890/406 808/887/402 3/888/403
f 811/890/406 810/892/408 807/889/404 808/887/402
f 810/892/408 809/613/409 806/627/405 807/889/404
f 1/894/411 814/893/410 811/890/406 2/891/407
f 814/893/410 813/895/412 810/892/408 811/890/406
f 813/895/412 812/610/413 809/613/409 810/892/408
f 74/675/112 593/676/113 814/893/410 1/894/411
f 593/676/113 594/679/116 813/895/412 814/893/410
f 594/679/116 595/609/118 812/610/413 813/895/412
f 1034/610/417 1031/613/419 1028/627/419 1025/668/426 1022/658/425 1019/659/425 1016/672/425 1013/632/416 1010/629/421 1007/644/414 1004/645/420 1001/670/416 998/654/416 995/651/416 992/642/424 989/639/419 986/633/419 983/624/414 980/608/416 977/605/414 974/615/414 971/637/423 968/653/423 965/648/419 962/620/416 959/617/415 956/666/414 953/667/414 950/618/415 947/619/416 944/649/425 941/638/423 938/616/414 935/606/414 932/607/416 929/623/414 926/634/419 923/640/419 920/643/424 917/652/416 914/655/416 911/671/416 908/646/420 905/647/414 902/650/416 899/630/419 896/631/416 893/674/415 890/673/415 887/660/425 884/661/425 881/669/426 878/628/419 875/614/419 872/611/417 869/612/417 866/626/419 863/603/414 860/604/415 857/621/420 854/636/422 851/657/422 848/664/425 845/665/425 842/662/425 839/663/425 836/656/422 833/635/422 830/622/420 827/601/415 824/602/414 821/625/419 818/641/418 817/609/418
f 592/675/430 815/676/429 820/677/428 591/678/427
f 815/676/429 816/679/432 819/680/431 820/677/428
f 816/679/432 817/609/434 818/641/433 819/680/431
f 591/678/427 820/677/428 823/681/436 590/682/435
f 820/677/428 819/680/431 822/683/437 823/681/436
f 819/680/431 818/641/433 821/625/438 822/683/437
f 590/682/435 823/681/436 826/684/440 589/685/439
f 823/681/436 822/683/437 825/686/441 826/684/440
f 822/683/437 821/625/438 824/602/442 825/686/441
f 589/685/439 826/684/440 829/687/444 588/688/443
f 826/684/440 825/686/441 828/689/445 829/687/444
f 825/686/441 824/602/442 827/601/446 828/689/445
f 588/688/443 829/687/444 832/690/448 587/691/447
f 829/687/444 828/689/445 831/692/449 832/690/448
f 828/689/445 827/601/446 830/622/450 831/692/449
f 587/691/447 832/690/448 835/693/452 586/694/451
f 832/690/448 831/692/449 834/695/453 835/693/452
f 831/692/449 830/622/450 833/635/454 834/695/453
f 586/694/451 835/693/452 838/696/456 585/697/455
f 835/693/452 834/695/453 837/698/457 838/696/456
f 834/695/453 833/635/454 836/656/458 837/698/457
f 585/697/455 838/696/456 841/699/460 584/700/459
f 838/696/456 837/698/457 840/701/461 841/699/460
f 837/698/457 836/656/458 839/663/462 840/701/461
f 584/700/459 841/699/460 844/702/464 583/703/463
f 841/699/460 840/701/461 843/704/465 844/702/464
f 840/701/461 839/663/462 842/662/466 843/704/465
f 583/703/467 844/702/468 847/705/468 582/706/467
f 844/702/468 843/704/469 846/707/469 847/705/468
f 843/704/469 842/662/470 845/665/470 846/707/469
f 582/706/474 847/705/473 850/708/472 581/709/471
f 847/705/473 846/707/476 849/710/475 850/708/472
f 846/707/476 845/665/478 848/664/477 849/710/475
f 581/709/471 850/708/472 853/711/480 580/712/479
f 850/708/472 849/710/475 852/713/481 853/711/480
f 849/710/475 848/664/477 851/657/482 852/713/481
f 580/712/479 853/711/480 856/714/484 579/715/483
f 853/711/480 852/713/481 855/716/485 856/714/484
f 852/713/481 851/657/482 854/636/486 855/716/485
f 579/715/483 856/714/484 859/717/488 578/718/487
f 856/714/484 855/716/485 858/719/489 859/717/488
f 855/716/485 854/636/486 857/621/490 858/719/489
f 578/718/487 859/717/488 862/720/492 577/721/491
f 859/717/488 858/719/489 861/722/493 862/720/492
f 858/719/489 857/621/490 860/604/494 861/722/493
f 577/721/491 862/720/492 865/723/496 576/724/495
f 862/720/492 861/722/493 864/725/497 865/723/496
f 861/722/493 860/604/494 863/603/498 864/725/497
f 576/724/495 865/723/496 868/726/500 575/727/499
f 865/723/496 864/725/497 867/728/501 868/726/500
f 864/725/497 863/603/498 866/626/502 867/728/501
f 575/727/499 868/726/500 871/729/504 574/730/503
f 868/726/500 867/728/501 870/731/505 871/729/504
f 867/728/501 866/626/502 869/612/506 870/731/505
f 574/730/503 871/729/504 874/732/508 573/733/507
f 871/729/504 870/731/505 873/734/509 874/732/508
f 870/731/505 869/612/506 872/611/510 873/734/509
f 573/733/507 874/732/508 877/735/512 572/736/511
f 874/732/508 873/734/509 876/737/513 877/735/512
f 873/734/509 872/611/510 875/614/514 876/737/513
f 572/736/511 877/735/512 880/738/516 571/739/515
f 877/735/512 876/737/513 879/740/517 880/738/516
f 876/737/513 875/614/514 878/628/518 879/740/517
f 571/739/515 880/738/516 883/741/520 570/742/519
f 880/738/516 879/740/517 882/743/521 883/741/520
f 879/740/517 878/628/518 881/669/522 882/743/521
f 570/742/519 883/741/520 886/744/524 569/745/523
f 883/741/520 882/743/521 885/746/525 886/744/524
f 882/743/521 881/669/522 884/661/526 885/746/525
f 569/745/523 886/744/524 889/747/528 568/748/527
f 886/744/524 885/746/525 888/749/529 889/747/528
f 885/746/525 884/661/526 887/660/530 888/749/529
f 568/748/527 889/747/528 892/750/532 567/751/531
f 889/747/528 888/749/529 891/752/533 892/750/532
f 888/749/529 887/660/530 890/673/534 891/752/533
f 567/751/531 892/750/532 895/753/536 566/754/535
f 892/750/532 891/752/533 894/755/537 895/753/536
f 891/752/533 890/673/534 893/674/538 894/755/537
f 566/754/535 895/753/536 898/756/540 565/757/539
f 895/753/536 894/755/537 897/758/541 898/756/540
f 894/755/537 893/674/538 896/631/542 897/758/541
f 565/757/539 898/756/540 901/759/544 564/760/543
f 898/756/540 897/758/541 900/761/545 901/759/544
f 897/758/541 896/631/542 899/630/546 900/761/545
f 564/760/543 901/759/544 904/762/548 563/763/547
f 901/759/544 900/761/545 903/764/549 904/762/548
f 900/761/545 899/630/546 902/650/550 903/764/549
f 563/763/547 904/762/548 907/765/552 562/766/551
f 904/762/548 903/764/549 906/767/553 907/765/552
f 903/764/549 902/650/550 905/647/554 906/767/553
f 562/766/551 907/765/552 910/768/556 561/769/555
f 907/765/552 906/767/553 909/770/557 910/768/556
f 906/767/553 905/647/554 908/646/558 909/770/557
f 561/769/555 910/768/556 913/771/560 560/772/559
f 910/768/556 909/770/557 912/773/561 913/771/560
f 909/770/557 908/646/558 911/671/562 912/773/561
f 560/772/559 913/771/560 916/774/564 559/775/563
f 913/771/560 912/773/561 915/776/565 916/774/564
f 912/773/561 911/671/562 914/655/566 915/776/565
f 559/775/563 916/774/564 919/777/568 558/778/567
f 916/774/564 915/776/565 918/779/569 919/777/568
f 915/776/565 914/655/566 917/652/570 918/779/569
f 558/778/567 919/777/568 922/780/572 557/781/571
f 919/777/568 918/779/569 921/782/573 922/780/572
f 918/779/569 917/652/570 920/643/574 921/782/573
f 557/781/571 922/780/572 925/783/576 556/784/575
f 922/780/572 921/782/573 924/785/577 925/783/576
f 921/782/573 920/643/574 923/640/578 924/785/577
f 556/784/575 925/783/576 928/786/580 555/787/579
f 925/783/576 924/785/577 927/788/581 928/786/580
f 924/785/577 923/640/578 926/634/582 927/788/581
f 555/787/579 928/786/580 931/789/584 554/790/583
f 928/786/580 927/788/581 930/791/585 931/789/584
f 927/788/581 926/634/582 929/623/586 930/791/585
f 554/790/583 931/789/584 934/792/588 553/793/587
f 931/789/584 930/791/585 933/794/589 934/792/588
f 930/791/585 929/623/586 932/607/590 933/794/589
f 553/793/587 934/792/588 937/795/592 552/796/591
f 934/792/588 933/794/589 936/797/593 937/795/592
f 933/794/589 932/607/590 935/606/594 936/797/593
f 552/796/591 937/795/592 940/798/596 551/799/595
f 937/795/592 936/797/593 939/800/597 940/798/596
f 936/797/593 935/606/594 938/616/598 939/800/597
f 551/799/595 940/798/596 943/801/600 550/802/599
f 940/798/596 939/800/597 942/803/601 943/801/600
f 939/800/597 938/616/598 941/638/602 942/803/601
f 550/802/599 943/801/600 946/804/604 549/805/603
f 943/801/600 942/803/601 945/806/605 946/804/604
f 942/803/601 941/638/602 944/649/606 945/806/605
f 549/805/603 946/804/604 949/807/608 548/808/607
f 946/804/604 945/806/605 948/809/609 949/807/608
f 945/806/605 944/649/606 947/619/610 948/809/609
f 548/808/607 949/807/608 952/810/612 547/811/611
f 949/807/608 948/809/609 951/812/613 952/810/612
f 948/809/609 947/619/610 950/618/614 951/812/613
f 547/811/611 952/810/612 955/813/464 546/814/615
f 952/810/612 951/812/613 954/815/465 955/813/464
f 951/812/613 950/618/614 953/667/466 954/815/465
f 546/814/616 955/813/617 958/816/617 545/526/616
f 955/813/617 954/815/618 957/817/618 958/816/617
f 954/815/618 953/667/619 956/666/619 957/817/618
f 545/526/623 958/816/622 961/818/621 544/819/620
f 958/816/622 957/817/625 960/820/624 961/818/621
f 957/817/625 956/666/627 959/617/626 960/820/624
f 544/819/620 961/818/621 964/821/629 543/822/628
f 961/818/621 960/820/624 963/823/630 964/821/629
f 960/820/624 959/617/626 962/620/631 963/823/630
f 543/822/628 964/821/629 967/824/633 542/825/632
f 964/821/629 963/823/630 966/826/634 967/824/633
f 963/823/630 962/620/631 965/648/635 966/826/634
f 542/825/632 967/824/633 970/827/637 541/828/636
f 967/824/633 966/826/634 969/829/638 970/827/637
f 966/826/634 965/648/635 968/653/639 969/829/638
f 541/828/636 970/827/637 973/830/641 540/831/640
f 970/827/637 969/829/638 972/832/642 973/830/641
f 969/829/638 968/653/639 971/637/643 972/832/642
f 540/831/640 973/830/641 976/833/645 539/834/644
f 973/830/641 972/832/642 975/835/646 976/833/645
f 972/832/642 971/637/643 974/615/647 975/835/646
f 539/834/644 976/833/645 979/836/649 538/837/648
f 976/833/645 975/835/646 978/838/650 979/836/649
f 975/835/646 974/615/647 977/605/651 978/838/650
f 538/837/648 979/836/649 982/839/653 537/840/652
f 979/836/649 978/838/650 981/841/654 982/839/653
f 978/838/650 977/605/651 980/608/655 981/841/654
f 537/840/652 982/839/653 985/842/657 536/843/656
f 982/839/653 981/841/654 984/844/658 985/842/657
f 981/841/654 980/608/655 983/624/659 984/844/658
f 536/843/656 985/842/657 988/845/661 535/846/660
f 985/842/657 984/844/658 987/847/662 988/845/661
f 984/844/658 983/624/659 986/633/663 987/847/662
f 535/846/660 988/845/661 991/848/665 534/849/664
f 988/845/661 987/847/662 990/850/666 991/848/665
f 987/847/662 986/633/663 989/639/667 990/850/666
f 534/849/664 991/848/665 994/851/669 533/852/668
f 991/848/665 990/850/666 993/853/670 994/851/669
f 990/850/666 989/639/667 992/642/671 993/853/670
f 533/852/668 994/851/669 997/854/673 532/855/672
f 994/851/669 993/853/670 996/856/674 997/854/673
f 993/853/670 992/642/671 995/651/675 996/856/674
f 532/855/672 997/854/673 1000/857/677 531/858/676
f 997/854/673 996/856/674 999/859/678 1000/857/677
f 996/856/674 995/651/675 998/654/679 999/859/678
f 531/858/676 1000/857/677 1003/860/681 530/861/680
f 1000/857/677 999/859/678 1002/862/682 1003/860/681
f 999/859/678 998/654/679 1001/670/683 1002/862/682
f 530/861/680 1003/860/681 1006/863/685 529/864/684
f 1003/860/681 1002/862/682 1005/865/686 1006/863/685
f 1002/862/682 1001/670/683 1004/645/687 1005/865/686
f 529/864/684 1006/863/685 1009/866/689 528/867/688
f 1006/863/685 1005/865/686 1008/868/690 1009/866/689
f 1005/865/686 1004/645/687 1007/644/691 1008/868/690
f 528/867/688 1009/866/689 1012/869/693 527/870/692
f 1009/866/689 1008/868/690 1011/871/694 1012/869/693
f 1008/868/690 1007/644/691 1010/629/695 1011/871/694
f 527/870/692 1012/869/693 1015/872/697 526/873/696
f 1012/869/693 1011/871/694 1014/874/698 1015/872/697
f 1011/871/694 1010/629/695 1013/632/699 1014/874/698
f 526/873/696 1015/872/697 1018/875/701 525/876/700
f 1015/872/697 1014/874/698 1017/877/702 1018/875/701
f 1014/874/698 1013/632/699 1016/672/703 1017/877/702
f 525/876/700 1018/875/701 1021/878/705 524/879/704
f 1018/875/701 1017/877/702 1020/880/706 1021/878/705
f 1017/877/702 1016/672/703 1019/659/707 1020/880/706
f 524/879/704 1021/878/705 1024/881/709 523/882/708
f 1021/878/705 1020/880/706 1023/883/710 1024/881/709
f 1020/880/706 1019/659/707 1022/658/711 1023/883/710
f 523/882/708 1024/881/709 1027/884/713 522/885/712
f 1024/881/709 1023/883/710 1026/886/714 1027/884/713
f 1023/883/710 1022/658/711 1025/668/715 1026/886/714
f 522/885/712 1027/884/713 1030/887/717 521/888/716
f 1027/884/713 1026/886/714 1029/889/718 1030/887/717
f 1026/886/714 1025/668/715 1028/627/719 1029/889/718
f 521/888/716 1030/887/717 1033/890/721 520/891/720
f 1030/887/717 1029/889/718 1032/892/722 1033/890/721
f 1029/889/718 1028/627/719 1031/613/723 1032/892/722
f 520/891/720 1033/890/721 1036/893/725 519/894/724
f 1033/890/721 1032/892/722 1035/895/726 1036/893/725
f 1032/892/722 1031/613/723 1034/610/727 1035/895/726
f 519/894/724 1036/893/725 815/676/429 592/675/430
f 1036/893/725 1035/895/726 816/679/432 815/676/429
f 1035/895/726 1034/610/727 817/609/434 816/679/432
f 1038/897/728 1042/896/728 1041/2/728 1037/1/728
f 1039/899/38 1043/898/38 1042/896/38 1038/897/38
f 1040/901/729 1044/900/729 1043/898/729 1039/899/729
f 1037/150/730 1041/149/730 1044/900/730 1040/901/730
f 1042/896/728 1046/902/728 1045/151/728 1041/2/728
f 1043/898/38 1047/903/38 1046/902/38 1042/896/38
f 1044/900/729 1048/904/729 1047/903/729 1043/898/729
f 1041/149/730 1045/225/730 1048/904/730 1044/900/730
f 1046/902/728 1050/905/728 1049/226/728 1045/151/728
f 1047/903/38 1051/906/38 1050/905/38 1046/902/38
f 1048/904/729 1052/907/729 1051/906/729 1047/903/729
f 1045/225/730 1049/300/730 1052/907/730 1048/904/730
f 1050/905/728 1054/908/728 1053/301/728 1049/226/728
f 1051/906/38 1055/909/38 1054/908/38 1050/905/38
f 1052/907/729 1056/910/729 1055/909/729 1051/906/729
f 1049/300/730 1053/375/730 1056/910/730 1052/907/730
f 1054/908/728 1058/911/728 1057/376/728 1053/301/728
f 1055/909/38 1059/912/38 1058/911/38 1054/908/38
f 1056/910/729 1060/913/729 1059/912/729 1055/909/729
f 1053/375/730 1057/450/730 1060/913/730 1056/910/730
f 1058/911/728 1062/914/728 1061/451/728 1057/376/728
f 1059/912/38 1063/915/38 1062/914/38 1058/911/38
f 1060/913/729 1064/916/729 1063/915/729 1059/912/729
f 1057/450/730 1061/525/730 1064/916/730 1060/913/730
f 1062/914/728 1066/917/728 1065/526/728 1061/451/728
f 1063/915/38 1067/918/38 1066/917/38 1062/914/38
f 1064/916/729 1068/919/729 1067/918/729 1063/915/729
f 1061/525/730 1065/600/730 1068/919/730 1064/916/730
f 1039/927/731 1074/926/732 1069/925/732 1040/924/731
f 1074/926/732 1073/929/733 1070/928/733 1069/925/732
f 1073/929/733 1072/922/734 1071/923/734 1070/928/733
f 1038/526/303 1077/930/304 1074/926/304 1039/927/303
f 1077/930/304 1076/931/305 1073/929/305 1074/926/304
f 1076/931/305 1075/921/306 1072/922/306 1073/929/305
f 1037/1/735 1080/932/736 1077/930/736 1038/526/735
f 1080/932/736 1079/933/737 1076/931/737 1077/930/736
f 1079/933/737 1078/920/738 1075/921/738 1076/931/737
f 1040/924/739 1069/925/740 1080/932/740 1037/1/739
f 1069/925/740 1070/928/741 1079/933/741 1080/932/740
f 1070/928/741 1071/923/742 1078/920/742 1079/933/741
f 1090/920/425 1087/921/425 1084/922/425 1083/923/425
f 1068/924/743 1081/925/464 1086/926/464 1067/927/743
f 1081/925/464 1082/928/744 1085/929/744 1086/926/464
f 1082/928/744 1083/923/745 1084/922/745 1085/929/744
f 1067/927/616 1086/926/617 1089/930/617 1066/526/616
f 1086/926/617 1085/929/618 1088/931/618 1089/930/617
f 1085/929/618 1084/922/619 1087/921/619 1088/931/618
f 1066/526/746 1089/930/622 1092/932/622 1065/1/746
f 1089/930/622 1088/931/747 1091/933/747 1092/932/622
f 1088/931/747 1087/921/748 1090/920/748 1091/933/747
f 1065/1/749 1092/932/750 1081/925/750 1068/924/749
f 1092/932/750 1091/933/751 1082/928/751 1081/925/750
f 1091/933/751 1090/920/752 1083/923/752 1082/928/751

usemtl Wood Painted Matte 001 Red 200cm
f 595/609/103 596/641/103 599/625/105 602/602/101 605/601/100 608/622/102 611/635/108 614/656/108 617/663/110 620/662/110 623/665/110 626/664/110 629/657/108 632/636/108 635/621/102 638/604/100 641/603/101 644/626/105 647/612/104 650/611/104 653/614/105 656/628/105 659/669/111 662/661/110 665/660/110 668/673/106 671/674/106 674/631/102 677/630/105 680/650/102 683/647/102 686/646/102 689/671/102 692/655/102 695/652/102 698/643/109 701/640/105 704/634/105 707/623/101 710/607/102 713/606/101 716/616/101 719/638/100 722/649/110 725/619/102 728/618/106 731/667/101 734/666/101 737/617/106 740/620/102 743/648/105 746/653/100 749/637/100 752/615/101 755/605/101 758/608/102 761/624/101 764/633/105 767/639/105 770/642/109 773/651/102 776/654/102 779/670/102 782/645/102 785/644/102 788/629/107 791/632/102 794/672/110 797/659/110 800/658/110 803/668/111 806/627/105 809/613/105 812/610/104
f 1071/923/110 1072/922/110 1075/921/110 1078/920/110

v -29.658714 -0.618719 -5.529015
v -29.609284 -0.890236 -6.187799
v -29.565650 -1.094963 -6.859105
v -29.527812 -1.232900 -7.542931
v -29.495771 -1.304047 -8.239277
v -29.469526 -1.308404 -8.948144
v -29.449076 -1.245971 -9.669532
v -29.432545 -1.088717 -10.526975
v -29.423903 -0.840555 -11.401461
v -29.423376 -0.515624 -12.250463
v -29.431191 -0.128067 -13.031456
v -29.444529 0.253972 -13.646748
v -29.463996 0.682022 -14.212075
v -29.489591 1.156085 -14.727435
v -29.521315 1.676160 -15.192830
v -29.559167 2.242246 -15.608259
v -29.603148 2.854345 -15.973721
v -29.652034 3.495451 -16.279130
v -29.704600 4.148562 -16.514397
v -29.760846 4.813678 -16.679522
v -29.820773 5.490798 -16.774506
v -29.884380 6.179922 -16.799348
v -29.951668 6.881051 -16.754048
v -30.022636 7.594184 -16.638606
v -30.071993 8.076275 -16.522677
v -30.122985 8.563701 -16.375574
v -31.282876 19.535580 -12.733386
v -31.303277 18.260445 -8.898615
v -30.161966 7.464317 -12.482461
v -30.115803 7.020449 -12.608942
v -30.072441 6.588690 -12.689673
v -30.037503 6.228249 -12.722460
v -30.004623 5.876703 -12.721635
v -29.973801 5.534054 -12.687199
v -29.945037 5.200301 -12.619152
v -29.918330 4.875445 -12.517494
v -29.893682 4.559484 -12.382225
v -29.871598 4.259294 -12.217113
v -29.852583 3.981747 -12.025929
v -29.836639 3.726844 -11.808671
v -29.823765 3.494585 -11.565341
v -29.813962 3.284969 -11.295938
v -29.807228 3.097996 -11.000462
v -29.803564 2.933667 -10.678913
v -29.802827 2.836694 -10.450063
v -29.803455 2.749785 -10.209624
v -29.807717 2.629392 -9.783472
v -29.814506 2.562638 -9.425767
v -29.824189 2.529520 -9.075050
v -29.836766 2.530038 -8.731320
v -29.852237 2.564193 -8.394576
v -29.870603 2.631985 -8.064819
v -29.891863 2.733413 -7.742050
v -29.903578 2.796741 -7.583285
v -29.920324 2.894259 -7.374316
v -29.947289 3.065438 -7.074177
v -29.976016 3.263996 -6.796011
v -30.006505 3.489933 -6.539819
v -30.038756 3.743249 -6.305598
v -30.072770 4.023944 -6.093351
v -30.108546 4.332017 -5.903076
v -30.152511 4.726041 -5.708861
v -30.198875 5.157330 -5.544552
v -31.340187 15.953458 -1.960706
v -31.360454 14.686713 1.848837
v -30.200563 3.714834 -1.793351
v -30.111968 2.892305 -2.111419
v -30.039330 2.243210 -2.437151
v -29.969739 1.645742 -2.811903
v -29.903194 1.099902 -3.235673
v -29.839695 0.605689 -3.708462
v -29.779243 0.163104 -4.230270
v -29.721837 -0.227853 -4.801096
v -29.694277 -0.403972 -5.104892
v -29.215175 -0.577197 -5.512848
v -29.165745 -0.848714 -6.171633
v -29.122111 -1.053441 -6.842938
v -29.084273 -1.191378 -7.526764
v -29.052231 -1.262525 -8.223110
v -29.025986 -1.266881 -8.931978
v -29.005537 -1.204448 -9.653365
v -28.989005 -1.047195 -10.510809
v -28.980363 -0.799033 -11.385295
v -28.979836 -0.474102 -12.234297
v -28.987651 -0.086545 -13.015289
v -29.000989 0.295494 -13.630582
v -29.020456 0.723545 -14.195908
v -29.046051 1.197607 -14.711269
v -29.077775 1.717682 -15.176664
v -29.115627 2.283768 -15.592092
v -29.159609 2.895867 -15.957555
v -29.208494 3.536974 -16.262964
v -29.261060 4.190085 -16.498231
v -29.317307 4.855200 -16.663356
v -29.377234 5.532320 -16.758339
v -29.440841 6.221444 -16.783181
v -29.508128 6.922573 -16.737881
v -29.579096 7.635706 -16.622440
v -29.628453 8.117797 -16.506511
v -29.679445 8.605223 -16.359408
v -30.839337 19.577102 -12.717220
v -30.859738 18.301967 -8.882448
v -29.718426 7.505840 -12.466295
v -29.672263 7.061972 -12.592775
v -29.628901 6.630212 -12.673507
v -29.593963 6.269771 -12.706293
v -29.561083 5.918225 -12.705469
v -29.530261 5.575576 -12.671033
v -29.501497 5.241823 -12.602986
v -29.474791 4.916967 -12.501327
v -29.450142 4.601007 -12.366058
v -29.428058 4.300816 -12.200946
v -29.409044 4.023269 -12.009762
v -29.393100 3.768366 -11.792505
v -29.380226 3.536107 -11.549175
v -29.370422 3.326491 -11.279771
v -29.363688 3.139518 -10.984296
v -29.360025 2.975189 -10.662747
v -29.359288 2.878217 -10.433896
v -29.359915 2.791308 -10.193457
v -29.364178 2.670914 -9.767305
v -29.370966 2.604160 -9.409601
v -29.380649 2.571042 -9.058883
v -29.393226 2.571560 -8.715153
v -29.408698 2.605715 -8.378410
v -29.427063 2.673507 -8.048653
v -29.448323 2.774936 -7.725883
v -29.460039 2.838263 -7.567118
v -29.476784 2.935782 -7.358149
v -29.503749 3.106960 -7.058011
v -29.532476 3.305518 -6.779845
v -29.562965 3.531455 -6.523652
v -29.595217 3.784771 -6.289432
v -29.629230 4.065466 -6.077184
v -29.665006 4.373540 -5.886910
v -29.708972 4.767563 -5.692694
v -29.755336 5.198853 -5.528386
v -30.896647 15.994980 -1.944539
v -30.916914 14.728235 1.865003
v -29.757023 3.756356 -1.777185
v -29.668428 2.933827 -2.095252
v -29.595791 2.284732 -2.420985
v -29.526199 1.687264 -2.795736
v -29.459654 1.141424 -3.219507
v -29.396155 0.647211 -3.692296
v -29.335703 0.204626 -4.214103
v -29.278298 -0.186331 -4.784930
v -29.250737 -0.362450 -5.088725
v -28.771635 -0.535675 -5.496682
v -28.722205 -0.807192 -6.155466
v -28.678571 -1.011919 -6.826772
v -28.640733 -1.149855 -7.510597
v -28.608692 -1.221002 -8.206944
v -28.582446 -1.225359 -8.915811
v -28.561997 -1.162926 -9.637199
v -28.545466 -1.005673 -10.494642
v -28.536823 -0.757510 -11.369128
v -28.536297 -0.432580 -12.218130
v -28.544112 -0.045022 -12.999123
v -28.557450 0.337016 -13.614415
v -28.576916 0.765067 -14.179742
v -28.602511 1.239129 -14.695102
v -28.634235 1.759204 -15.160497
v -28.672088 2.325290 -15.575926
v -28.716069 2.937389 -15.941388
v -28.764955 3.578496 -16.246797
v -28.817521 4.231607 -16.482064
v -28.873767 4.896722 -16.647189
v -28.933694 5.573842 -16.742173
v -28.997301 6.262966 -16.767015
v -29.064589 6.964095 -16.721715
v -29.135557 7.677228 -16.606273
v -29.184913 8.159319 -16.490344
v -29.235906 8.646745 -16.343241
v -30.395797 19.618624 -12.701053
v -30.416198 18.343489 -8.866282
v -29.274886 7.547362 -12.450128
v -29.228723 7.103494 -12.576608
v -29.185361 6.671735 -12.657340
v -29.150423 6.311293 -12.690127
v -29.117543 5.959748 -12.689302
v -29.086721 5.617098 -12.654866
v -29.057957 5.283346 -12.586819
v -29.031251 4.958489 -12.485161
v -29.006603 4.642529 -12.349891
v -28.984518 4.342338 -12.184780
v -28.965504 4.064792 -11.993595
v -28.949560 3.809888 -11.776338
v -28.936686 3.577629 -11.533008
v -28.926882 3.368013 -11.263605
v -28.920149 3.181040 -10.968129
v -28.916485 3.016712 -10.646580
v -28.915748 2.919739 -10.417729
v -28.916376 2.832830 -10.177291
v -28.920638 2.712437 -9.751138
v -28.927427 2.645682 -9.393434
v -28.937110 2.612564 -9.042717
v -28.949687 2.613082 -8.698987
v -28.965158 2.647238 -8.362243
v -28.983524 2.715029 -8.032486
v -29.004784 2.816458 -7.709717
v -29.016499 2.879786 -7.550952
v -29.033245 2.977304 -7.341983
v -29.060210 3.148483 -7.041844
v -29.088936 3.347040 -6.763678
v -29.119426 3.572977 -6.507485
v -29.151677 3.826293 -6.273265
v -29.185690 4.106988 -6.061018
v -29.221466 4.415062 -5.870743
v -29.265432 4.809085 -5.676528
v -29.311796 5.240375 -5.512219
v -30.453108 16.036503 -1.928373
v -30.473375 14.769757 1.881170
v -29.313483 3.797878 -1.761018
v -29.224889 2.975349 -2.079085
v -29.152251 2.326254 -2.404818
v -29.082659 1.728786 -2.779570
v -29.016114 1.182946 -3.203340
v -28.952616 0.688734 -3.676129
v -28.892164 0.246148 -4.197937
v -28.834758 -0.144809 -4.768763
v -28.807198 -0.320928 -5.072558
v -28.328095 -0.494153 -5.480515
v -28.278665 -0.765670 -6.139300
v -28.235031 -0.970396 -6.810605
v -28.197193 -1.108333 -7.494431
v -28.165152 -1.179480 -8.190777
v -28.138907 -1.183837 -8.899644
v -28.118457 -1.121404 -9.621032
v -28.101926 -0.964150 -10.478476
v -28.093284 -0.715988 -11.352961
v -28.092757 -0.391058 -12.201963
v -28.100572 -0.003500 -12.982956
v -28.113910 0.378538 -13.598249
v -28.133377 0.806589 -14.163575
v -28.158972 1.280651 -14.678936
v -28.190696 1.800726 -15.144330
v -28.228548 2.366813 -15.559759
v -28.272529 2.978911 -15.925222
v -28.321415 3.620018 -16.230630
v -28.373981 4.273129 -16.465898
v -28.430227 4.938244 -16.631023
v -28.490154 5.615364 -16.726006
v -28.553761 6.304489 -16.750848
v -28.621049 7.005617 -16.705548
v -28.692017 7.718750 -16.590106
v -28.741374 8.200841 -16.474178
v -28.792366 8.688267 -16.327075
v -29.952257 19.660146 -12.684887
v -29.972658 18.385012 -8.850115
v -28.831347 7.588884 -12.433962
v -28.785184 7.145016 -12.560442
v -28.741822 6.713257 -12.641174
v -28.706884 6.352815 -12.673960
v -28.674004 6.001270 -12.673136
v -28.643182 5.658621 -12.638700
v -28.614418 5.324868 -12.570653
v -28.587711 5.000011 -12.468994
v -28.563063 4.684051 -12.333725
v -28.540979 4.383861 -12.168613
v -28.521964 4.106314 -11.977429
v -28.506020 3.851411 -11.760172
v -28.493146 3.619151 -11.516841
v -28.483343 3.409535 -11.247438
v -28.476609 3.222563 -10.951962
v -28.472945 3.058234 -10.630414
v -28.472208 2.961261 -10.401563
v -28.472836 2.874352 -10.161124
v -28.477098 2.753959 -9.734972
v -28.483887 2.687204 -9.377268
v -28.493570 2.654086 -9.026550
v -28.506147 2.654605 -8.682820
v -28.521618 2.688760 -8.346076
v -28.539984 2.756552 -8.016320
v -28.561244 2.857980 -7.693550
v -28.572959 2.921308 -7.534785
v -28.589705 3.018826 -7.325816
v -28.616670 3.190005 -7.025678
v -28.645397 3.388563 -6.747512
v -28.675886 3.614499 -6.491319
v -28.708137 3.867815 -6.257099
v -28.742151 4.148510 -6.044851
v -28.777927 4.456584 -5.854577
v -28.821892 4.850607 -5.660361
v -28.868256 5.281897 -5.496053
v -30.009568 16.078025 -1.912206
v -30.029835 14.811279 1.897337
v -28.869944 3.839400 -1.744851
v -28.781349 3.016871 -2.062919
v -28.708711 2.367776 -2.388652
v -28.639120 1.770309 -2.763403
v -28.572575 1.224468 -3.187174
v -28.509076 0.730256 -3.659963
v -28.448624 0.287671 -4.181770
v -28.391218 -0.103287 -4.752597
v -28.363658 -0.279405 -5.056392
v -27.884556 -0.452631 -5.464349
v -27.835126 -0.724147 -6.123133
v -27.791492 -0.928874 -6.794438
v -27.753654 -1.066811 -7.478264
v -27.721612 -1.137958 -8.174611
v -27.695367 -1.142315 -8.883478
v -27.674918 -1.079882 -9.604866
v -27.658386 -0.922628 -10.462309
v -27.649744 -0.674466 -11.336795
v -27.649217 -0.349536 -12.185797
v -27.657032 0.038022 -12.966790
v -27.670370 0.420060 -13.582082
v -27.689837 0.848111 -14.147409
v -27.715432 1.322174 -14.662769
v -27.747156 1.842248 -15.128164
v -27.785008 2.408335 -15.543593
v -27.828990 3.020433 -15.909055
v -27.877875 3.661540 -16.214464
v -27.930441 4.314651 -16.449731
v -27.986688 4.979767 -16.614856
v -28.046615 5.656886 -16.709840
v -28.110222 6.346011 -16.734682
v -28.177509 7.047139 -16.689382
v -28.248477 7.760272 -16.573940
v -28.297834 8.242363 -16.458011
v -28.348826 8.729790 -16.310908
v -29.508718 19.701668 -12.668720
v -29.529119 18.426534 -8.833949
v -28.387807 7.630406 -12.417795
v -28.341644 7.186538 -12.544275
v -28.298282 6.754779 -12.625007
v -28.263344 6.394337 -12.657794
v -28.230464 6.042792 -12.656969
v -28.199642 5.700143 -12.622533
v -28.170878 5.366390 -12.554486
v -28.144172 5.041533 -12.452828
v -28.119523 4.725573 -12.317558
v -28.097439 4.425383 -12.152447
v -28.078425 4.147836 -11.961262
v -28.062481 3.892933 -11.744005
v -28.049607 3.660673 -11.500675
v -28.039803 3.451057 -11.231272
v -28.033069 3.264085 -10.935796
v -28.029406 3.099756 -10.614247
v -28.028669 3.002783 -10.385396
v -28.029297 2.915874 -10.144958
v -28.033559 2.795481 -9.718805
v -28.040347 2.728726 -9.361101
v -28.050030 2.695608 -9.010384
v -28.062607 2.696127 -8.666653
v -28.078079 2.730282 -8.329910
v -28.096444 2.798074 -8.000153
v -28.117704 2.899502 -7.677384
v -28.129420 2.962830 -7.518619
v -28.146165 3.060348 -7.309649
v -28.173130 3.231527 -7.009511
v -28.201857 3.430085 -6.731345
v -28.232346 3.656022 -6.475152
v -28.264598 3.909337 -6.240932
v -28.298611 4.190032 -6.028685
v -28.334387 4.498106 -5.838410
v -28.378353 4.892130 -5.644194
v -28.424717 5.323419 -5.479886
v -29.566028 16.119547 -1.896040
v -29.586295 14.852801 1.913503
v -28.426404 3.880923 -1.728685
v -28.337810 3.058394 -2.046752
v -28.265172 2.409298 -2.372485
v -28.195580 1.811831 -2.747237
v -28.129035 1.265991 -3.171007
v -28.065536 0.771778 -3.643796
v -28.005084 0.329193 -4.165604
v -27.947679 -0.061765 -4.736430
v -27.920118 -0.237883 -5.040225
v -27.441016 -0.411108 -5.448182
v -27.391586 -0.682625 -6.106967
v -27.347952 -0.887352 -6.778272
v -27.310114 -1.025289 -7.462098
v -27.278073 -1.096436 -8.158444
v -27.251827 -1.100793 -8.867311
v -27.231378 -1.038360 -9.588699
v -27.214847 -0.881106 -10.446143
v -27.206204 -0.632944 -11.320628
v -27.205678 -0.308014 -12.169630
v -27.213493 0.079544 -12.950623
v -27.226831 0.461583 -13.565916
v -27.246297 0.889633 -14.131242
v -27.271892 1.363696 -14.646603
v -27.303616 1.883770 -15.111997
v -27.341469 2.449857 -15.527426
v -27.385450 3.061955 -15.892889
v -27.434336 3.703062 -16.198297
v -27.486902 4.356173 -16.433564
v -27.543148 5.021289 -16.598690
v -27.603075 5.698409 -16.693673
v -27.666682 6.387533 -16.718515
v -27.733970 7.088661 -16.673215
v -27.804938 7.801794 -16.557773
v -27.854294 8.283885 -16.441845
v -27.905287 8.771312 -16.294742
v -29.065178 19.743191 -12.652554
v -29.085579 18.468056 -8.817782
v -27.944267 7.671928 -12.401628
v -27.898104 7.228060 -12.528109
v -27.854742 6.796301 -12.608841
v -27.819805 6.435859 -12.641627
v -27.786924 6.084314 -12.640803
v -27.756102 5.741665 -12.606367
v -27.727338 5.407912 -12.538320
v -27.700632 5.083056 -12.436661
v -27.675984 4.767095 -12.301392
v -27.653899 4.466905 -12.136280
v -27.634885 4.189358 -11.945096
v -27.618941 3.934455 -11.727838
v -27.606067 3.702195 -11.484508
v -27.596263 3.492579 -11.215105
v -27.589530 3.305607 -10.919629
v -27.585866 3.141278 -10.598081
v -27.585129 3.044305 -10.369230
v -27.585757 2.957396 -10.128791
v -27.590019 2.837003 -9.702639
v -27.596808 2.770248 -9.344935
v -27.606491 2.737130 -8.994217
v -27.619068 2.737649 -8.650487
v -27.634539 2.771804 -8.313743
v -27.652905 2.839596 -7.983987
v -27.674165 2.941024 -7.661217
v -27.685880 3.004352 -7.502452
v -27.702626 3.101870 -7.293483
v -27.729591 3.273049 -6.993344
v -27.758317 3.471607 -6.715179
v -27.788807 3.697544 -6.458986
v -27.821058 3.950860 -6.224766
v -27.855071 4.231554 -6.012518
v -27.890847 4.539628 -5.822244
v -27.934813 4.933652 -5.628028
v -27.981177 5.364941 -5.463719
v -29.122489 16.161069 -1.879873
v -29.142756 14.894324 1.929670
v -27.982864 3.922445 -1.712518
v -27.894270 3.099916 -2.030586
v -27.821632 2.450821 -2.356319
v -27.752040 1.853353 -2.731070
v -27.685495 1.307513 -3.154840
v -27.621997 0.813300 -3.627629
v -27.561545 0.370715 -4.149437
v -27.504139 -0.020243 -4.720264
v -27.476579 -0.196361 -5.024059
v -26.997476 -0.369586 -5.432015
v -26.948046 -0.641103 -6.090800
v -26.904412 -0.845830 -6.762105
v -26.866574 -0.983767 -7.445931
v -26.834533 -1.054914 -8.142278
v -26.808288 -1.059271 -8.851145
v -26.787839 -0.996838 -9.572533
v -26.771307 -0.839584 -10.429976
v -26.762665 -0.591422 -11.304462
v -26.762138 -0.266491 -12.153464
v -26.769953 0.121066 -12.934457
v -26.783291 0.503105 -13.549749
v -26.802758 0.931155 -14.115076
v -26.828353 1.405218 -14.630436
v -26.860077 1.925293 -15.095831
v -26.897929 2.491379 -15.511259
v -26.941910 3.103478 -15.876722
v -26.990796 3.744584 -16.182131
v -27.043362 4.397695 -16.417398
v -27.099608 5.062811 -16.582523
v -27.159535 5.739931 -16.677507
v -27.223142 6.429055 -16.702348
v -27.290430 7.130184 -16.657048
v -27.361398 7.843317 -16.541607
v -27.410755 8.325408 -16.425678
v -27.461747 8.812834 -16.278575
v -28.621638 19.784713 -12.636387
v -28.642039 18.509578 -8.801615
v -27.500728 7.713450 -12.385462
v -27.454565 7.269582 -12.511942
v -27.411203 6.837823 -12.592674
v -27.376265 6.477382 -12.625461
v -27.343385 6.125836 -12.624636
v -27.312563 5.783187 -12.590200
v -27.283799 5.449434 -12.522153
v -27.257092 5.124578 -12.420495
v -27.232444 4.808617 -12.285225
v -27.210360 4.508427 -12.120114
v -27.191345 4.230880 -11.928929
v -27.175401 3.975977 -11.711672
v -27.162527 3.743717 -11.468342
v -27.152724 3.534101 -11.198939
v -27.145990 3.347129 -10.903463
v -27.142326 3.182800 -10.581914
v -27.141589 3.085827 -10.353063
v -27.142217 2.998918 -10.112625
v -27.146479 2.878525 -9.686472
v -27.153268 2.811771 -9.328768
v -27.162951 2.778653 -8.978051
v -27.175528 2.779171 -8.634320
v -27.190999 2.813326 -8.297577
v -27.209365 2.881118 -7.967820
v -27.230625 2.982546 -7.645050
v -27.242340 3.045874 -7.486286
v -27.259086 3.143392 -7.277316
v -27.286051 3.314571 -6.977178
v -27.314778 3.513129 -6.699012
v -27.345267 3.739066 -6.442819
v -27.377518 3.992382 -6.208599
v -27.411532 4.273077 -5.996352
v -27.447308 4.581150 -5.806077
v -27.491273 4.975174 -5.611861
v -27.537637 5.406463 -5.447553
v -28.678949 16.202591 -1.863707
v -28.699216 14.935846 1.945836
v -27.539325 3.963967 -1.696352
v -27.450730 3.141438 -2.014419
v -27.378092 2.492343 -2.340152
v -27.308501 1.894875 -2.714904
v -27.241956 1.349035 -3.138674
v -27.178457 0.854822 -3.611463
v -27.118005 0.412237 -4.133271
v -27.060599 0.021279 -4.704097
v -27.033039 -0.154839 -5.007892
v -26.553937 -0.328064 -5.415849
v -26.504507 -0.599581 -6.074634
v -26.460873 -0.804308 -6.745939
v -26.423035 -0.942245 -7.429765
v -26.390993 -1.013392 -8.126111
v -26.364748 -1.017748 -8.834978
v -26.344299 -0.955315 -9.556366
v -26.327767 -0.798062 -10.413810
v -26.319125 -0.549900 -11.288295
v -26.318598 -0.224969 -12.137297
v -26.326413 0.162588 -12.918290
v -26.339751 0.544627 -13.533582
v -26.359218 0.972678 -14.098909
v -26.384813 1.446740 -14.614270
v -26.416537 1.966815 -15.079664
v -26.454390 2.532901 -15.495093
v -26.498371 3.145000 -15.860555
v -26.547256 3.786107 -16.165964
v -26.599822 4.439218 -16.401231
v -26.656069 5.104333 -16.566357
v -26.715996 5.781453 -16.661340
v -26.779603 6.470577 -16.686182
v -26.846890 7.171706 -16.640882
v -26.917858 7.884839 -16.525440
v -26.967215 8.366930 -16.409511
v -27.018207 8.854356 -16.262409
v -28.178099 19.826235 -12.620220
v -28.198500 18.551100 -8.785449
v -27.057188 7.754972 -12.369295
v -27.011025 7.311105 -12.495776
v -26.967663 6.879345 -12.576508
v -26.932725 6.518904 -12.609294
v -26.899845 6.167358 -12.608469
v -26.869023 5.824709 -12.574034
v -26.840259 5.490956 -12.505986
v -26.813553 5.166100 -12.404328
v -26.788904 4.850140 -12.269059
v -26.766820 4.549949 -12.103947
v -26.747806 4.272402 -11.912763
v -26.731862 4.017499 -11.695505
v -26.718988 3.785240 -11.452175
v -26.709184 3.575624 -11.182772
v -26.702450 3.388651 -10.887296
v -26.698787 3.224322 -10.565747
v -26.698050 3.127350 -10.336897
v -26.698678 3.040441 -10.096458
v -26.702940 2.920047 -9.670306
v -26.709728 2.853293 -9.312602
v -26.719411 2.820175 -8.961884
v -26.731988 2.820693 -8.618154
v -26.747460 2.854848 -8.281410
v -26.765825 2.922640 -7.951654
v -26.787085 3.024069 -7.628884
v -26.798801 3.087396 -7.470119
v -26.815546 3.184914 -7.261150
v -26.842511 3.356093 -6.961011
v -26.871238 3.554651 -6.682846
v -26.901727 3.780588 -6.426653
v -26.933979 4.033904 -6.192433
v -26.967992 4.314599 -5.980185
v -27.003768 4.622673 -5.789911
v -27.047734 5.016696 -5.595695
v -27.094098 5.447986 -5.431386
v -28.235409 16.244113 -1.847540
v -28.255676 14.977368 1.962003
v -27.095785 4.005489 -1.680185
v -27.007191 3.182960 -1.998253
v -26.934553 2.533865 -2.323986
v -26.864961 1.936397 -2.698737
v -26.798416 1.390557 -3.122507
v -26.734917 0.896344 -3.595296
v -26.674465 0.453759 -4.117104
v -26.617060 0.062802 -4.687930
v -26.589499 -0.113317 -4.991726
v -29.732783 -0.400095 -5.110354
v -29.764169 -0.380587 -5.123674
v -29.776178 -0.353068 -5.139649
v -29.803396 -0.179138 -4.839629
v -29.791554 -0.205587 -4.821807
v -29.760300 -0.224256 -4.807041
v -29.860313 0.208491 -4.273662
v -29.848710 0.183670 -4.253464
v -29.817643 0.166277 -4.236835
v -29.920161 0.646651 -3.757072
v -29.908854 0.623994 -3.734322
v -29.878018 0.608296 -3.715694
v -29.983024 1.135923 -3.289010
v -29.972028 1.115682 -3.263948
v -29.941435 1.101878 -3.243509
v -30.048925 1.676475 -2.869345
v -30.038244 1.658820 -2.842276
v -30.007898 1.647042 -2.820263
v -30.117882 2.268498 -2.498008
v -30.107511 2.253506 -2.469269
v -30.077408 2.243815 -2.445947
v -30.189890 2.911965 -2.175100
v -30.179827 2.899725 -2.144979
v -30.149966 2.892191 -2.120575
v -30.278007 3.730054 -1.858750
v -30.268177 3.719985 -1.827789
v -30.238500 3.714153 -1.802727
v -31.431102 14.637651 1.762100
v -31.424596 14.659019 1.803496
v -31.397523 14.677820 1.836735
v -31.411507 15.862451 -1.921299
v -31.404672 15.904332 -1.941593
v -31.377341 15.939208 -1.956694
v -30.276687 5.127733 -5.484760
v -30.266678 5.139582 -5.515023
v -30.236859 5.150924 -5.537937
v -30.229868 4.692216 -5.650680
v -30.220081 4.706132 -5.680155
v -30.190437 4.719095 -5.702451
v -30.185279 4.292601 -5.847651
v -30.175797 4.309252 -5.875779
v -30.146391 4.324357 -5.897019
v -30.148886 3.979217 -6.041206
v -30.139706 3.998465 -6.067729
v -30.110537 4.015605 -6.087712
v -30.114258 3.693448 -6.257290
v -30.105378 3.715177 -6.281937
v -30.076445 3.734262 -6.300450
v -30.081387 3.435271 -6.496005
v -30.072811 3.459377 -6.518454
v -30.044114 3.480325 -6.535244
v -30.050295 3.204863 -6.757267
v -30.042013 3.231156 -6.777237
v -30.013548 3.253817 -6.792084
v -30.021000 3.002377 -7.040936
v -30.012996 3.030591 -7.058215
v -29.984749 3.054757 -7.070953
v -29.993561 2.828190 -7.346349
v -29.985789 2.857875 -7.361048
v -29.957723 2.883194 -7.371765
v -29.976481 2.728726 -7.559487
v -29.968873 2.759363 -7.572147
v -29.940935 2.785428 -7.581267
v -29.964465 2.663774 -7.722325
v -29.957004 2.695205 -7.732993
v -29.929181 2.721892 -7.740552
v -29.942836 2.560584 -8.050699
v -29.935555 2.592877 -8.058627
v -29.907874 2.620239 -8.064038
v -29.924101 2.491429 -8.387086
v -29.917001 2.524389 -8.391771
v -29.889461 2.552273 -8.394642
v -29.908323 2.456598 -8.730502
v -29.901373 2.489888 -8.731924
v -29.873951 2.518032 -8.732237
v -29.895508 2.456069 -9.080745
v -29.888674 2.489364 -9.078982
v -29.861343 2.517512 -9.076800
v -29.885654 2.489771 -9.437645
v -29.878904 2.522780 -9.432859
v -29.851638 2.550704 -9.428307
v -29.878753 2.557636 -9.801299
v -29.872058 2.590102 -9.793603
v -29.844835 2.617601 -9.786771
v -29.874438 2.679504 -10.232672
v -29.867769 2.711249 -10.222423
v -29.840567 2.738182 -10.213590
v -29.873800 2.767838 -10.477053
v -29.867136 2.798886 -10.464876
v -29.839938 2.825273 -10.454533
v -29.874550 2.866448 -10.709768
v -29.867879 2.896696 -10.695701
v -29.840676 2.922455 -10.683877
v -29.878269 3.033261 -11.036178
v -29.871571 3.062294 -11.019734
v -29.844347 3.087102 -11.006047
v -29.885124 3.223606 -11.336983
v -29.878367 3.250990 -11.317933
v -29.851096 3.274505 -11.302203
v -29.895117 3.437280 -11.611602
v -29.888267 3.462679 -11.590001
v -29.860924 3.484639 -11.572273
v -29.908252 3.674232 -11.859848
v -29.901274 3.697336 -11.835843
v -29.873831 3.717498 -11.816231
v -29.924521 3.934346 -12.081546
v -29.917385 3.954902 -12.055369
v -29.889817 3.973067 -12.034055
v -29.943917 4.217454 -12.276561
v -29.936594 4.235290 -12.248511
v -29.908880 4.251324 -12.225729
v -29.966426 4.523428 -12.444854
v -29.958895 4.538436 -12.415248
v -29.931018 4.552253 -12.391247
v -29.991550 4.845474 -12.582729
v -29.983786 4.857506 -12.551849
v -29.955727 4.868991 -12.526849
v -30.018784 5.176760 -12.686400
v -30.010763 5.185647 -12.654535
v -29.982501 5.194669 -12.628765
v -30.048116 5.517096 -12.755789
v -30.039817 5.522764 -12.723268
v -30.011338 5.529263 -12.696983
v -30.079526 5.866278 -12.790881
v -30.070939 5.868751 -12.758039
v -30.042235 5.872746 -12.731503
v -30.112995 6.224121 -12.791721
v -30.104120 6.223514 -12.758871
v -30.075190 6.225096 -12.732329
v -30.148528 6.590709 -12.758375
v -30.139362 6.587096 -12.725799
v -30.110204 6.586323 -12.699472
v -30.192498 7.028519 -12.676512
v -30.183035 7.021947 -12.644489
v -30.153644 7.018855 -12.618595
v -30.239108 7.476683 -12.548807
v -30.229426 7.468010 -12.517383
v -30.199864 7.463272 -12.491958
v -31.373926 18.211383 -8.985352
v -31.367420 18.232751 -8.943956
v -31.340346 18.251553 -8.910717
v -31.354196 19.444573 -12.693980
v -31.347362 19.486454 -12.714273
v -31.320031 19.521329 -12.729375
v -30.201031 8.536318 -16.315047
v -30.190907 8.547084 -16.345670
v -30.160999 8.557578 -16.368865
v -30.150317 8.051555 -16.461347
v -30.140057 8.061018 -16.492362
v -30.110042 8.070492 -16.515865
v -30.101395 7.573709 -16.576255
v -30.090923 7.581097 -16.607769
v -30.060741 7.588943 -16.631663
v -30.030982 6.866153 -16.690794
v -30.020238 6.870813 -16.722750
v -29.989844 6.876522 -16.746990
v -29.964315 6.171491 -16.735676
v -29.953268 6.172989 -16.767836
v -29.922635 6.176220 -16.792236
v -29.901328 5.489093 -16.711076
v -29.889978 5.487301 -16.743118
v -29.859107 5.487955 -16.767426
v -29.842002 4.818758 -16.617045
v -29.830358 4.813648 -16.648621
v -29.799257 4.811702 -16.672564
v -29.786316 4.160272 -16.453565
v -29.774398 4.151920 -16.484337
v -29.743082 4.147433 -16.507649
v -29.734255 3.513436 -16.220558
v -29.722090 3.502015 -16.250225
v -29.690581 3.495123 -16.272670
v -29.685809 2.878097 -15.917898
v -29.673429 2.863856 -15.946220
v -29.641751 2.854753 -15.967613
v -29.642215 2.271378 -15.555647
v -29.629645 2.254506 -15.582398
v -29.597820 2.243342 -15.602560
v -29.604706 1.710436 -15.143993
v -29.591968 1.691048 -15.168899
v -29.560011 1.677913 -15.187614
v -29.573276 1.195179 -14.682910
v -29.560395 1.173435 -14.705707
v -29.528325 1.158453 -14.722770
v -29.547916 0.725470 -14.172282
v -29.534919 0.701597 -14.192765
v -29.502760 0.684947 -14.208014
v -29.528622 0.301209 -13.611961
v -29.515541 0.275483 -13.629995
v -29.483315 0.257380 -13.643327
v -29.515399 -0.077527 -13.001988
v -29.502262 -0.104868 -13.017421
v -29.469992 -0.124236 -13.028714
v -29.507641 -0.462260 -12.226687
v -29.494476 -0.490983 -12.239337
v -29.462184 -0.511433 -12.248448
v -29.508164 -0.784990 -11.383433
v -29.495001 -0.814789 -11.393272
v -29.462710 -0.836082 -11.400180
v -29.516748 -1.031472 -10.514868
v -29.503613 -1.062093 -10.521811
v -29.471345 -1.084030 -10.526451
v -29.533159 -1.187580 -9.663673
v -29.520083 -1.218761 -9.667560
v -29.487861 -1.241137 -9.669806
v -29.553431 -1.249473 -8.948523
v -29.540442 -1.280918 -8.949360
v -29.508288 -1.303501 -8.949215
v -29.579444 -1.245155 -8.245932
v -29.566569 -1.276581 -8.243699
v -29.534503 -1.299149 -8.241149
v -29.611192 -1.174661 -7.555980
v -29.598460 -1.205768 -7.550620
v -29.566507 -1.228086 -7.545620
v -29.648679 -1.038002 -6.878489
v -29.636118 -1.068484 -6.870031
v -29.604300 -1.090312 -6.862603
v -29.691916 -0.835136 -6.213284
v -29.679550 -0.864707 -6.201843
v -29.647884 -0.885823 -6.192077
v -29.740949 -0.565803 -5.559798
v -29.728777 -0.594306 -5.545766
v -29.697263 -0.614585 -5.533969
v -26.552087 -0.102333 -4.994421
v -26.523983 -0.077256 -5.005572
v -26.516162 -0.047880 -5.020825
v -26.543380 0.126050 -4.720805
v -26.551368 0.097744 -4.703706
v -26.579604 0.073506 -4.691108
v -26.600297 0.513679 -4.154838
v -26.608524 0.487001 -4.135362
v -26.636947 0.464039 -4.120902
v -26.660144 0.951839 -3.638248
v -26.668667 0.927325 -3.616221
v -26.697322 0.906059 -3.599761
v -26.723008 1.441110 -3.170186
v -26.731842 1.419013 -3.145847
v -26.760739 1.399640 -3.127576
v -26.788908 1.981663 -2.750521
v -26.798057 1.962151 -2.724174
v -26.827202 1.944805 -2.704330
v -26.857866 2.573686 -2.379184
v -26.867325 2.556837 -2.351168
v -26.896713 2.541577 -2.330014
v -26.929874 3.217153 -2.056276
v -26.939641 3.203056 -2.026878
v -26.969270 3.189953 -2.004642
v -27.017990 4.035242 -1.739925
v -27.027991 4.023317 -1.709688
v -27.057804 4.011915 -1.686794
v -28.171086 14.942839 1.880924
v -28.184410 14.962350 1.921597
v -28.216827 14.975582 1.952668
v -28.151490 16.167639 -1.802475
v -28.164486 16.207664 -1.823492
v -28.196646 16.236970 -1.840761
v -27.016670 5.432921 -5.365936
v -27.026492 5.442914 -5.396922
v -27.056163 5.448687 -5.422004
v -26.969852 4.997404 -5.531855
v -26.979895 5.009464 -5.562053
v -27.009741 5.016857 -5.586518
v -26.925262 4.597789 -5.728827
v -26.935611 4.612583 -5.757677
v -26.965696 4.622119 -5.781086
v -26.888870 4.284404 -5.922382
v -26.899520 4.301796 -5.949628
v -26.929841 4.313367 -5.971779
v -26.854241 3.998636 -6.138466
v -26.865192 4.018509 -6.163836
v -26.895749 4.032024 -6.184517
v -26.821371 3.740459 -6.377181
v -26.832624 3.762709 -6.400352
v -26.863419 3.778087 -6.419311
v -26.790278 3.510051 -6.638443
v -26.801827 3.534488 -6.659136
v -26.832852 3.551579 -6.676151
v -26.760983 3.307565 -6.922112
v -26.772810 3.333922 -6.940113
v -26.804053 3.352520 -6.955020
v -26.733545 3.133378 -7.227525
v -26.745603 3.161207 -7.242947
v -26.777028 3.180957 -7.255832
v -26.716465 3.033914 -7.440663
v -26.728686 3.062695 -7.454046
v -26.760239 3.083190 -7.465334
v -26.704449 2.968962 -7.603501
v -26.716817 2.998537 -7.614892
v -26.748485 3.019655 -7.624619
v -26.682820 2.865772 -7.931875
v -26.695369 2.896208 -7.940525
v -26.727178 2.918001 -7.948105
v -26.664085 2.796617 -8.268262
v -26.676815 2.827720 -8.273670
v -26.708765 2.850035 -8.278709
v -26.648307 2.761785 -8.611678
v -26.661187 2.793219 -8.613823
v -26.693255 2.815794 -8.616304
v -26.635491 2.761257 -8.961921
v -26.648488 2.792696 -8.960881
v -26.680647 2.815274 -8.960867
v -26.625638 2.794959 -9.318821
v -26.638718 2.826112 -9.314757
v -26.670943 2.848467 -9.312374
v -26.618736 2.862824 -9.682475
v -26.631871 2.893434 -9.675502
v -26.664139 2.915363 -9.670838
v -26.614422 2.984692 -10.113848
v -26.627582 3.014581 -10.104321
v -26.659871 3.035945 -10.097657
v -26.613784 3.073026 -10.358229
v -26.626949 3.102218 -10.346775
v -26.659242 3.123036 -10.338600
v -26.614533 3.171636 -10.590944
v -26.627693 3.200027 -10.577600
v -26.659980 3.220218 -10.567944
v -26.618252 3.338449 -10.917354
v -26.631384 3.365626 -10.901632
v -26.663651 3.384864 -10.890114
v -26.625107 3.528794 -11.218159
v -26.638180 3.554321 -11.199831
v -26.670400 3.572267 -11.186270
v -26.635101 3.742468 -11.492778
v -26.648081 3.766011 -11.471899
v -26.680228 3.782401 -11.456340
v -26.648235 3.979420 -11.741024
v -26.661088 4.000668 -11.717741
v -26.693135 4.015260 -11.700298
v -26.664505 4.239533 -11.962722
v -26.677198 4.258233 -11.937268
v -26.709121 4.270829 -11.918122
v -26.683900 4.522642 -12.157737
v -26.696407 4.538622 -12.130409
v -26.728184 4.549086 -12.109796
v -26.706410 4.828616 -12.326030
v -26.718709 4.841767 -12.297146
v -26.750322 4.850015 -12.275314
v -26.731533 5.150662 -12.463905
v -26.743600 5.160837 -12.433747
v -26.775031 5.166753 -12.410916
v -26.758768 5.481948 -12.567575
v -26.770576 5.488979 -12.536434
v -26.801805 5.492431 -12.512832
v -26.788099 5.822284 -12.636965
v -26.799630 5.826095 -12.605167
v -26.830642 5.827025 -12.581050
v -26.819509 6.171466 -12.672057
v -26.830753 6.172083 -12.639938
v -26.861539 6.170508 -12.615570
v -26.852978 6.529309 -12.672897
v -26.863934 6.526846 -12.640770
v -26.894494 6.522858 -12.616396
v -26.888512 6.895896 -12.639551
v -26.899176 6.890428 -12.607698
v -26.929508 6.884085 -12.583539
v -26.932482 7.333707 -12.557688
v -26.942849 7.325279 -12.526388
v -26.972948 7.316617 -12.502662
v -26.979091 7.781871 -12.429983
v -26.989240 7.771342 -12.399282
v -27.019168 7.761034 -12.376025
v -28.113909 18.516571 -8.866528
v -28.127233 18.536083 -8.825855
v -28.159650 18.549315 -8.794784
v -28.094179 19.749760 -12.575156
v -28.107175 19.789785 -12.596172
v -28.139335 19.819091 -12.613442
v -26.941014 8.841506 -16.196223
v -26.950721 8.850416 -16.227568
v -26.980303 8.855340 -16.252932
v -26.890300 8.356743 -16.342522
v -26.899871 8.364350 -16.374261
v -26.929346 8.368254 -16.399932
v -26.841378 7.878897 -16.457430
v -26.850736 7.884428 -16.489668
v -26.880045 7.886705 -16.515730
v -26.770965 7.171341 -16.571969
v -26.780052 7.174145 -16.604648
v -26.809148 7.174284 -16.631057
v -26.704298 6.476679 -16.616852
v -26.713081 6.476320 -16.649735
v -26.741939 6.473982 -16.676303
v -26.641312 5.794280 -16.592252
v -26.649791 5.790633 -16.625017
v -26.678411 5.785717 -16.651493
v -26.581986 5.123946 -16.498220
v -26.590171 5.116980 -16.530520
v -26.618561 5.109464 -16.556631
v -26.526300 4.465460 -16.334741
v -26.534211 4.455252 -16.366235
v -26.562387 4.445195 -16.391716
v -26.474239 3.818623 -16.101734
v -26.481903 3.805347 -16.132123
v -26.509885 3.792886 -16.156737
v -26.425793 3.183285 -15.799073
v -26.433242 3.167187 -15.828119
v -26.461056 3.152516 -15.851680
v -26.382198 2.576566 -15.436823
v -26.389459 2.557837 -15.464297
v -26.417124 2.541104 -15.486627
v -26.344690 2.015623 -15.025169
v -26.351782 1.994379 -15.050797
v -26.379315 1.975675 -15.071681
v -26.313260 1.500367 -14.564086
v -26.320208 1.476767 -14.587606
v -26.347629 1.456216 -14.606837
v -26.287900 1.030658 -14.053458
v -26.294733 1.004928 -14.074663
v -26.322064 0.982709 -14.092081
v -26.268605 0.606397 -13.493136
v -26.275355 0.578814 -13.511894
v -26.302619 0.555143 -13.527394
v -26.255383 0.227661 -12.883164
v -26.262076 0.198463 -12.899320
v -26.289296 0.173526 -12.912781
v -26.247625 -0.157072 -12.107863
v -26.254290 -0.187651 -12.121236
v -26.281488 -0.213671 -12.132515
v -26.248148 -0.479802 -11.264609
v -26.254815 -0.511457 -11.275170
v -26.282014 -0.538320 -11.284247
v -26.256732 -0.726284 -10.396043
v -26.263427 -0.758761 -10.403710
v -26.290649 -0.786268 -10.410518
v -26.273143 -0.882392 -9.544849
v -26.279897 -0.915429 -9.549459
v -26.307165 -0.943375 -9.553873
v -26.293415 -0.944285 -8.829699
v -26.300256 -0.977586 -8.831258
v -26.327592 -1.005739 -8.833282
v -26.319428 -0.939967 -8.127108
v -26.326382 -0.973249 -8.125598
v -26.353807 -1.001387 -8.125216
v -26.351175 -0.869473 -7.437155
v -26.358273 -0.902436 -7.432519
v -26.385811 -0.930324 -7.429687
v -26.388662 -0.732814 -6.759665
v -26.395932 -0.765152 -6.751930
v -26.423604 -0.792550 -6.746670
v -26.431900 -0.529948 -6.094460
v -26.439363 -0.561376 -6.083742
v -26.467188 -0.588061 -6.076144
v -26.480932 -0.260615 -5.440973
v -26.488591 -0.290975 -5.427664
v -26.516567 -0.316823 -5.418036
v -29.595786 -8.718764 13.548657
v -29.572969 -7.292627 9.259767
v -30.191458 -0.109193 7.778485
v -29.535656 -4.960473 2.246172
v -29.512839 -3.534335 -2.042717
v -30.516195 3.851223 6.515924
v -31.372668 13.923310 4.144654
v -31.395485 12.497172 8.433543
v -30.838952 6.025371 9.786881
v -31.429173 10.391523 14.765962
v -31.451453 8.998941 18.953936
v -30.527352 2.198880 11.065885
v -29.152246 -8.677242 13.564823
v -29.129429 -7.251105 9.275934
v -29.747918 -0.067671 7.794651
v -29.092117 -4.918951 2.262339
v -29.069300 -3.492813 -2.026551
v -30.072655 3.892745 6.532090
v -30.929128 13.964832 4.160821
v -30.951945 12.538695 8.449710
v -30.395412 6.066893 9.803047
v -30.985634 10.433045 14.782129
v -31.007914 9.040464 18.970103
v -30.083812 2.240403 11.082052
v -28.708707 -8.635720 13.580990
v -28.685890 -7.209583 9.292100
v -29.304379 -0.026149 7.810818
v -28.648577 -4.877428 2.278505
v -28.625760 -3.451291 -2.010384
v -29.629116 3.934267 6.548257
v -30.485588 14.006354 4.176987
v -30.508405 12.580217 8.465876
v -29.951873 6.108415 9.819214
v -30.542094 10.474567 14.798295
v -30.564374 9.081986 18.986269
v -29.640272 2.281925 11.098219
v -28.265167 -8.594198 13.597156
v -28.242350 -7.168060 9.308267
v -28.860839 0.015373 7.826984
v -28.205037 -4.835906 2.294672
v -28.182221 -3.409769 -1.994217
v -29.185576 3.975789 6.564423
v -30.042049 14.047876 4.193154
v -30.064866 12.621739 8.482043
v -29.508333 6.149937 9.835380
v -30.098554 10.516089 14.814462
v -30.120834 9.123508 19.002436
v -29.196733 2.323447 11.114385
v -27.821627 -8.552676 13.613323
v -27.798810 -7.126538 9.324434
v -28.417299 0.056896 7.843151
v -27.761498 -4.794384 2.310838
v -27.738681 -3.368247 -1.978051
v -28.742036 4.017311 6.580590
v -29.598509 14.089398 4.209320
v -29.621326 12.663261 8.498209
v -29.064793 6.191459 9.851547
v -29.655015 10.557611 14.830628
v -29.677295 9.165030 19.018602
v -28.753193 2.364969 11.130552
v -27.378088 -8.511153 13.629489
v -27.355271 -7.085016 9.340600
v -27.973760 0.098418 7.859318
v -27.317958 -4.752862 2.327005
v -27.295141 -3.326725 -1.961884
v -28.298497 4.058833 6.596757
v -29.154969 14.130921 4.225487
v -29.177786 12.704783 8.514376
v -28.621254 6.232982 9.867713
v -29.211475 10.599133 14.846795
v -29.233755 9.206552 19.034769
v -28.309653 2.406491 11.146718
v -26.934548 -8.469631 13.645656
v -26.911731 -7.043494 9.356767
v -27.530220 0.139940 7.875484
v -26.874419 -4.711340 2.343171
v -26.851602 -3.285202 -1.945718
v -27.854957 4.100356 6.612923
v -28.711430 14.172443 4.241653
v -28.734247 12.746305 8.530543
v -28.177714 6.274504 9.883880
v -28.767935 10.640656 14.862961
v -28.790215 9.248074 19.050935
v -27.866114 2.448013 11.162885
v -26.491008 -8.428109 13.661822
v -26.468191 -7.001972 9.372933
v -27.086680 0.181462 7.891651
v -26.430879 -4.669818 2.359338
v -26.408062 -3.243680 -1.929551
v -27.411418 4.141878 6.629090
v -28.267890 14.213965 4.257820
v -28.290707 12.787828 8.546709
v -27.734174 6.316026 9.900046
v -28.324396 10.682178 14.879128
v -28.346676 9.289596 19.067102
v -27.422574 2.489536 11.179051
v -30.565258 2.198423 11.055104
v -30.594845 2.204927 11.025826
v -30.604559 2.215852 10.989486
v -31.521847 8.965779 18.819382
v -31.515466 8.979372 18.884162
v -31.488490 8.992080 18.935726
v -31.500350 10.309442 14.778523
v -31.493586 10.346957 14.771358
v -31.466309 10.378412 14.766544
v -30.903362 5.893234 9.742359
v -30.899907 5.955229 9.763109
v -30.875224 6.005866 9.780171
v -31.466275 12.439232 8.373506
v -31.459700 12.464942 8.401844
v -31.432572 12.487146 8.424852
v -31.444251 13.815832 4.233594
v -31.437288 13.865768 4.189076
v -31.409856 13.906955 4.154993
v -30.594259 3.819963 6.586919
v -30.584127 3.832625 6.551177
v -30.554211 3.844604 6.523971
v -29.597684 -3.515685 -1.913885
v -29.584236 -3.527431 -1.977911
v -29.551722 -3.534578 -2.027282
v -29.619719 -4.892925 2.227953
v -29.606653 -4.928584 2.235841
v -29.574439 -4.954470 2.242823
v -30.282320 0.008652 7.817623
v -30.265929 -0.051605 7.797461
v -30.231109 -0.096765 7.782462
v -29.657418 -7.249258 9.314263
v -29.644163 -7.273093 9.286590
v -29.611800 -7.289712 9.265706
v -29.679447 -8.626151 13.455056
v -29.666577 -8.674068 13.499808
v -29.634517 -8.709559 13.535678
v -27.384562 2.496185 11.171037
v -27.354659 2.508258 11.143928
v -27.344542 2.521040 11.108310
v -28.261831 9.270967 18.938206
v -28.275280 9.282703 19.002264
v -28.307794 9.289842 19.051659
v -28.240333 10.614630 14.897347
v -28.253399 10.650289 14.889459
v -28.285614 10.676174 14.882477
v -27.643345 6.198422 9.861183
v -27.659720 6.258561 9.881211
v -27.694528 6.303629 9.896104
v -28.206259 12.744420 8.492330
v -28.219513 12.768274 8.519946
v -28.251876 12.784908 8.540785
v -28.184234 14.121020 4.352418
v -28.197101 14.169099 4.307178
v -28.229160 14.204717 4.270926
v -27.334243 4.125151 6.705743
v -27.343940 4.135957 6.669279
v -27.373515 4.142367 6.639904
v -26.337668 -3.210497 -1.795061
v -26.344049 -3.224100 -1.859810
v -26.371026 -3.236816 -1.911349
v -26.359702 -4.587737 2.346777
v -26.366466 -4.625253 2.353942
v -26.393743 -4.656707 2.358756
v -27.022303 0.313840 7.936447
v -27.025742 0.251727 7.915562
v -27.050413 0.200997 7.898395
v -26.397402 -6.944070 9.433087
v -26.403977 -6.969761 9.404692
v -26.431105 -6.991950 9.381639
v -26.419431 -8.320963 13.573880
v -26.426391 -8.370736 13.617909
v -26.453821 -8.411797 13.651611
# 1204 vertices

vn 0.069382 -0.904757 0.420239
vn 0.069382 -0.904757 0.420239
vn 0.075331 -0.937238 0.340457
vn 0.075331 -0.937238 0.340457
vn 0.081285 -0.965145 0.248774
vn 0.090976 -0.994192 0.057488
vn 0.090976 -0.994192 0.057488
vn 0.094475 -0.994846 -0.036825
vn 0.094475 -0.994846 -0.036825
vn 0.097126 -0.986672 -0.130557
vn 0.098937 -0.969446 -0.224468
vn 0.098937 -0.969446 -0.224468
vn 0.099830 -0.944333 -0.313478
vn 0.099014 -0.868698 -0.485346
vn 0.097287 -0.819108 -0.565329
vn 0.091154 -0.696655 -0.711591
vn 0.086739 -0.624259 -0.776387
vn 0.081574 -0.546989 -0.833156
vn 0.075767 -0.466157 -0.881452
vn 0.069149 -0.379425 -0.922635
vn 0.061555 -0.285114 -0.956515
vn 0.053130 -0.185500 -0.981207
vn 0.053130 -0.185500 -0.981207
vn 0.044108 -0.083555 -0.995527
vn 0.034783 0.017500 -0.999242
vn 0.025461 0.114681 -0.993076
vn 0.025461 0.114681 -0.993076
vn 0.017128 0.198573 -0.979936
vn 0.010597 0.262478 -0.964880
vn 0.010597 0.262478 -0.964880
vn 0.007769 0.289660 -0.957098
vn 0.005048 0.315528 -0.948903
vn -0.099830 0.944333 0.313478
vn -0.005048 -0.315528 0.948903
vn -0.009306 -0.274925 0.961421
vn -0.013887 -0.230486 0.972977
vn -0.023020 -0.139532 0.989950
vn -0.031973 -0.047178 0.998375
vn -0.031973 -0.047178 0.998375
vn -0.040821 0.047462 0.998039
vn -0.049648 0.145626 0.988093
vn -0.058171 0.244531 0.967895
vn -0.066114 0.341141 0.937684
vn -0.073253 0.432621 0.898595
vn -0.079642 0.519501 0.850750
vn -0.085362 0.603029 0.793139
vn -0.090258 0.681306 0.726412
vn -0.094170 0.751841 0.652584
vn -0.097031 0.812897 0.574268
vn -0.098869 0.863679 0.494250
vn -0.099742 0.901388 0.421368
vn -0.099957 0.926266 0.363373
vn -0.099775 0.947434 0.303998
vn -0.099775 0.947434 0.303998
vn -0.098951 0.969224 0.225417
vn -0.097255 0.985924 0.135995
vn -0.094677 0.994576 0.043069
vn -0.091088 0.994334 -0.054798
vn -0.086477 0.984115 -0.155047
vn -0.080929 0.963635 -0.254671
vn -0.075427 0.937728 -0.339082
vn -0.070929 0.913575 -0.400438
vn -0.065877 0.883941 -0.462935
vn -0.065877 0.883941 -0.462935
vn -0.058728 0.838346 -0.541965
vn -0.050187 0.779299 -0.624639
vn -0.041123 0.712143 -0.700829
vn -0.031826 0.639150 -0.768423
vn -0.031826 0.639150 -0.768423
vn -0.022589 0.562968 -0.826170
vn -0.013321 0.483146 -0.875438
vn -0.003946 0.399138 -0.916883
vn 0.000726 0.356078 -0.934456
vn 0.005048 0.315528 -0.948903
vn -0.005048 -0.315528 0.948903
vn -0.000229 -0.360689 0.932686
vn 0.004549 -0.404640 0.914465
vn 0.014015 -0.489233 0.872041
vn 0.014015 -0.489233 0.872041
vn 0.023541 -0.570978 0.820628
vn 0.033226 -0.650385 0.758878
vn 0.042764 -0.724610 0.687831
vn 0.051847 -0.791118 0.609462
vn 0.059226 -0.841641 0.536780
vn 0.064394 -0.874810 0.480167
vn -0.994992 -0.093147 -0.036266
vn -0.994992 -0.093147 -0.036266
vn -0.994992 -0.093147 -0.036266
vn -0.153382 -0.874145 0.460809
vn -0.386319 -0.824465 0.413540
vn -0.391055 -0.794745 0.464173
vn -0.158490 -0.841762 0.516059
vn -0.796321 -0.558083 0.233274
vn -0.799241 -0.539784 0.264286
vn -0.932460 -0.345369 0.106009
vn -0.934004 -0.335585 0.122552
vn -0.397883 -0.749466 0.529140
vn -0.165821 -0.792437 0.586981
vn -0.803457 -0.511884 0.304027
vn -0.936224 -0.320661 0.143739
vn -0.406020 -0.689954 0.599259
vn -0.174692 -0.727521 0.663472
vn -0.808447 -0.475390 0.347012
vn -0.938886 -0.301186 0.166676
vn -0.414544 -0.623542 0.662834
vn -0.183996 -0.655074 0.732819
vn -0.813672 -0.434678 0.385996
vn -0.941675 -0.279462 0.187479
vn -0.423181 -0.552495 0.718099
vn -0.193432 -0.577569 0.793094
vn -0.818964 -0.391131 0.419898
vn -0.944503 -0.256228 0.205574
vn -0.431663 -0.479356 0.764123
vn -0.202706 -0.497780 0.843282
vn -0.824160 -0.346303 0.448145
vn -0.947282 -0.232310 0.220654
vn -0.440141 -0.403661 0.802081
vn -0.211950 -0.415213 0.884690
vn -0.829360 -0.299886 0.471414
vn -0.950056 -0.207540 0.233070
vn -0.446271 -0.344239 0.826040
vn -0.218791 -0.350366 0.910700
vn -0.833091 -0.263527 0.486326
vn -0.952091 -0.188159 0.241077
vn -0.448323 -0.323949 0.833105
vn -0.221082 -0.328228 0.918362
vn -0.952774 -0.181536 0.243447
vn -0.313600 0.901545 0.298113
vn -0.533154 0.803644 0.264391
vn -0.886386 0.440688 0.141822
vn -0.980554 0.187726 0.057206
vn -0.439287 0.240855 -0.865457
vn -0.441304 0.259050 -0.859153
vn -0.213384 0.307616 -0.927275
vn -0.830043 0.106550 -0.547427
vn -0.949815 0.003425 -0.312795
vn -0.950467 0.009367 -0.310684
vn -0.447725 0.315572 -0.836634
vn -0.220231 0.369329 -0.902826
vn -0.834008 0.141127 -0.533398
vn -0.952539 0.027805 -0.303144
vn -0.456125 0.390741 -0.799544
vn -0.229389 0.451326 -0.862372
vn -0.839160 0.187214 -0.510648
vn -0.955287 0.052399 -0.291002
vn -0.464409 0.462170 -0.755462
vn -0.238430 0.529238 -0.814284
vn -0.844239 0.231017 -0.483624
vn -0.957998 0.075775 -0.276582
vn -0.472714 0.530323 -0.703775
vn -0.247469 0.603592 -0.757916
vn -0.849334 0.272786 -0.451907
vn -0.960711 0.098061 -0.259651
vn -0.481059 0.595624 -0.643284
vn -0.256558 0.674833 -0.691938
vn -0.854452 0.312810 -0.414803
vn -0.963438 0.119416 -0.239847
vn -0.489179 0.655710 -0.575107
vn -0.265411 0.740380 -0.617572
vn -0.859431 0.349644 -0.372998
vn -0.966094 0.139070 -0.217538
vn -0.496812 0.708549 -0.501135
vn -0.273742 0.798015 -0.536878
vn -0.864110 0.382046 -0.327649
vn -0.968592 0.156362 -0.193339
vn -0.503052 0.749433 -0.430451
vn -0.280627 0.842545 -0.459746
vn -0.867930 0.407225 -0.284368
vn -0.970656 0.169821 -0.170258
vn -0.507427 0.776035 -0.374550
vn -0.285472 0.871496 -0.398748
vn -0.870608 0.423646 -0.250132
vn -0.972109 0.178608 -0.151998
vn -0.511554 0.797591 -0.319626
vn -0.289923 0.895053 -0.338857
vn -0.873143 0.436791 -0.216416
vn -0.973445 0.185607 -0.133996
vn -0.516680 0.820654 -0.244068
vn -0.295413 0.920303 -0.256462
vn -0.876292 0.450777 -0.170035
vn -0.975092 0.193038 -0.109232
vn -0.521645 0.838978 -0.154926
vn -0.300829 0.940293 -0.159223
vn -0.879336 0.462012 -0.115381
vn -0.976716 0.199033 -0.080067
vn -0.525753 0.848133 -0.065225
vn -0.305319 0.950270 -0.061374
vn -0.881855 0.467639 -0.060385
vn -0.978063 0.202039 -0.050720
vn -0.528933 0.848369 0.022348
vn -0.308804 0.950513 0.034151
vn -0.883804 0.467810 -0.006690
vn -0.979109 0.202136 -0.022067
vn -0.531198 0.840653 0.105503
vn -0.311294 0.942076 0.124854
vn -0.885192 0.463112 0.044302
vn -0.979857 0.199636 0.005146
vn -0.532719 0.825707 0.185520
vn -0.312952 0.925775 0.212136
vn -0.886125 0.453944 0.093368
vn -0.980354 0.194743 0.031330
vn -0.533323 0.806288 0.255863
vn -0.313677 0.904531 0.288845
vn -0.886493 0.442141 0.136535
vn -0.980574 0.188466 0.054373
vn -0.533392 0.787401 0.309019
vn -0.313799 0.883886 0.346807
vn -0.886534 0.430628 0.169165
vn -0.980612 0.182336 0.071793
vn -0.533295 0.765082 0.360897
vn -0.313645 0.859586 0.403409
vn -0.886476 0.416868 0.200954
vn -0.980564 0.174977 0.088753
vn -0.532653 0.731259 0.426077
vn -0.312876 0.822754 0.474536
vn -0.886084 0.396024 0.240873
vn -0.980331 0.163832 0.110046
vn -0.531051 0.685795 0.497664
vn -0.311108 0.773180 0.552634
vn -0.885103 0.368118 0.284750
vn -0.979800 0.148934 0.133456
vn -0.528523 0.631147 0.567730
vn -0.308334 0.713581 0.629072
vn -0.883553 0.334590 0.327693
vn -0.978968 0.131039 0.156369
vn -0.525039 0.568026 0.633783
vn -0.304525 0.644732 0.701131
vn -0.881417 0.295881 0.368182
vn -0.977825 0.110380 0.177973
vn -0.520656 0.497986 0.693490
vn -0.299745 0.568329 0.766260
vn -0.878730 0.252940 0.404790
vn -0.976391 0.087466 0.197508
vn -0.515517 0.423254 0.745049
vn -0.294150 0.486804 0.822495
vn -0.875579 0.207130 0.436416
vn -0.974713 0.063023 0.214388
vn -0.509782 0.345521 0.787869
vn -0.287903 0.402007 0.869196
vn -0.872062 0.159477 0.462683
vn -0.972840 0.037595 0.228407
vn -0.503418 0.263659 0.822833
vn -0.280949 0.312714 0.907346
vn -0.868161 0.109277 0.484103
vn -0.970754 0.010805 0.239834
vn -0.496318 0.177211 0.849862
vn -0.273200 0.218416 0.936833
vn -0.863808 0.056272 0.500669
vn -0.968430 -0.017480 0.248673
vn -0.488680 0.088715 0.867941
vn -0.264875 0.121880 0.956549
vn -0.859124 0.002015 0.511763
vn -0.965933 -0.046432 0.254594
vn -0.480754 0.000883 0.876855
vn -0.256243 0.026068 0.966261
vn -0.854263 -0.051836 0.517250
vn -0.963343 -0.075169 0.257528
vn -0.472797 -0.083799 0.877178
vn -0.247584 -0.066305 0.966595
vn -0.849382 -0.103759 0.517479
vn -0.960744 -0.102878 0.257657
vn -0.464795 -0.166439 0.869634
vn -0.238850 -0.156449 0.958371
vn -0.844475 -0.154432 0.512847
vn -0.958124 -0.129920 0.255184
vn -0.456610 -0.247827 0.854452
vn -0.229929 -0.245226 0.941805
vn -0.839456 -0.204339 0.503547
vn -0.955448 -0.156553 0.250222
vn -0.450311 -0.305835 0.838860
vn -0.223209 -0.308478 0.924672
vn -0.835567 -0.239974 0.494206
vn -0.953417 -0.175589 0.245287
vn -0.448323 -0.323949 0.833105
vn -0.221082 -0.328228 0.918362
vn -0.952774 -0.181536 0.243447
vn -0.313600 0.901545 0.298113
vn -0.439287 0.240855 -0.865457
vn -0.438102 0.229296 -0.869189
vn -0.209918 0.275157 -0.938202
vn -0.828797 0.095410 -0.551355
vn -0.828074 0.088310 -0.553620
vn -0.949424 -0.000366 -0.313998
vn -0.434465 0.193342 -0.879693
vn -0.205894 0.235961 -0.949700
vn -0.825853 0.066229 -0.559982
vn -0.948223 -0.012156 -0.317374
vn -0.428728 0.136130 -0.893119
vn -0.199581 0.173575 -0.964385
vn -0.822346 0.031119 -0.568137
vn -0.946335 -0.030898 -0.321707
vn -0.421429 0.061033 -0.904806
vn -0.191539 0.091679 -0.977194
vn -0.817886 -0.014953 -0.575186
vn -0.943933 -0.055487 -0.325441
vn -0.413128 -0.025930 -0.910304
vn -0.182463 -0.003179 -0.983208
vn -0.812801 -0.068276 -0.578527
vn -0.941214 -0.083942 -0.327217
vn -0.404810 -0.116354 -0.906968
vn -0.173376 -0.101815 -0.979579
vn -0.807704 -0.123716 -0.576461
vn -0.938490 -0.113526 -0.326110
vn -0.396745 -0.207572 -0.894152
vn -0.164575 -0.201319 -0.965601
vn -0.802760 -0.179642 -0.568599
vn -0.935851 -0.143369 -0.321913
vn -0.389192 -0.296705 -0.872064
vn -0.156343 -0.298548 -0.941502
vn -0.798128 -0.234292 -0.555067
vn -0.933381 -0.172532 -0.314694
vn -0.382365 -0.381096 -0.841762
vn -0.148912 -0.390601 -0.908436
vn -0.793938 -0.286042 -0.536510
vn -0.931149 -0.200150 -0.304798
vn -0.376398 -0.458709 -0.804929
vn -0.142427 -0.475257 -0.868243
vn -0.790272 -0.333645 -0.513956
vn -0.929199 -0.225556 -0.292769
vn -0.371213 -0.531037 -0.761709
vn -0.136765 -0.554154 -0.821102
vn -0.787095 -0.377991 -0.487448
vn -0.927502 -0.249220 -0.278621
vn -0.366610 -0.600175 -0.710905
vn -0.131735 -0.629575 -0.765690
vn -0.784275 -0.420375 -0.456286
vn -0.362662 -0.664955 -0.652925
vn -0.127427 -0.700238 -0.702446
vn -0.924703 -0.293031 -0.243016
vn -0.359486 -0.723517 -0.589316
vn -0.123969 -0.764114 -0.633057
vn -0.779905 -0.496008 -0.381738
vn -0.923664 -0.312198 -0.222208
vn -0.357134 -0.774538 -0.522059
vn -0.121418 -0.819761 -0.559686
vn -0.778459 -0.527309 -0.340510
vn -0.119745 -0.868163 -0.481616
vn -0.922397 -0.343412 -0.176782
vn -0.354847 -0.856885 -0.373941
vn -0.118911 -0.909592 -0.398124
vn -0.777061 -0.577786 -0.249679
vn -0.354829 -0.886603 -0.296700
vn -0.777041 -0.596045 -0.202330
vn -0.922143 -0.365592 -0.126472
vn -0.355682 -0.909055 -0.217047
vn -0.119821 -0.966500 -0.226983
vn -0.777572 -0.609775 -0.153478
vn -0.922420 -0.372910 -0.100399
vn -0.357301 -0.924469 -0.133014
vn -0.121588 -0.983313 -0.135319
vn -0.778565 -0.619227 -0.101952
vn -0.359650 -0.931792 -0.049142
vn -0.124162 -0.991293 -0.043830
vn -0.780002 -0.623734 -0.050525
vn -0.923719 -0.380364 -0.045460
vn -0.362808 -0.931197 0.035250
vn -0.127593 -0.990654 0.048225
vn -0.781943 -0.623349 0.001221
vn -0.924751 -0.380153 -0.017845
vn -0.366781 -0.922375 0.121227
vn -0.131919 -0.981035 0.142011
vn -0.926051 -0.377259 0.010286
vn -0.371490 -0.905201 0.206412
vn -0.137058 -0.962300 0.234932
vn -0.787268 -0.607402 0.106169
vn -0.142859 -0.935063 0.324421
vn -0.790520 -0.592108 0.156478
vn -0.929330 -0.363483 0.065007
vn -0.381985 -0.851220 0.359877
vn -0.148588 -0.903368 0.402304
vn -0.793681 -0.574408 0.200316
vn -0.931034 -0.354060 0.088410
vn 0.994992 0.093147 0.036266
vn 0.994992 0.093147 0.036266
vn 0.994992 0.093147 0.036266
vn 0.274109 -0.801264 0.531827
vn 0.497056 -0.711604 0.496543
vn 0.501577 -0.741344 0.445903
vn 0.279092 -0.833658 0.476572
vn 0.864250 -0.384056 0.324919
vn 0.867019 -0.402369 0.293901
vn 0.968699 -0.157463 0.191903
vn 0.970194 -0.167252 0.175359
vn 0.267031 -0.751915 0.602758
vn 0.490665 -0.666285 0.561527
vn 0.860342 -0.356126 0.364671
vn 0.966580 -0.142529 0.213094
vn 0.258172 -0.686998 0.679250
vn 0.482548 -0.606770 0.631646
vn 0.855366 -0.319632 0.407657
vn 0.963923 -0.123054 0.236031
vn 0.248857 -0.614552 0.748596
vn 0.474004 -0.540360 0.695221
vn 0.850127 -0.278921 0.446640
vn 0.961129 -0.101331 0.256835
vn 0.239388 -0.537050 0.808870
vn 0.465310 -0.469319 0.750484
vn 0.844795 -0.235378 0.480540
vn 0.958287 -0.078098 0.274929
vn 0.230065 -0.457266 0.859056
vn 0.456744 -0.396188 0.796505
vn 0.839539 -0.190555 0.508785
vn 0.955489 -0.054182 0.290008
vn 0.220831 -0.374698 0.900464
vn 0.448283 -0.320491 0.834463
vn 0.834352 -0.144137 0.532054
vn 0.952720 -0.029410 0.302424
vn 0.213638 -0.309884 0.926461
vn 0.441546 -0.261126 0.858400
vn 0.830193 -0.107818 0.546950
vn 0.950545 -0.010043 0.310426
vn 0.211227 -0.287757 0.934119
vn 0.439287 -0.240855 0.865457
vn 0.828797 -0.095410 0.551355
vn 0.949815 -0.003425 0.312795
vn 0.354456 0.886738 0.296743
vn 0.219021 0.348096 -0.911514
vn 0.446472 0.342159 -0.826795
vn 0.448323 0.323949 -0.833105
vn 0.221082 0.328228 -0.918362
vn 0.833213 0.262257 -0.486803
vn 0.834341 0.251105 -0.490735
vn 0.952160 0.187483 -0.241335
vn 0.952774 0.181536 -0.243447
vn 0.212528 0.409842 -0.887052
vn 0.440663 0.398739 -0.804253
vn 0.829678 0.296874 -0.472759
vn 0.950228 0.205934 -0.233791
vn 0.203384 0.491840 -0.846598
vn 0.432285 0.473910 -0.767163
vn 0.824542 0.342963 -0.450008
vn 0.947486 0.230528 -0.221648
vn 0.194332 0.569751 -0.798510
vn 0.423982 0.545337 -0.723081
vn 0.819450 0.386764 -0.422984
vn 0.944770 0.253903 -0.207228
vn 0.185340 0.644109 -0.742141
vn 0.415758 0.613498 -0.671391
vn 0.814412 0.428538 -0.391265
vn 0.942075 0.276191 -0.190296
vn 0.176281 0.715353 -0.676162
vn 0.407467 0.678804 -0.610898
vn 0.809331 0.468566 -0.354159
vn 0.939360 0.297547 -0.170492
vn 0.167440 0.780901 -0.601795
vn 0.399366 0.738891 -0.542721
vn 0.804366 0.505401 -0.312354
vn 0.936710 0.317202 -0.148183
vn 0.159098 0.838535 -0.521101
vn 0.391714 0.791729 -0.468749
vn 0.799673 0.537802 -0.267006
vn 0.934207 0.334494 -0.123984
vn 0.152025 0.883048 -0.443976
vn 0.385150 0.832583 -0.398077
vn 0.795626 0.562959 -0.223733
vn 0.932069 0.347946 -0.100906
vn 0.147005 0.911982 -0.382985
vn 0.380472 0.859156 -0.342187
vn 0.792735 0.579361 -0.189505
vn 0.930546 0.356726 -0.082649
vn 0.142677 0.935551 -0.323089
vn 0.376558 0.880732 -0.287255
vn 0.790349 0.592520 -0.155783
vn 0.929259 0.363730 -0.064644
vn 0.137431 0.960824 -0.240685
vn 0.371853 0.903834 -0.211682
vn 0.787496 0.606533 -0.109392
vn 0.927708 0.371170 -0.039877
vn 0.132016 0.980813 -0.143446
vn 0.366889 0.922159 -0.122540
vn 0.784453 0.617768 -0.054738
vn 0.926084 0.377165 -0.010712
vn 0.127505 0.990789 -0.045598
vn 0.362744 0.931310 -0.032840
vn 0.781909 0.623393 0.000258
vn 0.924729 0.380170 0.018635
vn 0.123981 0.991028 0.049926
vn 0.359497 0.931540 0.054730
vn 0.779912 0.623559 0.053951
vn 0.923668 0.380265 0.047287
vn 0.121439 0.982587 0.140627
vn 0.357145 0.923816 0.137882
vn 0.778463 0.618856 0.104941
vn 0.922900 0.377764 0.074499
vn 0.119787 0.966286 0.227909
vn 0.355632 0.908871 0.217899
vn 0.777536 0.609689 0.154006
vn 0.922405 0.372870 0.100683
vn 0.118899 0.945026 0.304612
vn 0.354746 0.889425 0.288232
vn 0.776969 0.597866 0.197166
vn 0.922121 0.366587 0.123724
vn 0.118662 0.924371 0.362570
vn 0.354479 0.870519 0.341381
vn 0.776789 0.586341 0.229791
vn 0.922037 0.360454 0.141143
vn 0.118931 0.900082 0.419176
vn 0.354776 0.848219 0.393266
vn 0.776988 0.572593 0.261585
vn 0.922130 0.353099 0.158104
vn 0.119871 0.863266 0.490309
vn 0.355713 0.814423 0.458457
vn 0.777587 0.551769 0.301512
vn 0.922431 0.341960 0.179400
vn 0.121691 0.813697 0.568409
vn 0.357404 0.768968 0.530047
vn 0.778631 0.523869 0.345391
vn 0.922983 0.327064 0.202811
vn 0.124504 0.754101 0.644849
vn 0.359999 0.714326 0.600116
vn 0.780228 0.490346 0.388336
vn 0.923830 0.309170 0.225724
vn 0.128332 0.685255 0.716908
vn 0.363518 0.651208 0.666170
vn 0.782388 0.451638 0.428826
vn 0.924981 0.288512 0.247328
vn 0.133109 0.608851 0.782037
vn 0.367896 0.581168 0.725877
vn 0.785072 0.408697 0.465434
vn 0.926413 0.265598 0.266863
vn 0.138679 0.527323 0.838271
vn 0.372991 0.506432 0.777434
vn 0.788192 0.362885 0.497059
vn 0.928081 0.241154 0.283743
vn 0.144905 0.442524 0.884972
vn 0.378689 0.428696 0.820253
vn 0.791683 0.315229 0.523325
vn 0.929947 0.215725 0.297762
vn 0.151887 0.353234 0.923123
vn 0.385103 0.346838 0.855219
vn 0.795619 0.265032 0.544746
vn 0.932044 0.188936 0.309189
vn 0.159645 0.258937 0.952610
vn 0.392218 0.260392 0.882248
vn 0.799982 0.212029 0.561313
vn 0.934371 0.160652 0.318028
vn 0.167957 0.162399 0.972326
vn 0.399832 0.171894 0.900326
vn 0.804649 0.157770 0.572405
vn 0.936863 0.131699 0.323949
vn 0.176556 0.066585 0.982036
vn 0.407701 0.084056 0.909238
vn 0.809471 0.103916 0.577891
vn 0.939440 0.102961 0.326882
vn 0.185168 -0.025793 0.982368
vn 0.415577 -0.000633 0.909558
vn 0.814295 0.051987 0.578118
vn 0.942020 0.075250 0.327011
vn 0.193912 -0.115936 0.974144
vn 0.423597 -0.083272 0.902015
vn 0.819214 0.001315 0.573487
vn 0.944644 0.048209 0.324537
vn 0.202819 -0.204714 0.957578
vn 0.431758 -0.164662 0.886833
vn 0.824216 -0.048594 0.564186
vn 0.947315 0.021575 0.319576
vn 0.209195 -0.267999 0.940433
vn 0.437462 -0.222726 0.871218
vn 0.827685 -0.084268 0.554830
vn 0.949209 0.002526 0.314635
vn 0.211227 -0.287757 0.934119
vn 0.439287 -0.240855 0.865457
vn 0.828797 -0.095410 0.551355
vn 0.949815 -0.003425 0.312795
vn 0.354456 0.886738 0.296743
vn 0.776752 0.596384 0.202441
vn 0.922034 0.365837 0.126553
vn 0.222430 0.315631 -0.922444
vn 0.449574 0.312396 -0.836834
vn 0.448323 0.323949 -0.833105
vn 0.221082 0.328228 -0.918362
vn 0.835111 0.244010 -0.492999
vn 0.834341 0.251105 -0.490735
vn 0.953180 0.177747 -0.244650
vn 0.952774 0.181536 -0.243447
vn 0.226581 0.276447 -0.933937
vn 0.453432 0.276463 -0.847330
vn 0.837488 0.221944 -0.499355
vn 0.954432 0.165962 -0.248025
vn 0.233019 0.214073 -0.948617
vn 0.459384 0.219271 -0.860748
vn 0.841147 0.186848 -0.507504
vn 0.956369 0.147225 -0.252356
vn 0.241241 0.132194 -0.961420
vn 0.466993 0.144203 -0.872423
vn 0.845825 0.140796 -0.514546
vn 0.958842 0.122642 -0.256087
vn 0.250363 0.037341 -0.967431
vn 0.475375 0.057248 -0.877919
vn 0.850966 0.087478 -0.517884
vn 0.961580 0.094189 -0.257862
vn 0.259480 -0.061293 -0.963802
vn 0.483744 -0.033172 -0.874581
vn 0.856099 0.032041 -0.515818
vn 0.964315 0.064606 -0.256755
vn 0.268289 -0.160796 -0.949824
vn 0.491823 -0.124388 -0.861764
vn 0.861053 -0.023883 -0.507955
vn 0.966957 0.034764 -0.252558
vn 0.276505 -0.258027 -0.925725
vn 0.499349 -0.213524 -0.839678
vn 0.865666 -0.078536 -0.494423
vn 0.969421 0.005599 -0.245339
vn 0.283900 -0.350083 -0.892660
vn 0.506113 -0.297921 -0.809378
vn 0.869813 -0.130289 -0.475868
vn 0.971639 -0.022019 -0.235443
vn 0.290335 -0.434744 -0.852469
vn 0.511994 -0.375542 -0.772548
vn 0.873417 -0.177898 -0.453316
vn 0.973569 -0.047428 -0.223415
vn 0.517200 -0.447868 -0.729327
vn 0.876609 -0.222242 -0.426808
vn 0.975271 -0.071091 -0.209267
vn 0.521839 -0.517003 -0.678522
vn 0.305372 -0.659721 -0.686671
vn 0.525793 -0.581782 -0.620542
vn 0.881878 -0.304342 -0.360092
vn 0.978079 -0.114901 -0.173662
vn 0.528944 -0.640346 -0.556934
vn 0.883810 -0.340258 -0.321097
vn 0.311335 -0.779249 -0.543913
vn 0.531243 -0.691373 -0.489679
vn 0.885220 -0.371563 -0.279870
vn 0.979869 -0.150778 -0.130856
vn 0.886180 -0.398750 -0.235972
vn 0.980378 -0.165283 -0.107428
vn 0.313869 -0.869077 -0.382349
vn 0.886650 -0.422037 -0.189039
vn 0.980629 -0.177710 -0.082383
vn 0.533492 -0.803442 -0.264322
vn 0.980609 -0.187465 -0.057119
vn 0.312959 -0.925985 -0.211208
vn 0.532741 -0.825885 -0.184665
vn 0.886138 -0.454026 -0.092837
vn 0.980355 -0.194781 -0.031045
vn 0.531120 -0.841299 -0.100632
vn 0.885145 -0.463478 -0.041312
vn 0.979825 -0.199825 -0.003549
vn 0.308591 -0.950781 -0.028057
vn 0.528727 -0.848627 -0.016761
vn 0.883677 -0.467988 0.010114
vn 0.979045 -0.202235 0.023894
vn 0.305191 -0.950138 0.064000
vn 0.525621 -0.848026 0.067632
vn 0.881773 -0.467600 0.061862
vn 0.978025 -0.202024 0.051509
vn 0.300879 -0.940519 0.157786
vn 0.521674 -0.839202 0.153610
vn 0.879353 -0.462179 0.114579
vn 0.976732 -0.199129 0.079641
vn 0.295737 -0.921784 0.250706
vn 0.516958 -0.822028 0.238795
vn 0.876462 -0.451652 0.166810
vn 0.975189 -0.193512 0.107514
vn 0.289915 -0.894548 0.340195
vn 0.511613 -0.797067 0.320836
vn 0.873184 -0.436360 0.217119
vn 0.973443 -0.185354 0.134361
vn 0.284033 -0.862868 0.418072
vn 0.506162 -0.768076 0.392249
vn 0.869836 -0.418677 0.260949
vn 0.971678 -0.175937 0.157762
vn 0.099830 -0.944333 -0.313478
vn 0.054139 -0.197190 -0.978869
vn 0.045941 -0.748369 0.661690
vn -0.046643 0.753550 -0.655734
vn 0.056454 -0.224248 -0.972896
vn -0.099830 0.944333 0.313478
vn -0.054372 0.199901 0.978306
vn -0.045941 0.748369 -0.661690
vn -0.099830 0.944333 0.313478
vn 0.046687 -0.753872 0.655361
vn -0.055826 0.216870 0.974603
vn -0.170583 -0.756103 0.631831
vn -0.402020 -0.716273 0.570380
vn -0.805933 -0.491801 0.329551
vn -0.937610 -0.310014 0.157411
vn -0.533154 0.803644 0.264391
vn -0.568665 0.799811 -0.192151
vn -0.328768 0.922227 -0.203494
vn -0.886386 0.440688 0.141822
vn -0.906137 0.402220 -0.130902
vn -0.980554 0.187726 0.057206
vn -0.983189 0.160729 -0.086632
vn -0.484923 0.628253 -0.608398
vn -0.260998 0.710261 -0.653766
vn -0.856796 0.333084 -0.393646
vn -0.964759 0.130289 -0.228613
vn -0.269228 0.174891 0.947064
vn -0.492469 0.137367 0.859421
vn -0.573309 0.526012 0.628195
vn -0.333789 0.616480 0.713118
vn -0.861425 0.031918 0.506881
vn -0.908765 0.245729 0.337289
vn -0.967231 -0.030465 0.252065
vn -0.984503 0.079487 0.156320
vn -0.313601 0.901545 0.298113
vn -0.886386 0.440688 0.141822
vn -0.980554 0.187726 0.057206
vn -0.161049 -0.239128 -0.957539
vn -0.393278 -0.242252 -0.886931
vn -0.800570 -0.200983 -0.564529
vn -0.934748 -0.154782 -0.319827
vn -0.261684 0.715318 -0.647952
vn -0.485551 0.632891 -0.603067
vn -0.857181 0.335929 -0.390375
vn -0.964965 0.131808 -0.226867
vn -0.118709 -0.942016 -0.313870
vn -0.354456 -0.886738 -0.296743
vn -0.422915 -0.892639 0.156009
vn -0.165940 -0.968539 0.185462
vn -0.776752 -0.596384 -0.202441
vn -0.822921 -0.564087 0.067880
vn -0.922034 -0.365837 -0.126553
vn -0.940001 -0.340770 0.016533
vn -0.402687 -0.711347 0.576045
vn -0.171311 -0.750732 0.638009
vn -0.806343 -0.488779 0.333026
vn -0.937829 -0.308401 0.159266
vn -0.163309 -0.212716 -0.963370
vn -0.395350 -0.218034 -0.892278
vn -0.801841 -0.186125 -0.567810
vn -0.935426 -0.146852 -0.321578
vn -0.118709 -0.942016 -0.313870
vn -0.270647 0.191455 0.943449
vn -0.493770 0.152555 0.856107
vn -0.862223 0.041236 0.504847
vn -0.967657 -0.025492 0.250980
vn 0.261726 -0.715632 0.647588
vn 0.485590 -0.633179 0.602733
vn 0.857205 -0.336105 0.390170
vn 0.964978 -0.131902 0.226758
vn 0.165940 0.968539 -0.185462
vn 0.422915 0.892639 -0.156009
vn 0.354456 0.886738 0.296743
vn 0.118709 0.942016 0.313870
vn 0.822921 0.564087 -0.067880
vn 0.940001 0.340770 -0.016533
vn 0.171311 0.750732 -0.638009
vn 0.402687 0.711347 -0.576045
vn 0.806343 0.488779 -0.333026
vn 0.937829 0.308401 -0.159266
vn 0.161382 0.662836 0.731167
vn 0.419014 0.618909 0.664364
vn 0.395141 0.220461 0.891774
vn 0.163081 0.215362 0.962821
vn 0.820714 0.407635 0.400327
vn 0.801713 0.187614 0.567500
vn 0.938814 0.259539 0.226423
vn 0.935358 0.147646 0.321413
vn 0.118709 0.942016 0.313870
vn 0.271260 -0.198657 -0.941782
vn 0.494332 -0.159158 -0.854578
vn 0.862568 -0.045288 -0.503910
vn 0.967841 0.023329 -0.250479
vn 0.170625 0.755789 -0.632195
vn 0.402059 0.715985 -0.570714
vn 0.805957 0.491624 -0.329755
vn 0.937623 0.309919 -0.157520
vn 0.328768 -0.922227 0.203494
vn 0.568665 -0.799811 0.192151
vn 0.533154 -0.803644 -0.264391
vn 0.313601 -0.901545 -0.298113
vn 0.906137 -0.402220 0.130902
vn 0.886386 -0.440688 -0.141822
vn 0.983189 -0.160729 0.086632
vn 0.980554 -0.187726 -0.057206
vn 0.260998 -0.710261 0.653766
vn 0.484923 -0.628253 0.608398
vn 0.856796 -0.333084 0.393645
vn 0.964759 -0.130289 0.228613
vn 0.269000 -0.172245 -0.947613
vn 0.492260 -0.134940 -0.859925
vn 0.861297 -0.030430 -0.507190
vn 0.967162 0.031260 -0.252230
vn 0.313601 -0.901545 -0.298113
vn 0.886386 -0.440688 -0.141822
vn 0.980554 -0.187726 -0.057206
vn 0.161662 0.231926 0.959206
vn 0.393840 0.235649 0.888459
vn 0.800915 0.196932 0.565467
vn 0.934932 0.152620 0.320327
# 783 normals

vt 0.050542 0.857143 0.000000
vt 0.050542 1.000000 0.000000
vt 0.132851 0.857143 0.000000
vt 0.132851 1.000000 0.000000
vt 0.215457 0.857143 0.000000
vt 0.215457 1.000000 0.000000
vt 0.265999 0.857143 0.000000
vt 0.265999 1.000000 0.000000
vt 0.392909 0.857143 0.000000
vt 0.392909 1.000000 0.000000
vt 0.509013 0.857143 0.000000
vt 0.509013 1.000000 0.000000
vt 0.559555 0.857143 0.000000
vt 0.559555 1.000000 0.000000
vt 0.633752 0.857143 0.000000
vt 0.633752 1.000000 0.000000
vt 0.708097 0.857143 0.000000
vt 0.708097 1.000000 0.000000
vt 0.757450 0.857143 0.000000
vt 0.757450 1.000000 0.000000
vt 0.874366 0.857143 0.000000
vt 0.874366 1.000000 0.000000
vt 0.050542 0.714286 0.000000
vt 0.132851 0.714286 0.000000
vt 0.215457 0.714286 0.000000
vt 0.265999 0.714286 0.000000
vt 0.392909 0.714286 0.000000
vt 0.509013 0.714286 0.000000
vt 0.559555 0.714286 0.000000
vt 0.633752 0.714286 0.000000
vt 0.708097 0.714286 0.000000
vt 0.757450 0.714286 0.000000
vt 0.874366 0.714286 0.000000
vt 0.050542 0.571429 0.000000
vt 0.132851 0.571429 0.000000
vt 0.215457 0.571429 0.000000
vt 0.265999 0.571429 0.000000
vt 0.392909 0.571429 0.000000
vt 0.509013 0.571429 0.000000
vt 0.559555 0.571429 0.000000
vt 0.633752 0.571429 0.000000
vt 0.708097 0.571429 0.000000
vt 0.757450 0.571429 0.000000
vt 0.874366 0.571429 0.000000
vt 0.050542 0.428571 0.000000
vt 0.132851 0.428571 0.000000
vt 0.215457 0.428571 0.000000
vt 0.265999 0.428571 0.000000
vt 0.392909 0.428571 0.000000
vt 0.509013 0.428571 0.000000
vt 0.559555 0.428571 0.000000
vt 0.633752 0.428571 0.000000
vt 0.708097 0.428571 0.000000
vt 0.757450 0.428571 0.000000
vt 0.874366 0.428571 0.000000
vt 0.050542 0.285714 0.000000
vt 0.132851 0.285714 0.000000
vt 0.215457 0.285714 0.000000
vt 0.265999 0.285714 0.000000
vt 0.392909 0.285714 0.000000
vt 0.509013 0.285714 0.000000
vt 0.559555 0.285714 0.000000
vt 0.633752 0.285714 0.000000
vt 0.708097 0.285714 0.000000
vt 0.757450 0.285714 0.000000
vt 0.874366 0.285714 0.000000
vt 0.050542 0.142857 0.000000
vt 0.132851 0.142857 0.000000
vt 0.215457 0.142857 0.000000
vt 0.265999 0.142857 0.000000
vt 0.392909 0.142857 0.000000
vt 0.509013 0.142857 0.000000
vt 0.559555 0.142857 0.000000
vt 0.633752 0.142857 0.000000
vt 0.708097 0.142857 0.000000
vt 0.757450 0.142857 0.000000
vt 0.874366 0.142857 0.000000
vt 0.050542 0.000000 0.000000
vt 0.132851 0.000000 0.000000
vt 0.215457 0.000000 0.000000
vt 0.265999 0.000000 0.000000
vt 0.392909 0.000000 0.000000
vt 0.509013 0.000000 0.000000
vt 0.559555 0.000000 0.000000
vt 0.633752 0.000000 0.000000
vt 0.708097 0.000000 0.000000
vt 0.757450 0.000000 0.000000
vt 0.874366 0.000000 0.000000
vt 0.442879 0.650017 0.000000
vt 0.240806 0.996429 0.000000
vt 0.006275 0.996429 0.000000
vt 0.315599 0.475686 0.000000
vt 0.567266 0.482869 0.000000
vt 0.441416 0.315681 0.000000
vt 0.623480 0.003572 0.000000
vt 0.852292 0.003572 0.000000
vt 0.642066 0.996429 0.000000
vt 0.876537 0.996429 0.000000
vt 0.260798 0.003572 0.000000
vt 0.026376 0.003572 0.000000
vt 0.571429 0.482857 0.000000
vt 0.570897 0.482859 0.000000
vt 0.857769 0.000456 0.000000
vt 0.858571 0.000000 0.000000
vt 0.569302 0.482863 0.000000
vt 0.855363 0.001825 0.000000
vt 0.621691 0.000456 0.000000
vt 0.621429 0.000000 0.000000
vt 0.622477 0.001825 0.000000
vt 0.441427 0.309480 0.000000
vt 0.441429 0.308571 0.000000
vt 0.441422 0.312204 0.000000
vt 0.262594 0.000456 0.000000
vt 0.262857 0.000000 0.000000
vt 0.261805 0.001825 0.000000
vt 0.020814 0.000456 0.000000
vt 0.020000 0.000000 0.000000
vt 0.023258 0.001825 0.000000
vt 0.311961 0.475711 0.000000
vt 0.311429 0.475714 0.000000
vt 0.313560 0.475700 0.000000
vt 0.000802 0.999544 0.000000
vt 0.003206 0.998175 0.000000
vt 0.242595 0.999544 0.000000
vt 0.242857 1.000000 0.000000
vt 0.241809 0.998175 0.000000
vt 0.442860 0.656233 0.000000
vt 0.442857 0.657143 0.000000
vt 0.442869 0.653502 0.000000
vt 0.640264 0.999544 0.000000
vt 0.640000 1.000000 0.000000
vt 0.641056 0.998175 0.000000
vt 0.882050 0.999544 0.000000
vt 0.882857 1.000000 0.000000
vt 0.879628 0.998175 0.000000
# 135 texture coordinates

o Text.1
usemtl Metal Hammered 001 50cm
f 1094/4/756 1168/3/755 1167/2/754 1093/1/753
f 1095/6/757 1169/5/757 1168/3/755 1094/4/756
f 1096/8/19 1170/7/19 1169/5/757 1095/6/757
f 1097/10/759 1171/9/758 1170/7/19 1096/8/19
f 1098/12/761 1172/11/760 1171/9/758 1097/10/759
f 1099/14/762 1173/13/762 1172/11/760 1098/12/761
f 1100/16/764 1174/15/763 1173/13/762 1099/14/762
f 1101/18/765 1175/17/765 1174/15/763 1100/16/764
f 1102/20/10 1176/19/10 1175/17/765 1101/18/765
f 1103/22/766 1177/21/766 1176/19/10 1102/20/10
f 1104/24/767 1178/23/767 1177/21/766 1103/22/766
f 1105/26/6 1179/25/6 1178/23/767 1104/24/767
f 1106/28/768 1180/27/768 1179/25/6 1105/26/6
f 1107/30/4 1181/29/769 1180/27/768 1106/28/768
f 1108/32/770 1182/31/770 1181/29/769 1107/30/4
f 1109/34/771 1183/33/771 1182/31/770 1108/32/770
f 1110/36/772 1184/35/772 1183/33/771 1109/34/771
f 1111/38/773 1185/37/773 1184/35/772 1110/36/772
f 1112/40/775 1186/39/774 1185/37/773 1111/38/773
f 1113/42/776 1187/41/776 1186/39/774 1112/40/775
f 1114/44/777 1188/43/777 1187/41/776 1113/42/776
f 1115/46/779 1189/45/778 1188/43/777 1114/44/777
f 1116/48/780 1190/47/780 1189/45/778 1115/46/779
f 1117/50/782 1191/49/781 1190/47/780 1116/48/780
f 1118/52/783 1192/51/783 1191/49/781 1117/50/782
f 1119/54/784 1193/53/784 1192/51/784 1118/52/784
f 1120/56/785 1194/55/785 1193/53/785 1119/54/785
f 1121/58/786 1195/57/786 1194/55/786 1120/56/786
f 1122/60/788 1196/59/788 1195/57/787 1121/58/787
f 1123/62/789 1197/61/789 1196/59/788 1122/60/788
f 1124/64/791 1198/63/790 1197/61/789 1123/62/789
f 1125/66/792 1199/65/792 1198/63/790 1124/64/791
f 1126/68/793 1200/67/793 1199/65/792 1125/66/792
f 1127/70/794 1201/69/794 1200/67/793 1126/68/793
f 1128/72/795 1202/71/795 1201/69/794 1127/70/794
f 1129/74/796 1203/73/796 1202/71/795 1128/72/795
f 1130/76/797 1204/75/797 1203/73/796 1129/74/796
f 1131/78/798 1205/77/798 1204/75/797 1130/76/797
f 1132/80/799 1206/79/799 1205/77/798 1131/78/798
f 1133/82/800 1207/81/800 1206/79/799 1132/80/799
f 1134/84/801 1208/83/801 1207/81/800 1133/82/800
f 1135/86/802 1209/85/802 1208/83/801 1134/84/801
f 1136/88/803 1210/87/803 1209/85/802 1135/86/802
f 1137/90/804 1211/89/804 1210/87/803 1136/88/803
f 1138/92/806 1212/91/805 1211/89/804 1137/90/804
f 1139/94/807 1213/93/807 1212/91/805 1138/92/806
f 1140/96/808 1214/95/808 1213/93/807 1139/94/807
f 1141/98/809 1215/97/809 1214/95/808 1140/96/808
f 1142/100/810 1216/99/810 1215/97/809 1141/98/809
f 1143/102/811 1217/101/811 1216/99/810 1142/100/810
f 1144/104/812 1218/103/812 1217/101/811 1143/102/811
f 1145/106/813 1219/105/813 1218/103/812 1144/104/812
f 1146/108/814 1220/107/814 1219/105/813 1145/106/813
f 1147/110/816 1221/109/815 1220/107/814 1146/108/814
f 1148/112/817 1222/111/817 1221/109/815 1147/110/816
f 1149/114/818 1223/113/818 1222/111/817 1148/112/817
f 1150/116/819 1224/115/819 1223/113/818 1149/114/818
f 1151/118/821 1225/117/820 1224/115/819 1150/116/819
f 1152/120/822 1226/119/822 1225/117/820 1151/118/821
f 1153/122/823 1227/121/823 1226/119/822 1152/120/822
f 1154/124/824 1228/123/824 1227/121/823 1153/122/823
f 1155/126/825 1229/125/825 1228/123/824 1154/124/824
f 1156/128/826 1230/127/826 1229/125/826 1155/126/826
f 1157/130/38 1231/129/38 1230/127/38 1156/128/38
f 1158/132/827 1232/131/827 1231/129/827 1157/130/827
f 1159/134/829 1233/133/829 1232/131/828 1158/132/828
f 1160/136/831 1234/135/830 1233/133/829 1159/134/829
f 1161/138/832 1235/137/832 1234/135/830 1160/136/831
f 1162/140/833 1236/139/833 1235/137/832 1161/138/832
f 1163/142/834 1237/141/834 1236/139/833 1162/140/833
f 1164/144/835 1238/143/835 1237/141/834 1163/142/834
f 1165/146/836 1239/145/836 1238/143/835 1164/144/835
f 1166/148/837 1240/147/837 1239/145/836 1165/146/836
f 1093/150/753 1167/149/754 1240/147/837 1166/148/837
f 1168/3/755 1242/152/755 1241/151/754 1167/2/754
f 1169/5/757 1243/153/757 1242/152/755 1168/3/755
f 1170/7/19 1244/154/19 1243/153/757 1169/5/757
f 1171/9/758 1245/155/758 1244/154/19 1170/7/19
f 1172/11/760 1246/156/760 1245/155/758 1171/9/758
f 1173/13/762 1247/157/762 1246/156/760 1172/11/760
f 1174/15/763 1248/158/763 1247/157/762 1173/13/762
f 1175/17/765 1249/159/765 1248/158/763 1174/15/763
f 1176/19/10 1250/160/10 1249/159/765 1175/17/765
f 1177/21/766 1251/161/766 1250/160/10 1176/19/10
f 1178/23/767 1252/162/767 1251/161/766 1177/21/766
f 1179/25/6 1253/163/6 1252/162/767 1178/23/767
f 1180/27/768 1254/164/768 1253/163/6 1179/25/6
f 1181/29/769 1255/165/769 1254/164/768 1180/27/768
f 1182/31/770 1256/166/770 1255/165/769 1181/29/769
f 1183/33/771 1257/167/771 1256/166/770 1182/31/770
f 1184/35/772 1258/168/772 1257/167/771 1183/33/771
f 1185/37/773 1259/169/773 1258/168/772 1184/35/772
f 1186/39/774 1260/170/774 1259/169/773 1185/37/773
f 1187/41/776 1261/171/776 1260/170/774 1186/39/774
f 1188/43/777 1262/172/777 1261/171/776 1187/41/776
f 1189/45/778 1263/173/778 1262/172/777 1188/43/777
f 1190/47/780 1264/174/780 1263/173/778 1189/45/778
f 1191/49/781 1265/175/781 1264/174/780 1190/47/780
f 1192/51/783 1266/176/783 1265/175/781 1191/49/781
f 1193/53/784 1267/177/784 1266/176/784 1192/51/784
f 1194/55/785 1268/178/785 1267/177/785 1193/53/785
f 1195/57/786 1269/179/786 1268/178/786 1194/55/786
f 1196/59/788 1270/180/788 1269/179/787 1195/57/787
f 1197/61/789 1271/181/789 1270/180/788 1196/59/788
f 1198/63/790 1272/182/790 1271/181/789 1197/61/789
f 1199/65/792 1273/183/792 1272/182/790 1198/63/790
f 1200/67/793 1274/184/793 1273/183/792 1199/65/792
f 1201/69/794 1275/185/794 1274/184/793 1200/67/793
f 1202/71/795 1276/186/795 1275/185/794 1201/69/794
f 1203/73/796 1277/187/796 1276/186/795 1202/71/795
f 1204/75/797 1278/188/797 1277/187/796 1203/73/796
f 1205/77/798 1279/189/798 1278/188/797 1204/75/797
f 1206/79/799 1280/190/799 1279/189/798 1205/77/798
f 1207/81/800 1281/191/800 1280/190/799 1206/79/799
f 1208/83/801 1282/192/801 1281/191/800 1207/81/800
f 1209/85/802 1283/193/802 1282/192/801 1208/83/801
f 1210/87/803 1284/194/803 1283/193/802 1209/85/802
f 1211/89/804 1285/195/804 1284/194/803 1210/87/803
f 1212/91/805 1286/196/805 1285/195/804 1211/89/804
f 1213/93/807 1287/197/807 1286/196/805 1212/91/805
f 1214/95/808 1288/198/808 1287/197/807 1213/93/807
f 1215/97/809 1289/199/809 1288/198/808 1214/95/808
f 1216/99/810 1290/200/810 1289/199/809 1215/97/809
f 1217/101/811 1291/201/811 1290/200/810 1216/99/810
f 1218/103/812 1292/202/812 1291/201/811 1217/101/811
f 1219/105/813 1293/203/813 1292/202/812 1218/103/812
f 1220/107/814 1294/204/814 1293/203/813 1219/105/813
f 1221/109/815 1295/205/815 1294/204/814 1220/107/814
f 1222/111/817 1296/206/817 1295/205/815 1221/109/815
f 1223/113/818 1297/207/818 1296/206/817 1222/111/817
f 1224/115/819 1298/208/819 1297/207/818 1223/113/818
f 1225/117/820 1299/209/820 1298/208/819 1224/115/819
f 1226/119/822 1300/210/822 1299/209/820 1225/117/820
f 1227/121/823 1301/211/823 1300/210/822 1226/119/822
f 1228/123/824 1302/212/824 1301/211/823 1227/121/823
f 1229/125/825 1303/213/825 1302/212/824 1228/123/824
f 1230/127/826 1304/214/826 1303/213/826 1229/125/826
f 1231/129/38 1305/215/38 1304/214/38 1230/127/38
f 1232/131/827 1306/216/827 1305/215/827 1231/129/827
f 1233/133/829 1307/217/829 1306/216/828 1232/131/828
f 1234/135/830 1308/218/830 1307/217/829 1233/133/829
f 1235/137/832 1309/219/832 1308/218/830 1234/135/830
f 1236/139/833 1310/220/833 1309/219/832 1235/137/832
f 1237/141/834 1311/221/834 1310/220/833 1236/139/833
f 1238/143/835 1312/222/835 1311/221/834 1237/141/834
f 1239/145/836 1313/223/836 1312/222/835 1238/143/835
f 1240/147/837 1314/224/837 1313/223/836 1239/145/836
f 1167/149/754 1241/225/754 1314/224/837 1240/147/837
f 1242/152/755 1316/227/755 1315/226/754 1241/151/754
f 1243/153/757 1317/228/757 1316/227/755 1242/152/755
f 1244/154/19 1318/229/19 1317/228/757 1243/153/757
f 1245/155/758 1319/230/758 1318/229/19 1244/154/19
f 1246/156/760 1320/231/760 1319/230/758 1245/155/758
f 1247/157/762 1321/232/762 1320/231/760 1246/156/760
f 1248/158/763 1322/233/763 1321/232/762 1247/157/762
f 1249/159/765 1323/234/765 1322/233/763 1248/158/763
f 1250/160/10 1324/235/10 1323/234/765 1249/159/765
f 1251/161/766 1325/236/766 1324/235/10 1250/160/10
f 1252/162/767 1326/237/767 1325/236/766 1251/161/766
f 1253/163/6 1327/238/6 1326/237/767 1252/162/767
f 1254/164/768 1328/239/768 1327/238/6 1253/163/6
f 1255/165/769 1329/240/769 1328/239/768 1254/164/768
f 1256/166/770 1330/241/770 1329/240/769 1255/165/769
f 1257/167/771 1331/242/771 1330/241/770 1256/166/770
f 1258/168/772 1332/243/772 1331/242/771 1257/167/771
f 1259/169/773 1333/244/773 1332/243/772 1258/168/772
f 1260/170/774 1334/245/774 1333/244/773 1259/169/773
f 1261/171/776 1335/246/776 1334/245/774 1260/170/774
f 1262/172/777 1336/247/777 1335/246/776 1261/171/776
f 1263/173/778 1337/248/778 1336/247/777 1262/172/777
f 1264/174/780 1338/249/780 1337/248/778 1263/173/778
f 1265/175/781 1339/250/781 1338/249/780 1264/174/780
f 1266/176/783 1340/251/783 1339/250/781 1265/175/781
f 1267/177/784 1341/252/784 1340/251/784 1266/176/784
f 1268/178/785 1342/253/785 1341/252/785 1267/177/785
f 1269/179/786 1343/254/786 1342/253/786 1268/178/786
f 1270/180/788 1344/255/788 1343/254/787 1269/179/787
f 1271/181/789 1345/256/789 1344/255/788 1270/180/788
f 1272/182/790 1346/257/790 1345/256/789 1271/181/789
f 1273/183/792 1347/258/792 1346/257/790 1272/182/790
f 1274/184/793 1348/259/793 1347/258/792 1273/183/792
f 1275/185/794 1349/260/794 1348/259/793 1274/184/793
f 1276/186/795 1350/261/795 1349/260/794 1275/185/794
f 1277/187/796 1351/262/796 1350/261/795 1276/186/795
f 1278/188/797 1352/263/797 1351/262/796 1277/187/796
f 1279/189/798 1353/264/798 1352/263/797 1278/188/797
f 1280/190/799 1354/265/799 1353/264/798 1279/189/798
f 1281/191/800 1355/266/800 1354/265/799 1280/190/799
f 1282/192/801 1356/267/801 1355/266/800 1281/191/800
f 1283/193/802 1357/268/802 1356/267/801 1282/192/801
f 1284/194/803 1358/269/803 1357/268/802 1283/193/802
f 1285/195/804 1359/270/804 1358/269/803 1284/194/803
f 1286/196/805 1360/271/805 1359/270/804 1285/195/804
f 1287/197/807 1361/272/807 1360/271/805 1286/196/805
f 1288/198/808 1362/273/808 1361/272/807 1287/197/807
f 1289/199/809 1363/274/809 1362/273/808 1288/198/808
f 1290/200/810 1364/275/810 1363/274/809 1289/199/809
f 1291/201/811 1365/276/811 1364/275/810 1290/200/810
f 1292/202/812 1366/277/812 1365/276/811 1291/201/811
f 1293/203/813 1367/278/813 1366/277/812 1292/202/812
f 1294/204/814 1368/279/814 1367/278/813 1293/203/813
f 1295/205/815 1369/280/815 1368/279/814 1294/204/814
f 1296/206/817 1370/281/817 1369/280/815 1295/205/815
f 1297/207/818 1371/282/818 1370/281/817 1296/206/817
f 1298/208/819 1372/283/819 1371/282/818 1297/207/818
f 1299/209/820 1373/284/820 1372/283/819 1298/208/819
f 1300/210/822 1374/285/822 1373/284/820 1299/209/820
f 1301/211/823 1375/286/823 1374/285/822 1300/210/822
f 1302/212/824 1376/287/824 1375/286/823 1301/211/823
f 1303/213/825 1377/288/825 1376/287/824 1302/212/824
f 1304/214/826 1378/289/826 1377/288/826 1303/213/826
f 1305/215/38 1379/290/38 1378/289/38 1304/214/38
f 1306/216/827 1380/291/827 1379/290/827 1305/215/827
f 1307/217/829 1381/292/829 1380/291/828 1306/216/828
f 1308/218/830 1382/293/830 1381/292/829 1307/217/829
f 1309/219/832 1383/294/832 1382/293/830 1308/218/830
f 1310/220/833 1384/295/833 1383/294/832 1309/219/832
f 1311/221/834 1385/296/834 1384/295/833 1310/220/833
f 1312/222/835 1386/297/835 1385/296/834 1311/221/834
f 1313/223/836 1387/298/836 1386/297/835 1312/222/835
f 1314/224/837 1388/299/837 1387/298/836 1313/223/836
f 1241/225/754 1315/300/754 1388/299/837 1314/224/837
f 1316/227/755 1390/302/755 1389/301/754 1315/226/754
f 1317/228/757 1391/303/757 1390/302/755 1316/227/755
f 1318/229/19 1392/304/19 1391/303/757 1317/228/757
f 1319/230/758 1393/305/758 1392/304/19 1318/229/19
f 1320/231/760 1394/306/760 1393/305/758 1319/230/758
f 1321/232/762 1395/307/762 1394/306/760 1320/231/760
f 1322/233/763 1396/308/763 1395/307/762 1321/232/762
f 1323/234/765 1397/309/765 1396/308/763 1322/233/763
f 1324/235/10 1398/310/10 1397/309/765 1323/234/765
f 1325/236/766 1399/311/766 1398/310/10 1324/235/10
f 1326/237/767 1400/312/767 1399/311/766 1325/236/766
f 1327/238/6 1401/313/6 1400/312/767 1326/237/767
f 1328/239/768 1402/314/768 1401/313/6 1327/238/6
f 1329/240/769 1403/315/769 1402/314/768 1328/239/768
f 1330/241/770 1404/316/770 1403/315/769 1329/240/769
f 1331/242/771 1405/317/771 1404/316/770 1330/241/770
f 1332/243/772 1406/318/772 1405/317/771 1331/242/771
f 1333/244/773 1407/319/773 1406/318/772 1332/243/772
f 1334/245/774 1408/320/774 1407/319/773 1333/244/773
f 1335/246/776 1409/321/776 1408/320/774 1334/245/774
f 1336/247/777 1410/322/777 1409/321/776 1335/246/776
f 1337/248/778 1411/323/778 1410/322/777 1336/247/777
f 1338/249/780 1412/324/780 1411/323/778 1337/248/778
f 1339/250/781 1413/325/781 1412/324/780 1338/249/780
f 1340/251/783 1414/326/783 1413/325/781 1339/250/781
f 1341/252/784 1415/327/784 1414/326/784 1340/251/784
f 1342/253/785 1416/328/785 1415/327/785 1341/252/785
f 1343/254/786 1417/329/786 1416/328/786 1342/253/786
f 1344/255/788 1418/330/788 1417/329/787 1343/254/787
f 1345/256/789 1419/331/789 1418/330/788 1344/255/788
f 1346/257/790 1420/332/790 1419/331/789 1345/256/789
f 1347/258/792 1421/333/792 1420/332/790 1346/257/790
f 1348/259/793 1422/334/793 1421/333/792 1347/258/792
f 1349/260/794 1423/335/794 1422/334/793 1348/259/793
f 1350/261/795 1424/336/795 1423/335/794 1349/260/794
f 1351/262/796 1425/337/796 1424/336/795 1350/261/795
f 1352/263/797 1426/338/797 1425/337/796 1351/262/796
f 1353/264/798 1427/339/798 1426/338/797 1352/263/797
f 1354/265/799 1428/340/799 1427/339/798 1353/264/798
f 1355/266/800 1429/341/800 1428/340/799 1354/265/799
f 1356/267/801 1430/342/801 1429/341/800 1355/266/800
f 1357/268/802 1431/343/802 1430/342/801 1356/267/801
f 1358/269/803 1432/344/803 1431/343/802 1357/268/802
f 1359/270/804 1433/345/804 1432/344/803 1358/269/803
f 1360/271/805 1434/346/805 1433/345/804 1359/270/804
f 1361/272/807 1435/347/807 1434/346/805 1360/271/805
f 1362/273/808 1436/348/808 1435/347/807 1361/272/807
f 1363/274/809 1437/349/809 1436/348/808 1362/273/808
f 1364/275/810 1438/350/810 1437/349/809 1363/274/809
f 1365/276/811 1439/351/811 1438/350/810 1364/275/810
f 1366/277/812 1440/352/812 1439/351/811 1365/276/811
f 1367/278/813 1441/353/813 1440/352/812 1366/277/812
f 1368/279/814 1442/354/814 1441/353/813 1367/278/813
f 1369/280/815 1443/355/815 1442/354/814 1368/279/814
f 1370/281/817 1444/356/817 1443/355/815 1369/280/815
f 1371/282/818 1445/357/818 1444/356/817 1370/281/817
f 1372/283/819 1446/358/819 1445/357/818 1371/282/818
f 1373/284/820 1447/359/820 1446/358/819 1372/283/819
f 1374/285/822 1448/360/822 1447/359/820 1373/284/820
f 1375/286/823 1449/361/823 1448/360/822 1374/285/822
f 1376/287/824 1450/362/824 1449/361/823 1375/286/823
f 1377/288/825 1451/363/825 1450/362/824 1376/287/824
f 1378/289/826 1452/364/826 1451/363/826 1377/288/826
f 1379/290/38 1453/365/38 1452/364/38 1378/289/38
f 1380/291/827 1454/366/827 1453/365/827 1379/290/827
f 1381/292/829 1455/367/829 1454/366/828 1380/291/828
f 1382/293/830 1456/368/830 1455/367/829 1381/292/829
f 1383/294/832 1457/369/832 1456/368/830 1382/293/830
f 1384/295/833 1458/370/833 1457/369/832 1383/294/832
f 1385/296/834 1459/371/834 1458/370/833 1384/295/833
f 1386/297/835 1460/372/835 1459/371/834 1385/296/834
f 1387/298/836 1461/373/836 1460/372/835 1386/297/835
f 1388/299/837 1462/374/837 1461/373/836 1387/298/836
f 1315/300/754 1389/375/754 1462/374/837 1388/299/837
f 1390/302/755 1464/377/755 1463/376/754 1389/301/754
f 1391/303/757 1465/378/757 1464/377/755 1390/302/755
f 1392/304/19 1466/379/19 1465/378/757 1391/303/757
f 1393/305/758 1467/380/758 1466/379/19 1392/304/19
f 1394/306/760 1468/381/760 1467/380/758 1393/305/758
f 1395/307/762 1469/382/762 1468/381/760 1394/306/760
f 1396/308/763 1470/383/763 1469/382/762 1395/307/762
f 1397/309/765 1471/384/765 1470/383/763 1396/308/763
f 1398/310/10 1472/385/10 1471/384/765 1397/309/765
f 1399/311/766 1473/386/766 1472/385/10 1398/310/10
f 1400/312/767 1474/387/767 1473/386/766 1399/311/766
f 1401/313/6 1475/388/6 1474/387/767 1400/312/767
f 1402/314/768 1476/389/768 1475/388/6 1401/313/6
f 1403/315/769 1477/390/769 1476/389/768 1402/314/768
f 1404/316/770 1478/391/770 1477/390/769 1403/315/769
f 1405/317/771 1479/392/771 1478/391/770 1404/316/770
f 1406/318/772 1480/393/772 1479/392/771 1405/317/771
f 1407/319/773 1481/394/773 1480/393/772 1406/318/772
f 1408/320/774 1482/395/774 1481/394/773 1407/319/773
f 1409/321/776 1483/396/776 1482/395/774 1408/320/774
f 1410/322/777 1484/397/777 1483/396/776 1409/321/776
f 1411/323/778 1485/398/778 1484/397/777 1410/322/777
f 1412/324/780 1486/399/780 1485/398/778 1411/323/778
f 1413/325/781 1487/400/781 1486/399/780 1412/324/780
f 1414/326/783 1488/401/783 1487/400/781 1413/325/781
f 1415/327/784 1489/402/784 1488/401/784 1414/326/784
f 1416/328/785 1490/403/785 1489/402/785 1415/327/785
f 1417/329/786 1491/404/786 1490/403/786 1416/328/786
f 1418/330/788 1492/405/788 1491/404/787 1417/329/787
f 1419/331/789 1493/406/789 1492/405/788 1418/330/788
f 1420/332/790 1494/407/790 1493/406/789 1419/331/789
f 1421/333/792 1495/408/792 1494/407/790 1420/332/790
f 1422/334/793 1496/409/793 1495/408/792 1421/333/792
f 1423/335/794 1497/410/794 1496/409/793 1422/334/793
f 1424/336/795 1498/411/795 1497/410/794 1423/335/794
f 1425/337/796 1499/412/796 1498/411/795 1424/336/795
f 1426/338/797 1500/413/797 1499/412/796 1425/337/796
f 1427/339/798 1501/414/798 1500/413/797 1426/338/797
f 1428/340/799 1502/415/799 1501/414/798 1427/339/798
f 1429/341/800 1503/416/800 1502/415/799 1428/340/799
f 1430/342/801 1504/417/801 1503/416/800 1429/341/800
f 1431/343/802 1505/418/802 1504/417/801 1430/342/801
f 1432/344/803 1506/419/803 1505/418/802 1431/343/802
f 1433/345/804 1507/420/804 1506/419/803 1432/344/803
f 1434/346/805 1508/421/805 1507/420/804 1433/345/804
f 1435/347/807 1509/422/807 1508/421/805 1434/346/805
f 1436/348/808 1510/423/808 1509/422/807 1435/347/807
f 1437/349/809 1511/424/809 1510/423/808 1436/348/808
f 1438/350/810 1512/425/810 1511/424/809 1437/349/809
f 1439/351/811 1513/426/811 1512/425/810 1438/350/810
f 1440/352/812 1514/427/812 1513/426/811 1439/351/811
f 1441/353/813 1515/428/813 1514/427/812 1440/352/812
f 1442/354/814 1516/429/814 1515/428/813 1441/353/813
f 1443/355/815 1517/430/815 1516/429/814 1442/354/814
f 1444/356/817 1518/431/817 1517/430/815 1443/355/815
f 1445/357/818 1519/432/818 1518/431/817 1444/356/817
f 1446/358/819 1520/433/819 1519/432/818 1445/357/818
f 1447/359/820 1521/434/820 1520/433/819 1446/358/819
f 1448/360/822 1522/435/822 1521/434/820 1447/359/820
f 1449/361/823 1523/436/823 1522/435/822 1448/360/822
f 1450/362/824 1524/437/824 1523/436/823 1449/361/823
f 1451/363/825 1525/438/825 1524/437/824 1450/362/824
f 1452/364/826 1526/439/826 1525/438/826 1451/363/826
f 1453/365/38 1527/440/38 1526/439/38 1452/364/38
f 1454/366/827 1528/441/827 1527/440/827 1453/365/827
f 1455/367/829 1529/442/829 1528/441/828 1454/366/828
f 1456/368/830 1530/443/830 1529/442/829 1455/367/829
f 1457/369/832 1531/444/832 1530/443/830 1456/368/830
f 1458/370/833 1532/445/833 1531/444/832 1457/369/832
f 1459/371/834 1533/446/834 1532/445/833 1458/370/833
f 1460/372/835 1534/447/835 1533/446/834 1459/371/834
f 1461/373/836 1535/448/836 1534/447/835 1460/372/835
f 1462/374/837 1536/449/837 1535/448/836 1461/373/836
f 1389/375/754 1463/450/754 1536/449/837 1462/374/837
f 1464/377/755 1538/452/755 1537/451/754 1463/376/754
f 1465/378/757 1539/453/757 1538/452/755 1464/377/755
f 1466/379/19 1540/454/19 1539/453/757 1465/378/757
f 1467/380/758 1541/455/758 1540/454/19 1466/379/19
f 1468/381/760 1542/456/760 1541/455/758 1467/380/758
f 1469/382/762 1543/457/762 1542/456/760 1468/381/760
f 1470/383/763 1544/458/763 1543/457/762 1469/382/762
f 1471/384/765 1545/459/765 1544/458/763 1470/383/763
f 1472/385/10 1546/460/10 1545/459/765 1471/384/765
f 1473/386/766 1547/461/766 1546/460/10 1472/385/10
f 1474/387/767 1548/462/767 1547/461/766 1473/386/766
f 1475/388/6 1549/463/6 1548/462/767 1474/387/767
f 1476/389/768 1550/464/768 1549/463/6 1475/388/6
f 1477/390/769 1551/465/769 1550/464/768 1476/389/768
f 1478/391/770 1552/466/770 1551/465/769 1477/390/769
f 1479/392/771 1553/467/771 1552/466/770 1478/391/770
f 1480/393/772 1554/468/772 1553/467/771 1479/392/771
f 1481/394/773 1555/469/773 1554/468/772 1480/393/772
f 1482/395/774 1556/470/774 1555/469/773 1481/394/773
f 1483/396/776 1557/471/776 1556/470/774 1482/395/774
f 1484/397/777 1558/472/777 1557/471/776 1483/396/776
f 1485/398/778 1559/473/778 1558/472/777 1484/397/777
f 1486/399/780 1560/474/780 1559/473/778 1485/398/778
f 1487/400/781 1561/475/781 1560/474/780 1486/399/780
f 1488/401/783 1562/476/783 1561/475/781 1487/400/781
f 1489/402/784 1563/477/784 1562/476/784 1488/401/784
f 1490/403/785 1564/478/785 1563/477/785 1489/402/785
f 1491/404/786 1565/479/786 1564/478/786 1490/403/786
f 1492/405/788 1566/480/788 1565/479/787 1491/404/787
f 1493/406/789 1567/481/789 1566/480/788 1492/405/788
f 1494/407/790 1568/482/790 1567/481/789 1493/406/789
f 1495/408/792 1569/483/792 1568/482/790 1494/407/790
f 1496/409/793 1570/484/793 1569/483/792 1495/408/792
f 1497/410/794 1571/485/794 1570/484/793 1496/409/793
f 1498/411/795 1572/486/795 1571/485/794 1497/410/794
f 1499/412/796 1573/487/796 1572/486/795 1498/411/795
f 1500/413/797 1574/488/797 1573/487/796 1499/412/796
f 1501/414/798 1575/489/798 1574/488/797 1500/413/797
f 1502/415/799 1576/490/799 1575/489/798 1501/414/798
f 1503/416/800 1577/491/800 1576/490/799 1502/415/799
f 1504/417/801 1578/492/801 1577/491/800 1503/416/800
f 1505/418/802 1579/493/802 1578/492/801 1504/417/801
f 1506/419/803 1580/494/803 1579/493/802 1505/418/802
f 1507/420/804 1581/495/804 1580/494/803 1506/419/803
f 1508/421/805 1582/496/805 1581/495/804 1507/420/804
f 1509/422/807 1583/497/807 1582/496/805 1508/421/805
f 1510/423/808 1584/498/808 1583/497/807 1509/422/807
f 1511/424/809 1585/499/809 1584/498/808 1510/423/808
f 1512/425/810 1586/500/810 1585/499/809 1511/424/809
f 1513/426/811 1587/501/811 1586/500/810 1512/425/810
f 1514/427/812 1588/502/812 1587/501/811 1513/426/811
f 1515/428/813 1589/503/813 1588/502/812 1514/427/812
f 1516/429/814 1590/504/814 1589/503/813 1515/428/813
f 1517/430/815 1591/505/815 1590/504/814 1516/429/814
f 1518/431/817 1592/506/817 1591/505/815 1517/430/815
f 1519/432/818 1593/507/818 1592/506/817 1518/431/817
f 1520/433/819 1594/508/819 1593/507/818 1519/432/818
f 1521/434/820 1595/509/820 1594/508/819 1520/433/819
f 1522/435/822 1596/510/822 1595/509/820 1521/434/820
f 1523/436/823 1597/511/823 1596/510/822 1522/435/822
f 1524/437/824 1598/512/824 1597/511/823 1523/436/823
f 1525/438/825 1599/513/825 1598/512/824 1524/437/824
f 1526/439/826 1600/514/826 1599/513/826 1525/438/826
f 1527/440/38 1601/515/38 1600/514/38 1526/439/38
f 1528/441/827 1602/516/827 1601/515/827 1527/440/827
f 1529/442/829 1603/517/829 1602/516/828 1528/441/828
f 1530/443/830 1604/518/830 1603/517/829 1529/442/829
f 1531/444/832 1605/519/832 1604/518/830 1530/443/830
f 1532/445/833 1606/520/833 1605/519/832 1531/444/832
f 1533/446/834 1607/521/834 1606/520/833 1532/445/833
f 1534/447/835 1608/522/835 1607/521/834 1533/446/834
f 1535/448/836 1609/523/836 1608/522/835 1534/447/835
f 1536/449/837 1610/524/837 1609/523/836 1535/448/836
f 1463/450/754 1537/525/754 1610/524/837 1536/449/837
f 1538/452/755 1612/527/756 1611/526/753 1537/451/754
f 1539/453/757 1613/528/757 1612/527/756 1538/452/755
f 1540/454/19 1614/529/19 1613/528/757 1539/453/757
f 1541/455/758 1615/530/759 1614/529/19 1540/454/19
f 1542/456/760 1616/531/761 1615/530/759 1541/455/758
f 1543/457/762 1617/532/762 1616/531/761 1542/456/760
f 1544/458/763 1618/533/764 1617/532/762 1543/457/762
f 1545/459/765 1619/534/765 1618/533/764 1544/458/763
f 1546/460/10 1620/535/10 1619/534/765 1545/459/765
f 1547/461/766 1621/536/766 1620/535/10 1546/460/10
f 1548/462/767 1622/537/767 1621/536/766 1547/461/766
f 1549/463/6 1623/538/6 1622/537/767 1548/462/767
f 1550/464/768 1624/539/768 1623/538/6 1549/463/6
f 1551/465/769 1625/540/4 1624/539/768 1550/464/768
f 1552/466/770 1626/541/770 1625/540/4 1551/465/769
f 1553/467/771 1627/542/771 1626/541/770 1552/466/770
f 1554/468/772 1628/543/772 1627/542/771 1553/467/771
f 1555/469/773 1629/544/773 1628/543/772 1554/468/772
f 1556/470/774 1630/545/775 1629/544/773 1555/469/773
f 1557/471/776 1631/546/776 1630/545/775 1556/470/774
f 1558/472/777 1632/547/777 1631/546/776 1557/471/776
f 1559/473/778 1633/548/779 1632/547/777 1558/472/777
f 1560/474/780 1634/549/780 1633/548/779 1559/473/778
f 1561/475/781 1635/550/782 1634/549/780 1560/474/780
f 1562/476/783 1636/551/783 1635/550/782 1561/475/781
f 1563/477/784 1637/552/784 1636/551/784 1562/476/784
f 1564/478/785 1638/553/785 1637/552/785 1563/477/785
f 1565/479/786 1639/554/786 1638/553/786 1564/478/786
f 1566/480/788 1640/555/788 1639/554/787 1565/479/787
f 1567/481/789 1641/556/789 1640/555/788 1566/480/788
f 1568/482/790 1642/557/791 1641/556/789 1567/481/789
f 1569/483/792 1643/558/792 1642/557/791 1568/482/790
f 1570/484/793 1644/559/793 1643/558/792 1569/483/792
f 1571/485/794 1645/560/794 1644/559/793 1570/484/793
f 1572/486/795 1646/561/795 1645/560/794 1571/485/794
f 1573/487/796 1647/562/796 1646/561/795 1572/486/795
f 1574/488/797 1648/563/797 1647/562/796 1573/487/796
f 1575/489/798 1649/564/798 1648/563/797 1574/488/797
f 1576/490/799 1650/565/799 1649/564/798 1575/489/798
f 1577/491/800 1651/566/800 1650/565/799 1576/490/799
f 1578/492/801 1652/567/801 1651/566/800 1577/491/800
f 1579/493/802 1653/568/802 1652/567/801 1578/492/801
f 1580/494/803 1654/569/803 1653/568/802 1579/493/802
f 1581/495/804 1655/570/804 1654/569/803 1580/494/803
f 1582/496/805 1656/571/806 1655/570/804 1581/495/804
f 1583/497/807 1657/572/807 1656/571/806 1582/496/805
f 1584/498/808 1658/573/808 1657/572/807 1583/497/807
f 1585/499/809 1659/574/809 1658/573/808 1584/498/808
f 1586/500/810 1660/575/810 1659/574/809 1585/499/809
f 1587/501/811 1661/576/811 1660/575/810 1586/500/810
f 1588/502/812 1662/577/812 1661/576/811 1587/501/811
f 1589/503/813 1663/578/813 1662/577/812 1588/502/812
f 1590/504/814 1664/579/814 1663/578/813 1589/503/813
f 1591/505/815 1665/580/816 1664/579/814 1590/504/814
f 1592/506/817 1666/581/817 1665/580/816 1591/505/815
f 1593/507/818 1667/582/818 1666/581/817 1592/506/817
f 1594/508/819 1668/583/819 1667/582/818 1593/507/818
f 1595/509/820 1669/584/821 1668/583/819 1594/508/819
f 1596/510/822 1670/585/822 1669/584/821 1595/509/820
f 1597/511/823 1671/586/823 1670/585/822 1596/510/822
f 1598/512/824 1672/587/824 1671/586/823 1597/511/823
f 1599/513/825 1673/588/825 1672/587/824 1598/512/824
f 1600/514/826 1674/589/826 1673/588/826 1599/513/826
f 1601/515/38 1675/590/38 1674/589/38 1600/514/38
f 1602/516/827 1676/591/827 1675/590/827 1601/515/827
f 1603/517/829 1677/592/829 1676/591/828 1602/516/828
f 1604/518/830 1678/593/831 1677/592/829 1603/517/829
f 1605/519/832 1679/594/832 1678/593/831 1604/518/830
f 1606/520/833 1680/595/833 1679/594/832 1605/519/832
f 1607/521/834 1681/596/834 1680/595/833 1606/520/833
f 1608/522/835 1682/597/835 1681/596/834 1607/521/834
f 1609/523/836 1683/598/836 1682/597/835 1608/522/835
f 1610/524/837 1684/599/837 1683/598/836 1609/523/836
f 1537/525/754 1611/600/753 1684/599/837 1610/524/837
f 1165/678/844 1690/677/843 1685/676/842 1166/675/841
f 1690/677/843 1689/680/846 1686/679/845 1685/676/842
f 1689/680/846 1688/641/848 1687/609/847 1686/679/845
f 1164/682/850 1693/681/849 1690/677/843 1165/678/844
f 1693/681/849 1692/683/851 1689/680/846 1690/677/843
f 1692/683/851 1691/625/852 1688/641/848 1689/680/846
f 1163/685/854 1696/684/853 1693/681/849 1164/682/850
f 1696/684/853 1695/686/855 1692/683/851 1693/681/849
f 1695/686/855 1694/602/856 1691/625/852 1692/683/851
f 1162/688/858 1699/687/857 1696/684/853 1163/685/854
f 1699/687/857 1698/689/859 1695/686/855 1696/684/853
f 1698/689/859 1697/601/860 1694/602/856 1695/686/855
f 1161/691/862 1702/690/861 1699/687/857 1162/688/858
f 1702/690/861 1701/692/863 1698/689/859 1699/687/857
f 1701/692/863 1700/622/864 1697/601/860 1698/689/859
f 1160/694/866 1705/693/865 1702/690/861 1161/691/862
f 1705/693/865 1704/695/867 1701/692/863 1702/690/861
f 1704/695/867 1703/635/868 1700/622/864 1701/692/863
f 1159/697/870 1708/696/869 1705/693/865 1160/694/866
f 1708/696/869 1707/698/871 1704/695/867 1705/693/865
f 1707/698/871 1706/656/872 1703/635/868 1704/695/867
f 1158/700/874 1711/699/873 1708/696/869 1159/697/870
f 1711/699/873 1710/701/875 1707/698/871 1708/696/869
f 1710/701/875 1709/663/876 1706/656/872 1707/698/871
f 1157/703/878 1714/702/877 1711/699/873 1158/700/874
f 1714/702/877 1713/704/476 1710/701/875 1711/699/873
f 1713/704/476 1712/662/879 1709/663/876 1710/701/875
f 1156/706/880 1717/705/881 1714/702/881 1157/703/880
f 1717/705/881 1716/707/882 1713/704/882 1714/702/881
f 1716/707/882 1715/665/883 1712/662/883 1713/704/882
f 1155/709/886 1720/708/885 1717/705/884 1156/706/463
f 1720/708/885 1719/710/887 1716/707/465 1717/705/884
f 1719/710/887 1718/664/889 1715/665/888 1716/707/465
f 1154/712/891 1723/711/890 1720/708/885 1155/709/886
f 1723/711/890 1722/713/892 1719/710/887 1720/708/885
f 1722/713/892 1721/657/893 1718/664/889 1719/710/887
f 1153/715/895 1726/714/894 1723/711/890 1154/712/891
f 1726/714/894 1725/716/896 1722/713/892 1723/711/890
f 1725/716/896 1724/636/897 1721/657/893 1722/713/892
f 1152/718/899 1729/717/898 1726/714/894 1153/715/895
f 1729/717/898 1728/719/900 1725/716/896 1726/714/894
f 1728/719/900 1727/621/901 1724/636/897 1725/716/896
f 1151/721/903 1732/720/902 1729/717/898 1152/718/899
f 1732/720/902 1731/722/904 1728/719/900 1729/717/898
f 1731/722/904 1730/604/905 1727/621/901 1728/719/900
f 1150/724/907 1735/723/906 1732/720/902 1151/721/903
f 1735/723/906 1734/725/908 1731/722/904 1732/720/902
f 1734/725/908 1733/603/909 1730/604/905 1731/722/904
f 1149/727/911 1738/726/910 1735/723/906 1150/724/907
f 1738/726/910 1737/728/912 1734/725/908 1735/723/906
f 1737/728/912 1736/626/913 1733/603/909 1734/725/908
f 1148/730/915 1741/729/914 1738/726/910 1149/727/911
f 1741/729/914 1740/731/916 1737/728/912 1738/726/910
f 1740/731/916 1739/612/917 1736/626/913 1737/728/912
f 1147/733/919 1744/732/918 1741/729/914 1148/730/915
f 1744/732/918 1743/734/920 1740/731/916 1741/729/914
f 1743/734/920 1742/611/921 1739/612/917 1740/731/916
f 1146/736/923 1747/735/922 1744/732/918 1147/733/919
f 1747/735/922 1746/737/924 1743/734/920 1744/732/918
f 1746/737/924 1745/614/925 1742/611/921 1743/734/920
f 1145/739/927 1750/738/926 1747/735/922 1146/736/923
f 1750/738/926 1749/740/928 1746/737/924 1747/735/922
f 1749/740/928 1748/628/929 1745/614/925 1746/737/924
f 1144/742/931 1753/741/930 1750/738/926 1145/739/927
f 1753/741/930 1752/743/932 1749/740/928 1750/738/926
f 1752/743/932 1751/669/933 1748/628/929 1749/740/928
f 1143/745/935 1756/744/934 1753/741/930 1144/742/931
f 1756/744/934 1755/746/936 1752/743/932 1753/741/930
f 1755/746/936 1754/661/937 1751/669/933 1752/743/932
f 1142/748/939 1759/747/938 1756/744/934 1143/745/935
f 1759/747/938 1758/749/940 1755/746/936 1756/744/934
f 1758/749/940 1757/660/941 1754/661/937 1755/746/936
f 1141/751/943 1762/750/942 1759/747/938 1142/748/939
f 1762/750/942 1761/752/944 1758/749/940 1759/747/938
f 1761/752/944 1760/673/945 1757/660/941 1758/749/940
f 1140/754/947 1765/753/946 1762/750/942 1141/751/943
f 1765/753/946 1764/755/948 1761/752/944 1762/750/942
f 1764/755/948 1763/674/949 1760/673/945 1761/752/944
f 1139/757/951 1768/756/950 1765/753/946 1140/754/947
f 1768/756/950 1767/758/952 1764/755/948 1765/753/946
f 1767/758/952 1766/631/953 1763/674/949 1764/755/948
f 1138/760/955 1771/759/954 1768/756/950 1139/757/951
f 1771/759/954 1770/761/956 1767/758/952 1768/756/950
f 1770/761/956 1769/630/957 1766/631/953 1767/758/952
f 1137/763/959 1774/762/958 1771/759/954 1138/760/955
f 1774/762/958 1773/764/960 1770/761/956 1771/759/954
f 1773/764/960 1772/650/961 1769/630/957 1770/761/956
f 1136/766/963 1777/765/962 1774/762/958 1137/763/959
f 1777/765/962 1776/767/964 1773/764/960 1774/762/958
f 1776/767/964 1775/647/965 1772/650/961 1773/764/960
f 1135/769/967 1780/768/966 1777/765/962 1136/766/963
f 1780/768/966 1779/770/968 1776/767/964 1777/765/962
f 1779/770/968 1778/646/969 1775/647/965 1776/767/964
f 1134/772/971 1783/771/970 1780/768/966 1135/769/967
f 1783/771/970 1782/773/972 1779/770/968 1780/768/966
f 1782/773/972 1781/671/973 1778/646/969 1779/770/968
f 1133/775/975 1786/774/974 1783/771/970 1134/772/971
f 1786/774/974 1785/776/976 1782/773/972 1783/771/970
f 1785/776/976 1784/655/977 1781/671/973 1782/773/972
f 1132/778/979 1789/777/978 1786/774/974 1133/775/975
f 1789/777/978 1788/779/980 1785/776/976 1786/774/974
f 1788/779/980 1787/652/981 1784/655/977 1785/776/976
f 1131/781/983 1792/780/982 1789/777/978 1132/778/979
f 1792/780/982 1791/782/984 1788/779/980 1789/777/978
f 1791/782/984 1790/643/985 1787/652/981 1788/779/980
f 1130/784/987 1795/783/986 1792/780/982 1131/781/983
f 1795/783/986 1794/785/988 1791/782/984 1792/780/982
f 1794/785/988 1793/640/989 1790/643/985 1791/782/984
f 1129/787/991 1798/786/990 1795/783/986 1130/784/987
f 1798/786/990 1797/788/992 1794/785/988 1795/783/986
f 1797/788/992 1796/634/993 1793/640/989 1794/785/988
f 1128/790/995 1801/789/994 1798/786/990 1129/787/991
f 1801/789/994 1800/791/996 1797/788/992 1798/786/990
f 1800/791/996 1799/623/997 1796/634/993 1797/788/992
f 1127/793/999 1804/792/998 1801/789/994 1128/790/995
f 1804/792/998 1803/794/1000 1800/791/996 1801/789/994
f 1803/794/1000 1802/607/1001 1799/623/997 1800/791/996
f 1126/796/1003 1807/795/1002 1804/792/998 1127/793/999
f 1807/795/1002 1806/797/1004 1803/794/1000 1804/792/998
f 1806/797/1004 1805/606/1005 1802/607/1001 1803/794/1000
f 1125/799/1007 1810/798/1006 1807/795/1002 1126/796/1003
f 1810/798/1006 1809/800/1008 1806/797/1004 1807/795/1002
f 1809/800/1008 1808/616/1009 1805/606/1005 1806/797/1004
f 1124/802/1011 1813/801/1010 1810/798/1006 1125/799/1007
f 1813/801/1010 1812/803/1012 1809/800/1008 1810/798/1006
f 1812/803/1012 1811/638/1013 1808/616/1009 1809/800/1008
f 1123/805/1015 1816/804/1014 1813/801/1010 1124/802/1011
f 1816/804/1014 1815/806/1016 1812/803/1012 1813/801/1010
f 1815/806/1016 1814/649/1017 1811/638/1013 1812/803/1012
f 1122/808/1019 1819/807/1018 1816/804/1014 1123/805/1015
f 1819/807/1018 1818/809/1020 1815/806/1016 1816/804/1014
f 1818/809/1020 1817/619/1021 1814/649/1017 1815/806/1016
f 1121/811/1023 1822/810/1022 1819/807/1018 1122/808/1019
f 1822/810/1022 1821/812/1024 1818/809/1020 1819/807/1018
f 1821/812/1024 1820/618/1025 1817/619/1021 1818/809/1020
f 1120/814/1027 1825/813/1026 1822/810/1022 1121/811/1023
f 1825/813/1026 1824/815/476 1821/812/1024 1822/810/1022
f 1824/815/476 1823/667/1028 1820/618/1025 1821/812/1024
f 1119/526/1029 1828/816/881 1825/813/881 1120/814/1029
f 1828/816/881 1827/817/618 1824/815/618 1825/813/881
f 1827/817/618 1826/666/619 1823/667/619 1824/815/618
f 1118/819/1032 1831/818/1031 1828/816/1030 1119/526/463
f 1831/818/1031 1830/820/1034 1827/817/1033 1828/816/1030
f 1830/820/1034 1829/617/1035 1826/666/745 1827/817/1033
f 1117/822/1037 1834/821/1036 1831/818/1031 1118/819/1032
f 1834/821/1036 1833/823/1038 1830/820/1034 1831/818/1031
f 1833/823/1038 1832/620/1039 1829/617/1035 1830/820/1034
f 1116/825/1041 1837/824/1040 1834/821/1036 1117/822/1037
f 1837/824/1040 1836/826/1042 1833/823/1038 1834/821/1036
f 1836/826/1042 1835/648/1043 1832/620/1039 1833/823/1038
f 1115/828/1045 1840/827/1044 1837/824/1040 1116/825/1041
f 1840/827/1044 1839/829/1046 1836/826/1042 1837/824/1040
f 1839/829/1046 1838/653/1047 1835/648/1043 1836/826/1042
f 1114/831/1049 1843/830/1048 1840/827/1044 1115/828/1045
f 1843/830/1048 1842/832/1050 1839/829/1046 1840/827/1044
f 1842/832/1050 1841/637/1051 1838/653/1047 1839/829/1046
f 1113/834/1053 1846/833/1052 1843/830/1048 1114/831/1049
f 1846/833/1052 1845/835/1054 1842/832/1050 1843/830/1048
f 1845/835/1054 1844/615/1055 1841/637/1051 1842/832/1050
f 1112/837/1057 1849/836/1056 1846/833/1052 1113/834/1053
f 1849/836/1056 1848/838/1058 1845/835/1054 1846/833/1052
f 1848/838/1058 1847/605/1059 1844/615/1055 1845/835/1054
f 1111/840/1061 1852/839/1060 1849/836/1056 1112/837/1057
f 1852/839/1060 1851/841/1062 1848/838/1058 1849/836/1056
f 1851/841/1062 1850/608/1063 1847/605/1059 1848/838/1058
f 1110/843/1065 1855/842/1064 1852/839/1060 1111/840/1061
f 1855/842/1064 1854/844/1066 1851/841/1062 1852/839/1060
f 1854/844/1066 1853/624/1067 1850/608/1063 1851/841/1062
f 1109/846/1069 1858/845/1068 1855/842/1064 1110/843/1065
f 1858/845/1068 1857/847/1070 1854/844/1066 1855/842/1064
f 1857/847/1070 1856/633/1071 1853/624/1067 1854/844/1066
f 1108/849/1073 1861/848/1072 1858/845/1068 1109/846/1069
f 1861/848/1072 1860/850/1074 1857/847/1070 1858/845/1068
f 1860/850/1074 1859/639/1075 1856/633/1071 1857/847/1070
f 1107/852/1077 1864/851/1076 1861/848/1072 1108/849/1073
f 1864/851/1076 1863/853/1078 1860/850/1074 1861/848/1072
f 1863/853/1078 1862/642/719 1859/639/1075 1860/850/1074
f 1106/855/1080 1867/854/1079 1864/851/1076 1107/852/1077
f 1867/854/1079 1866/856/714 1863/853/1078 1864/851/1076
f 1866/856/714 1865/651/1081 1862/642/719 1863/853/1078
f 1105/858/1083 1870/857/1082 1867/854/1079 1106/855/1080
f 1870/857/1082 1869/859/1084 1866/856/714 1867/854/1079
f 1869/859/1084 1868/654/1085 1865/651/1081 1866/856/714
f 1104/861/1087 1873/860/1086 1870/857/1082 1105/858/1083
f 1873/860/1086 1872/862/1088 1869/859/1084 1870/857/1082
f 1872/862/1088 1871/670/707 1868/654/1085 1869/859/1084
f 1103/864/1089 1876/863/701 1873/860/1086 1104/861/1087
f 1876/863/701 1875/865/702 1872/862/1088 1873/860/1086
f 1875/865/702 1874/645/1090 1871/670/707 1872/862/1088
f 1102/867/1092 1879/866/1091 1876/863/701 1103/864/1089
f 1879/866/1091 1878/868/1093 1875/865/702 1876/863/701
f 1878/868/1093 1877/644/699 1874/645/1090 1875/865/702
f 1101/870/692 1882/869/1094 1879/866/1091 1102/867/1092
f 1882/869/1094 1881/871/1095 1878/868/1093 1879/866/1091
f 1881/871/1095 1880/629/1096 1877/644/699 1878/868/1093
f 1100/873/1098 1885/872/1097 1882/869/1094 1101/870/692
f 1885/872/1097 1884/874/1099 1881/871/1095 1882/869/1094
f 1884/874/1099 1883/632/1100 1880/629/1096 1881/871/1095
f 1099/876/1102 1888/875/1101 1885/872/1097 1100/873/1098
f 1888/875/1101 1887/877/1103 1884/874/1099 1885/872/1097
f 1887/877/1103 1886/672/687 1883/632/1100 1884/874/1099
f 1098/879/1105 1891/878/1104 1888/875/1101 1099/876/1102
f 1891/878/1104 1890/880/1106 1887/877/1103 1888/875/1101
f 1890/880/1106 1889/659/1107 1886/672/687 1887/877/1103
f 1097/882/1109 1894/881/1108 1891/878/1104 1098/879/1105
f 1894/881/1108 1893/883/1110 1890/880/1106 1891/878/1104
f 1893/883/1110 1892/658/1111 1889/659/1107 1890/880/1106
f 1096/885/1113 1897/884/1112 1894/881/1108 1097/882/1109
f 1897/884/1112 1896/886/674 1893/883/1110 1894/881/1108
f 1896/886/674 1895/668/1114 1892/658/1111 1893/883/1110
f 1095/888/1116 1900/887/1115 1897/884/1112 1096/885/1113
f 1900/887/1115 1899/889/1117 1896/886/674 1897/884/1112
f 1899/889/1117 1898/627/671 1895/668/1114 1896/886/674
f 1094/891/1118 1903/890/665 1900/887/1115 1095/888/1116
f 1903/890/665 1902/892/1119 1899/889/1117 1900/887/1115
f 1902/892/1119 1901/613/1120 1898/627/671 1899/889/1117
f 1093/894/1122 1906/893/1121 1903/890/665 1094/891/1118
f 1906/893/1121 1905/895/1123 1902/892/1119 1903/890/665
f 1905/895/1123 1904/610/1124 1901/613/1120 1902/892/1119
f 1166/675/841 1685/676/842 1906/893/1121 1093/894/1122
f 1685/676/842 1686/679/845 1905/895/1123 1906/893/1121
f 1686/679/845 1687/609/847 1904/610/1124 1905/895/1123
f 2126/610/109 2123/613/110 2120/627/110 2117/668/104 2114/658/109 2111/659/105 2108/672/108 2105/632/106 2102/629/110 2099/644/100 2096/645/106 2093/670/100 2090/654/100 2087/651/106 2084/642/1126 2081/639/100 2078/633/100 2075/624/102 2072/608/106 2069/605/110 2066/615/110 2063/637/110 2060/653/111 2057/648/1127 2054/620/102 2051/617/101 2048/666/106 2045/667/106 2042/618/101 2039/619/102 2036/649/104 2033/638/110 2030/616/110 2027/606/110 2024/607/106 2021/623/102 2018/634/100 2015/640/100 2012/643/1126 2009/652/106 2006/655/100 2003/671/100 2000/646/106 1997/647/100 1994/650/100 1991/630/101 1988/631/106 1985/674/110 1982/673/105 1979/660/105 1976/661/109 1973/669/104 1970/628/110 1967/614/110 1964/611/109 1961/612/110 1958/626/103 1955/603/105 1952/604/100 1949/621/106 1946/636/106 1943/657/102 1940/664/101 1937/665/107 1934/662/107 1931/663/101 1928/656/102 1925/635/106 1922/622/106 1919/601/100 1916/602/105 1913/625/103 1910/641/1125 1909/609/102
f 1684/675/1131 1907/676/1130 1912/677/1129 1683/678/1128
f 1907/676/1130 1908/679/1133 1911/680/1132 1912/677/1129
f 1908/679/1133 1909/609/1135 1910/641/1134 1911/680/1132
f 1683/678/1128 1912/677/1129 1915/681/1137 1682/682/1136
f 1912/677/1129 1911/680/1132 1914/683/1138 1915/681/1137
f 1911/680/1132 1910/641/1134 1913/625/1139 1914/683/1138
f 1682/682/1136 1915/681/1137 1918/684/1141 1681/685/1140
f 1915/681/1137 1914/683/1138 1917/686/1142 1918/684/1141
f 1914/683/1138 1913/625/1139 1916/602/1143 1917/686/1142
f 1681/685/1140 1918/684/1141 1921/687/1145 1680/688/1144
f 1918/684/1141 1917/686/1142 1920/689/1146 1921/687/1145
f 1917/686/1142 1916/602/1143 1919/601/1147 1920/689/1146
f 1680/688/1144 1921/687/1145 1924/690/1149 1679/691/1148
f 1921/687/1145 1920/689/1146 1923/692/1150 1924/690/1149
f 1920/689/1146 1919/601/1147 1922/622/1151 1923/692/1150
f 1679/691/1148 1924/690/1149 1927/693/1153 1678/694/1152
f 1924/690/1149 1923/692/1150 1926/695/1154 1927/693/1153
f 1923/692/1150 1922/622/1151 1925/635/1155 1926/695/1154
f 1678/694/1152 1927/693/1153 1930/696/1157 1677/697/1156
f 1927/693/1153 1926/695/1154 1929/698/1158 1930/696/1157
f 1926/695/1154 1925/635/1155 1928/656/1159 1929/698/1158
f 1677/697/1156 1930/696/1157 1933/699/1161 1676/700/1160
f 1930/696/1157 1929/698/1158 1932/701/1162 1933/699/1161
f 1929/698/1158 1928/656/1159 1931/663/1163 1932/701/1162
f 1676/700/1160 1933/699/1161 1936/702/1165 1675/703/1164
f 1933/699/1161 1932/701/1162 1935/704/1166 1936/702/1165
f 1932/701/1162 1931/663/1163 1934/662/1167 1935/704/1166
f 1675/703/152 1936/702/1168 1939/705/1168 1674/706/152
f 1936/702/1168 1935/704/305 1938/707/305 1939/705/1168
f 1935/704/305 1934/662/306 1937/665/306 1938/707/305
f 1674/706/1172 1939/705/1171 1942/708/1170 1673/709/1169
f 1939/705/1171 1938/707/1174 1941/710/1173 1942/708/1170
f 1938/707/1174 1937/665/1176 1940/664/1175 1941/710/1173
f 1673/709/1169 1942/708/1170 1945/711/1178 1672/712/1177
f 1942/708/1170 1941/710/1173 1944/713/1179 1945/711/1178
f 1941/710/1173 1940/664/1175 1943/657/1180 1944/713/1179
f 1672/712/1177 1945/711/1178 1948/714/1182 1671/715/1181
f 1945/711/1178 1944/713/1179 1947/716/1183 1948/714/1182
f 1944/713/1179 1943/657/1180 1946/636/1184 1947/716/1183
f 1671/715/1181 1948/714/1182 1951/717/1186 1670/718/1185
f 1948/714/1182 1947/716/1183 1950/719/1187 1951/717/1186
f 1947/716/1183 1946/636/1184 1949/621/1188 1950/719/1187
f 1670/718/1185 1951/717/1186 1954/720/1190 1669/721/1189
f 1951/717/1186 1950/719/1187 1953/722/1191 1954/720/1190
f 1950/719/1187 1949/621/1188 1952/604/1192 1953/722/1191
f 1669/721/1189 1954/720/1190 1957/723/1194 1668/724/1193
f 1954/720/1190 1953/722/1191 1956/725/1195 1957/723/1194
f 1953/722/1191 1952/604/1192 1955/603/1196 1956/725/1195
f 1668/724/1193 1957/723/1194 1960/726/1198 1667/727/1197
f 1957/723/1194 1956/725/1195 1959/728/1199 1960/726/1198
f 1956/725/1195 1955/603/1196 1958/626/1200 1959/728/1199
f 1667/727/1197 1960/726/1198 1963/729/1202 1666/730/1201
f 1960/726/1198 1959/728/1199 1962/731/1203 1963/729/1202
f 1959/728/1199 1958/626/1200 1961/612/1204 1962/731/1203
f 1666/730/1201 1963/729/1202 1966/732/1206 1665/733/1205
f 1963/729/1202 1962/731/1203 1965/734/1207 1966/732/1206
f 1962/731/1203 1961/612/1204 1964/611/1208 1965/734/1207
f 1665/733/1205 1966/732/1206 1969/735/1210 1664/736/1209
f 1966/732/1206 1965/734/1207 1968/737/1211 1969/735/1210
f 1965/734/1207 1964/611/1208 1967/614/1212 1968/737/1211
f 1664/736/1209 1969/735/1210 1972/738/1214 1663/739/1213
f 1969/735/1210 1968/737/1211 1971/740/1215 1972/738/1214
f 1968/737/1211 1967/614/1212 1970/628/1216 1971/740/1215
f 1663/739/1213 1972/738/1214 1975/741/1218 1662/742/1217
f 1972/738/1214 1971/740/1215 1974/743/1219 1975/741/1218
f 1971/740/1215 1970/628/1216 1973/669/1220 1974/743/1219
f 1662/742/1217 1975/741/1218 1978/744/1222 1661/745/1221
f 1975/741/1218 1974/743/1219 1977/746/1223 1978/744/1222
f 1974/743/1219 1973/669/1220 1976/661/1224 1977/746/1223
f 1661/745/1221 1978/744/1222 1981/747/1226 1660/748/1225
f 1978/744/1222 1977/746/1223 1980/749/1227 1981/747/1226
f 1977/746/1223 1976/661/1224 1979/660/1228 1980/749/1227
f 1660/748/1225 1981/747/1226 1984/750/1230 1659/751/1229
f 1981/747/1226 1980/749/1227 1983/752/1231 1984/750/1230
f 1980/749/1227 1979/660/1228 1982/673/1232 1983/752/1231
f 1659/751/1229 1984/750/1230 1987/753/1234 1658/754/1233
f 1984/750/1230 1983/752/1231 1986/755/1235 1987/753/1234
f 1983/752/1231 1982/673/1232 1985/674/1236 1986/755/1235
f 1658/754/1233 1987/753/1234 1990/756/1238 1657/757/1237
f 1987/753/1234 1986/755/1235 1989/758/1239 1990/756/1238
f 1986/755/1235 1985/674/1236 1988/631/1240 1989/758/1239
f 1657/757/1237 1990/756/1238 1993/759/1242 1656/760/1241
f 1990/756/1238 1989/758/1239 1992/761/1243 1993/759/1242
f 1989/758/1239 1988/631/1240 1991/630/1244 1992/761/1243
f 1656/760/1241 1993/759/1242 1996/762/1246 1655/763/1245
f 1993/759/1242 1992/761/1243 1995/764/1247 1996/762/1246
f 1992/761/1243 1991/630/1244 1994/650/1248 1995/764/1247
f 1655/763/1245 1996/762/1246 1999/765/1250 1654/766/1249
f 1996/762/1246 1995/764/1247 1998/767/1251 1999/765/1250
f 1995/764/1247 1994/650/1248 1997/647/1252 1998/767/1251
f 1654/766/1249 1999/765/1250 2002/768/1254 1653/769/1253
f 1999/765/1250 1998/767/1251 2001/770/1255 2002/768/1254
f 1998/767/1251 1997/647/1252 2000/646/1256 2001/770/1255
f 1653/769/1253 2002/768/1254 2005/771/1258 1652/772/1257
f 2002/768/1254 2001/770/1255 2004/773/1259 2005/771/1258
f 2001/770/1255 2000/646/1256 2003/671/1260 2004/773/1259
f 1652/772/1257 2005/771/1258 2008/774/1262 1651/775/1261
f 2005/771/1258 2004/773/1259 2007/776/1263 2008/774/1262
f 2004/773/1259 2003/671/1260 2006/655/1264 2007/776/1263
f 1651/775/1261 2008/774/1262 2011/777/1266 1650/778/1265
f 2008/774/1262 2007/776/1263 2010/779/1267 2011/777/1266
f 2007/776/1263 2006/655/1264 2009/652/1268 2010/779/1267
f 1650/778/1265 2011/777/1266 2014/780/1270 1649/781/1269
f 2011/777/1266 2010/779/1267 2013/782/1271 2014/780/1270
f 2010/779/1267 2009/652/1268 2012/643/1272 2013/782/1271
f 1649/781/1269 2014/780/1270 2017/783/1274 1648/784/1273
f 2014/780/1270 2013/782/1271 2016/785/1275 2017/783/1274
f 2013/782/1271 2012/643/1272 2015/640/1276 2016/785/1275
f 1648/784/1273 2017/783/1274 2020/786/1278 1647/787/1277
f 2017/783/1274 2016/785/1275 2019/788/1279 2020/786/1278
f 2016/785/1275 2015/640/1276 2018/634/1280 2019/788/1279
f 1647/787/1277 2020/786/1278 2023/789/1282 1646/790/1281
f 2020/786/1278 2019/788/1279 2022/791/1283 2023/789/1282
f 2019/788/1279 2018/634/1280 2021/623/1284 2022/791/1283
f 1646/790/1281 2023/789/1282 2026/792/1286 1645/793/1285
f 2023/789/1282 2022/791/1283 2025/794/1287 2026/792/1286
f 2022/791/1283 2021/623/1284 2024/607/1288 2025/794/1287
f 1645/793/1285 2026/792/1286 2029/795/1290 1644/796/1289
f 2026/792/1286 2025/794/1287 2028/797/1291 2029/795/1290
f 2025/794/1287 2024/607/1288 2027/606/1292 2028/797/1291
f 1644/796/1289 2029/795/1290 2032/798/1294 1643/799/1293
f 2029/795/1290 2028/797/1291 2031/800/1295 2032/798/1294
f 2028/797/1291 2027/606/1292 2030/616/1296 2031/800/1295
f 1643/799/1293 2032/798/1294 2035/801/1298 1642/802/1297
f 2032/798/1294 2031/800/1295 2034/803/1299 2035/801/1298
f 2031/800/1295 2030/616/1296 2033/638/1300 2034/803/1299
f 1642/802/1297 2035/801/1298 2038/804/1302 1641/805/1301
f 2035/801/1298 2034/803/1299 2037/806/1303 2038/804/1302
f 2034/803/1299 2033/638/1300 2036/649/1304 2037/806/1303
f 1641/805/1301 2038/804/1302 2041/807/1306 1640/808/1305
f 2038/804/1302 2037/806/1303 2040/809/1307 2041/807/1306
f 2037/806/1303 2036/649/1304 2039/619/1308 2040/809/1307
f 1640/808/1305 2041/807/1306 2044/810/1310 1639/811/1309
f 2041/807/1306 2040/809/1307 2043/812/1311 2044/810/1310
f 2040/809/1307 2039/619/1308 2042/618/1312 2043/812/1311
f 1639/811/1309 2044/810/1310 2047/813/1314 1638/814/1313
f 2044/810/1310 2043/812/1311 2046/815/1315 2047/813/1314
f 2043/812/1311 2042/618/1312 2045/667/1316 2046/815/1315
f 1638/814/152 2047/813/1317 2050/816/1317 1637/526/152
f 2047/813/1317 2046/815/1318 2049/817/1318 2050/816/1317
f 2046/815/1318 2045/667/1319 2048/666/1319 2049/817/1318
f 1637/526/1323 2050/816/1322 2053/818/1321 1636/819/1320
f 2050/816/1322 2049/817/1325 2052/820/1324 2053/818/1321
f 2049/817/1325 2048/666/1327 2051/617/1326 2052/820/1324
f 1636/819/1320 2053/818/1321 2056/821/1329 1635/822/1328
f 2053/818/1321 2052/820/1324 2055/823/1330 2056/821/1329
f 2052/820/1324 2051/617/1326 2054/620/1331 2055/823/1330
f 1635/822/1328 2056/821/1329 2059/824/1333 1634/825/1332
f 2056/821/1329 2055/823/1330 2058/826/1334 2059/824/1333
f 2055/823/1330 2054/620/1331 2057/648/1335 2058/826/1334
f 1634/825/1332 2059/824/1333 2062/827/1337 1633/828/1336
f 2059/824/1333 2058/826/1334 2061/829/1338 2062/827/1337
f 2058/826/1334 2057/648/1335 2060/653/1339 2061/829/1338
f 1633/828/1336 2062/827/1337 2065/830/1341 1632/831/1340
f 2062/827/1337 2061/829/1338 2064/832/1342 2065/830/1341
f 2061/829/1338 2060/653/1339 2063/637/1343 2064/832/1342
f 1632/831/1340 2065/830/1341 2068/833/1345 1631/834/1344
f 2065/830/1341 2064/832/1342 2067/835/1346 2068/833/1345
f 2064/832/1342 2063/637/1343 2066/615/1347 2067/835/1346
f 1631/834/1344 2068/833/1345 2071/836/1349 1630/837/1348
f 2068/833/1345 2067/835/1346 2070/838/1350 2071/836/1349
f 2067/835/1346 2066/615/1347 2069/605/1351 2070/838/1350
f 1630/837/1348 2071/836/1349 2074/839/1353 1629/840/1352
f 2071/836/1349 2070/838/1350 2073/841/1354 2074/839/1353
f 2070/838/1350 2069/605/1351 2072/608/1355 2073/841/1354
f 1629/840/1352 2074/839/1353 2077/842/1357 1628/843/1356
f 2074/839/1353 2073/841/1354 2076/844/1358 2077/842/1357
f 2073/841/1354 2072/608/1355 2075/624/1359 2076/844/1358
f 1628/843/1356 2077/842/1357 2080/845/1361 1627/846/1360
f 2077/842/1357 2076/844/1358 2079/847/1362 2080/845/1361
f 2076/844/1358 2075/624/1359 2078/633/1363 2079/847/1362
f 1627/846/1360 2080/845/1361 2083/848/1364 1626/849/407
f 2080/845/1361 2079/847/1362 2082/850/1365 2083/848/1364
f 2079/847/1362 2078/633/1363 2081/639/1366 2082/850/1365
f 1626/849/407 2083/848/1364 2086/851/1367 1625/852/403
f 2083/848/1364 2082/850/1365 2085/853/404 2086/851/1367
f 2082/850/1365 2081/639/1366 2084/642/405 2085/853/404
f 1625/852/403 2086/851/1367 2089/854/1369 1624/855/1368
f 2086/851/1367 2085/853/404 2088/856/1370 2089/854/1369
f 2085/853/404 2084/642/405 2087/651/1371 2088/856/1370
f 1624/855/1368 2089/854/1369 2092/857/1372 1623/858/395
f 2089/854/1369 2088/856/1370 2091/859/1373 2092/857/1372
f 2088/856/1370 2087/651/1371 2090/654/397 2091/859/1373
f 1623/858/395 2092/857/1372 2095/860/1375 1622/861/1374
f 2092/857/1372 2091/859/1373 2094/862/1376 2095/860/1375
f 2091/859/1373 2090/654/397 2093/670/1377 2094/862/1376
f 1622/861/1374 2095/860/1375 2098/863/386 1621/864/387
f 2095/860/1375 2094/862/1376 2097/865/1378 2098/863/386
f 2094/862/1376 2093/670/1377 2096/645/1379 2097/865/1378
f 1621/864/387 2098/863/386 2101/866/382 1620/867/1380
f 2098/863/386 2097/865/1378 2100/868/1381 2101/866/382
f 2097/865/1378 2096/645/1379 2099/644/1382 2100/868/1381
f 1620/867/1380 2101/866/382 2104/869/1383 1619/870/379
f 2101/866/382 2100/868/1381 2103/871/380 2104/869/1383
f 2100/868/1381 2099/644/1382 2102/629/1384 2103/871/380
f 1619/870/379 2104/869/1383 2107/872/1386 1618/873/1385
f 2104/869/1383 2103/871/380 2106/874/1387 2107/872/1386
f 2103/871/380 2102/629/1384 2105/632/1388 2106/874/1387
f 1618/873/1385 2107/872/1386 2110/875/1389 1617/876/371
f 2107/872/1386 2106/874/1387 2109/877/1390 2110/875/1389
f 2106/874/1387 2105/632/1388 2108/672/1391 2109/877/1390
f 1617/876/371 2110/875/1389 2113/878/1393 1616/879/1392
f 2110/875/1389 2109/877/1390 2112/880/1394 2113/878/1393
f 2109/877/1390 2108/672/1391 2111/659/1395 2112/880/1394
f 1616/879/1392 2113/878/1393 2116/881/1397 1615/882/1396
f 2113/878/1393 2112/880/1394 2115/883/1398 2116/881/1397
f 2112/880/1394 2111/659/1395 2114/658/1399 2115/883/1398
f 1615/882/1396 2116/881/1397 2119/884/1401 1614/885/1400
f 2116/881/1397 2115/883/1398 2118/886/1402 2119/884/1401
f 2115/883/1398 2114/658/1399 2117/668/1403 2118/886/1402
f 1614/885/1400 2119/884/1401 2122/887/1405 1613/888/1404
f 2119/884/1401 2118/886/1402 2121/889/1406 2122/887/1405
f 2118/886/1402 2117/668/1403 2120/627/1407 2121/889/1406
f 1613/888/1404 2122/887/1405 2125/890/1409 1612/891/1408
f 2122/887/1405 2121/889/1406 2124/892/1410 2125/890/1409
f 2121/889/1406 2120/627/1407 2123/613/1411 2124/892/1410
f 1612/891/1408 2125/890/1409 2128/893/1413 1611/894/1412
f 2125/890/1409 2124/892/1410 2127/895/1414 2128/893/1413
f 2124/892/1410 2123/613/1411 2126/610/1415 2127/895/1414
f 1611/894/1412 2128/893/1413 1907/676/1130 1684/675/1131
f 2128/893/1413 2127/895/1414 1908/679/1133 1907/676/1130
f 2127/895/1414 2126/610/1415 1909/609/1135 1908/679/1133
f 2130/935/1416 2142/934/1416 2141/2/1416 2129/1/1416
f 2131/937/1417 2143/936/1417 2142/934/1417 2130/935/1417
f 2132/939/1418 2144/938/1418 2143/936/1418 2131/937/1418
f 2133/941/1416 2145/940/1416 2144/938/1416 2132/939/1416
f 2134/943/1419 2146/942/1419 2145/940/1419 2133/941/1419
f 2135/945/1420 2147/944/1420 2146/942/1420 2134/943/1420
f 2136/947/1421 2148/946/1421 2147/944/1421 2135/945/1421
f 2137/949/1422 2149/948/1422 2148/946/1422 2136/947/1422
f 2138/951/1423 2150/950/1423 2149/948/1423 2137/949/1423
f 2139/953/1424 2151/952/1424 2150/950/1424 2138/951/1424
f 2140/955/1425 2152/954/1425 2151/952/1425 2139/953/1425
f 2129/150/1426 2141/149/1426 2152/954/1426 2140/955/1426
f 2142/934/1416 2154/956/1416 2153/151/1416 2141/2/1416
f 2143/936/1417 2155/957/1417 2154/956/1417 2142/934/1417
f 2144/938/1418 2156/958/1418 2155/957/1418 2143/936/1418
f 2145/940/1416 2157/959/1416 2156/958/1416 2144/938/1416
f 2146/942/1419 2158/960/1419 2157/959/1419 2145/940/1419
f 2147/944/1420 2159/961/1420 2158/960/1420 2146/942/1420
f 2148/946/1421 2160/962/1421 2159/961/1421 2147/944/1421
f 2149/948/1422 2161/963/1422 2160/962/1422 2148/946/1422
f 2150/950/1423 2162/964/1423 2161/963/1423 2149/948/1423
f 2151/952/1424 2163/965/1424 2162/964/1424 2150/950/1424
f 2152/954/1425 2164/966/1425 2163/965/1425 2151/952/1425
f 2141/149/1426 2153/225/1426 2164/966/1426 2152/954/1426
f 2154/956/1416 2166/967/1416 2165/226/1416 2153/151/1416
f 2155/957/1417 2167/968/1417 2166/967/1417 2154/956/1417
f 2156/958/1418 2168/969/1418 2167/968/1418 2155/957/1418
f 2157/959/1416 2169/970/1416 2168/969/1416 2156/958/1416
f 2158/960/1419 2170/971/1419 2169/970/1419 2157/959/1419
f 2159/961/1420 2171/972/1420 2170/971/1420 2158/960/1420
f 2160/962/1421 2172/973/1421 2171/972/1421 2159/961/1421
f 2161/963/1422 2173/974/1422 2172/973/1422 2160/962/1422
f 2162/964/1423 2174/975/1423 2173/974/1423 2161/963/1423
f 2163/965/1424 2175/976/1424 2174/975/1424 2162/964/1424
f 2164/966/1425 2176/977/1425 2175/976/1425 2163/965/1425
f 2153/225/1426 2165/300/1426 2176/977/1426 2164/966/1426
f 2166/967/1416 2178/978/1416 2177/301/1416 2165/226/1416
f 2167/968/1417 2179/979/1417 2178/978/1417 2166/967/1417
f 2168/969/1418 2180/980/1418 2179/979/1418 2167/968/1418
f 2169/970/1416 2181/981/1416 2180/980/1416 2168/969/1416
f 2170/971/1419 2182/982/1419 2181/981/1419 2169/970/1419
f 2171/972/1420 2183/983/1420 2182/982/1420 2170/971/1420
f 2172/973/1421 2184/984/1421 2183/983/1421 2171/972/1421
f 2173/974/1422 2185/985/1422 2184/984/1422 2172/973/1422
f 2174/975/1423 2186/986/1423 2185/985/1423 2173/974/1423
f 2175/976/1424 2187/987/1424 2186/986/1424 2174/975/1424
f 2176/977/1425 2188/988/1425 2187/987/1425 2175/976/1425
f 2165/300/1426 2177/375/1426 2188/988/1426 2176/977/1426
f 2178/978/1416 2190/989/1416 2189/376/1416 2177/301/1416
f 2179/979/1417 2191/990/1417 2190/989/1417 2178/978/1417
f 2180/980/1418 2192/991/1418 2191/990/1418 2179/979/1418
f 2181/981/1416 2193/992/1416 2192/991/1416 2180/980/1416
f 2182/982/1419 2194/993/1419 2193/992/1419 2181/981/1419
f 2183/983/1420 2195/994/1420 2194/993/1420 2182/982/1420
f 2184/984/1421 2196/995/1421 2195/994/1421 2183/983/1421
f 2185/985/1422 2197/996/1422 2196/995/1422 2184/984/1422
f 2186/986/1423 2198/997/1423 2197/996/1423 2185/985/1423
f 2187/987/1424 2199/998/1424 2198/997/1424 2186/986/1424
f 2188/988/1425 2200/999/1425 2199/998/1425 2187/987/1425
f 2177/375/1426 2189/450/1426 2200/999/1426 2188/988/1426
f 2190/989/1416 2202/1000/1416 2201/451/1416 2189/376/1416
f 2191/990/1417 2203/1001/1417 2202/1000/1417 2190/989/1417
f 2192/991/1418 2204/1002/1418 2203/1001/1418 2191/990/1418
f 2193/992/1416 2205/1003/1416 2204/1002/1416 2192/991/1416
f 2194/993/1419 2206/1004/1419 2205/1003/1419 2193/992/1419
f 2195/994/1420 2207/1005/1420 2206/1004/1420 2194/993/1420
f 2196/995/1421 2208/1006/1421 2207/1005/1421 2195/994/1421
f 2197/996/1422 2209/1007/1422 2208/1006/1422 2196/995/1422
f 2198/997/1423 2210/1008/1423 2209/1007/1423 2197/996/1423
f 2199/998/1424 2211/1009/1424 2210/1008/1424 2198/997/1424
f 2200/999/1425 2212/1010/1425 2211/1009/1425 2199/998/1425
f 2189/450/1426 2201/525/1426 2212/1010/1426 2200/999/1426
f 2202/1000/1416 2214/1011/1416 2213/526/1416 2201/451/1416
f 2203/1001/1417 2215/1012/1417 2214/1011/1417 2202/1000/1417
f 2204/1002/1418 2216/1013/1418 2215/1012/1418 2203/1001/1418
f 2205/1003/1416 2217/1014/1416 2216/1013/1416 2204/1002/1416
f 2206/1004/1419 2218/1015/1419 2217/1014/1419 2205/1003/1419
f 2207/1005/1420 2219/1016/1420 2218/1015/1420 2206/1004/1420
f 2208/1006/1421 2220/1017/1421 2219/1016/1421 2207/1005/1421
f 2209/1007/1422 2221/1018/1422 2220/1017/1422 2208/1006/1422
f 2210/1008/1423 2222/1019/1423 2221/1018/1423 2209/1007/1423
f 2211/1009/1424 2223/1020/1424 2222/1019/1424 2210/1008/1424
f 2212/1010/1425 2224/1021/1425 2223/1020/1425 2211/1009/1425
f 2201/525/1426 2213/600/1426 2224/1021/1426 2212/1010/1426
f 2139/1037/1427 2230/1036/1428 2225/1035/1428 2140/1034/1427
f 2230/1036/1428 2229/1039/1429 2226/1038/1429 2225/1035/1428
f 2229/1039/1429 2228/1029/1430 2227/1026/1430 2226/1038/1429
f 2138/1041/1433 2233/1040/1432 2230/1036/1431 2139/1037/467
f 2233/1040/1432 2232/1042/1435 2229/1039/1434 2230/1036/1431
f 2232/1042/1435 2231/1028/1437 2228/1029/1436 2229/1039/1434
f 2137/1044/1439 2236/1043/1438 2233/1040/1432 2138/1041/1433
f 2236/1043/1438 2235/1045/1440 2232/1042/1435 2233/1040/1432
f 2235/1045/1440 2234/1027/1441 2231/1028/1437 2232/1042/1435
f 2136/1047/1445 2239/1046/1444 2236/1043/1443 2137/1044/1442
f 2239/1046/1444 2238/1048/1447 2235/1045/1446 2236/1043/1443
f 2238/1048/1447 2237/1032/1449 2234/1027/1448 2235/1045/1446
f 2135/1050/1450 2242/1049/881 2239/1046/1444 2136/1047/1445
f 2242/1049/881 2241/1051/1451 2238/1048/1447 2239/1046/1444
f 2241/1051/1451 2240/1033/1452 2237/1032/1449 2238/1048/1447
f 2134/1053/1453 2245/1052/1454 2242/1049/1454 2135/1050/1453
f 2245/1052/1454 2244/1054/1455 2241/1051/1455 2242/1049/1454
f 2244/1054/1455 2243/1025/1456 2240/1033/1456 2241/1051/1455
f 2133/1/1457 2248/1055/1458 2245/1052/1458 2134/1053/1457
f 2248/1055/1458 2247/1056/1459 2244/1054/1459 2245/1052/1458
f 2247/1056/1459 2246/1024/1460 2243/1025/1460 2244/1054/1459
f 2132/1058/1464 2251/1057/1463 2248/1055/1462 2133/1/1461
f 2251/1057/1463 2250/1059/1466 2247/1056/1465 2248/1055/1462
f 2250/1059/1466 2249/1023/1468 2246/1024/1467 2247/1056/1465
f 2131/1061/1470 2254/1060/1469 2251/1057/1463 2132/1058/1464
f 2254/1060/1469 2253/1062/1471 2250/1059/1466 2251/1057/1463
f 2253/1062/1471 2252/1022/1472 2249/1023/1468 2250/1059/1466
f 2130/1064/1473 2257/1063/1474 2254/1060/1474 2131/1061/1473
f 2257/1063/1474 2256/1065/1475 2253/1062/1475 2254/1060/1474
f 2256/1065/1475 2255/1030/1476 2252/1022/1476 2253/1062/1475
f 2129/1067/1477 2260/1066/1462 2257/1063/1462 2130/1064/1477
f 2260/1066/1462 2259/1068/751 2256/1065/751 2257/1063/1462
f 2259/1068/751 2258/1031/752 2255/1030/752 2256/1065/751
f 2140/1034/1478 2225/1035/1479 2260/1066/1479 2129/1067/1478
f 2225/1035/1479 2226/1038/1480 2259/1068/1480 2260/1066/1479
f 2226/1038/1480 2227/1026/1481 2258/1031/1481 2259/1068/1480
f 2294/1031/108 2291/1030/108 2288/1022/110 2285/1023/102 2282/1024/102 2279/1025/110 2276/1033/102 2273/1032/102 2270/1027/107 2267/1028/109 2264/1029/109 2263/1026/110
f 2224/1034/1482 2261/1035/1483 2266/1036/1483 2223/1037/1482
f 2261/1035/1483 2262/1038/1484 2265/1039/1484 2266/1036/1483
f 2262/1038/1484 2263/1026/1485 2264/1029/1485 2265/1039/1484
f 2223/1037/1489 2266/1036/1488 2269/1040/1487 2222/1041/1486
f 2266/1036/1488 2265/1039/1318 2268/1042/1490 2269/1040/1487
f 2265/1039/1318 2264/1029/306 2267/1028/1491 2268/1042/1490
f 2222/1041/1486 2269/1040/1487 2272/1043/1493 2221/1044/1492
f 2269/1040/1487 2268/1042/1490 2271/1045/1494 2272/1043/1493
f 2268/1042/1490 2267/1028/1491 2270/1027/1495 2271/1045/1494
f 2221/1044/1499 2272/1043/1498 2275/1046/1497 2220/1047/1496
f 2272/1043/1498 2271/1045/1501 2274/1048/1500 2275/1046/1497
f 2271/1045/1501 2270/1027/1503 2273/1032/1502 2274/1048/1500
f 2220/1047/1496 2275/1046/1497 2278/1049/1317 2219/1050/1504
f 2275/1046/1497 2274/1048/1500 2277/1051/305 2278/1049/1317
f 2274/1048/1500 2273/1032/1502 2276/1033/155 2277/1051/305
f 2219/1050/1505 2278/1049/1506 2281/1052/1506 2218/1053/1505
f 2278/1049/1506 2277/1051/1507 2280/1054/1507 2281/1052/1506
f 2277/1051/1507 2276/1033/1508 2279/1025/1508 2280/1054/1507
f 2218/1053/1509 2281/1052/1510 2284/1055/1510 2217/1/1509
f 2281/1052/1510 2280/1054/1511 2283/1056/1511 2284/1055/1510
f 2280/1054/1511 2279/1025/1512 2282/1024/1512 2283/1056/1511
f 2217/1/1516 2284/1055/1515 2287/1057/1514 2216/1058/1513
f 2284/1055/1515 2283/1056/1518 2286/1059/1517 2287/1057/1514
f 2283/1056/1518 2282/1024/1520 2285/1023/1519 2286/1059/1517
f 2216/1058/1513 2287/1057/1514 2290/1060/1522 2215/1061/1521
f 2287/1057/1514 2286/1059/1517 2289/1062/1523 2290/1060/1522
f 2286/1059/1517 2285/1023/1519 2288/1022/1524 2289/1062/1523
f 2215/1061/1525 2290/1060/1526 2293/1063/1526 2214/1064/1525
f 2290/1060/1526 2289/1062/1527 2292/1065/1527 2293/1063/1526
f 2289/1062/1527 2288/1022/1528 2291/1030/1528 2292/1065/1527
f 2214/1064/1529 2293/1063/1515 2296/1066/1515 2213/1067/1529
f 2293/1063/1515 2292/1065/1530 2295/1068/1530 2296/1066/1515
f 2292/1065/1530 2291/1030/1531 2294/1031/1531 2295/1068/1530
f 2213/1067/1532 2296/1066/1533 2261/1035/1533 2224/1034/1532
f 2296/1066/1533 2295/1068/1534 2262/1038/1534 2261/1035/1533
f 2295/1068/1534 2294/1031/1535 2263/1026/1535 2262/1038/1534

usemtl Wood Painted Matte 001 Red 200cm
f 1687/609/416 1688/641/420 1691/625/418 1694/602/419 1697/601/419 1700/622/416 1703/635/415 1706/656/416 1709/663/414 1712/662/421 1715/665/421 1718/664/414 1721/657/416 1724/636/415 1727/621/416 1730/604/419 1733/603/419 1736/626/418 1739/612/425 1742/611/424 1745/614/425 1748/628/425 1751/669/417 1754/661/424 1757/660/419 1760/673/419 1763/674/425 1766/631/415 1769/630/414 1772/650/423 1775/647/839 1778/646/422 1781/671/423 1784/655/423 1787/652/415 1790/643/838 1793/640/423 1796/634/423 1799/623/416 1802/607/415 1805/606/425 1808/616/425 1811/638/425 1814/649/417 1817/619/416 1820/618/414 1823/667/415 1826/666/415 1829/617/414 1832/620/416 1835/648/840 1838/653/426 1841/637/425 1844/615/425 1847/605/425 1850/608/415 1853/624/416 1856/633/423 1859/639/423 1862/642/838 1865/651/415 1868/654/423 1871/670/423 1874/645/422 1877/644/839 1880/629/425 1883/632/415 1886/672/422 1889/659/419 1892/658/424 1895/668/417 1898/627/425 1901/613/425 1904/610/424
f 2227/1026/425 2228/1029/424 2231/1028/424 2234/1027/421 2237/1032/416 2240/1033/416 2243/1025/425 2246/1024/416 2249/1023/416 2252/1022/425 2255/1030/422 2258/1031/422

v 25.254071 -19.264421 17.094349
v 25.492873 -4.338499 -27.793069
v 20.531685 25.406529 31.923168
v 20.770487 40.332451 -12.964250
v 23.134938 -15.463370 15.024930
v 19.041941 23.253943 27.877400
v 19.248916 36.190574 -11.027531
v 23.341913 -2.526740 -23.880001
v 20.301106 40.086665 -15.708401
v 19.926746 42.331157 -11.202350
v 24.550466 -19.128444 19.795745
v 19.698500 28.064994 31.700944
v 25.153072 -7.106774 -27.613599
v 20.036821 23.567950 33.969097
v 24.760893 -20.877543 18.514924
v 24.848013 -21.399876 17.466288
v 24.918653 -3.649812 -30.061018
v 24.814752 -2.609730 -29.881753
v 24.414225 -16.098395 15.447529
v 23.996243 -2.845407 -24.609434
v 24.627207 -2.786339 -24.586436
v 19.784466 36.995496 -11.383981
v 20.202448 23.742508 28.672982
v 23.783262 -16.157463 15.424531
v 20.604981 24.060118 33.484275
v 25.063831 -16.792366 15.847176
v 20.415429 37.054564 -11.360983
v 19.571484 23.683440 28.649984
v 20.580357 41.883452 -11.617604
v 20.733274 24.172123 29.445611
v 24.924826 -21.372936 15.289694
v 24.903804 -21.555075 16.334252
v 25.427797 -2.991319 -29.353877
v 20.952262 37.859604 -11.717386
v 25.452421 -20.814652 15.748002
v 25.282819 -3.104886 -25.315820
v 25.683253 -6.386894 -27.641266
v 25.488488 -3.605504 -29.437814
v 25.571511 -4.545618 -29.304830
v 25.637120 -5.417704 -28.864980
v 25.675113 -6.086161 -28.186657
v 20.544556 24.674328 33.568222
v 20.461258 25.614417 33.435228
v 20.395649 26.486503 32.995378
v 20.357932 27.154985 32.317065
v 20.349526 27.455693 31.771665
v 25.438098 -20.900360 16.364773
v 25.391479 -20.771071 17.307913
v 25.318882 -20.335809 18.181745
v 25.231594 -19.662255 18.850399
v 25.169753 -19.119908 19.150379
v 20.195614 41.027326 -15.230144
v 25.142639 -6.627086 -28.559384
v 20.594946 41.969185 -12.234365
v 20.641290 41.839869 -13.177515
v 20.713888 41.404608 -14.051347
v 20.801451 40.731079 -14.719991
v 20.863025 40.188707 -15.019980
v 19.708933 27.585306 32.646728
v 24.655959 -20.069106 19.317489
v 25.018469 -4.778195 -29.901393
v 25.097202 -5.824736 -29.373554
v 19.754370 26.782956 33.460899
v 19.833103 25.736416 33.988738
v 19.932919 24.608032 34.148362
v 20.090679 41.835764 -14.427580
v 20.003559 42.358096 -13.378943
v 19.947768 42.513295 -12.246908
v 24.590768 -16.115175 15.470555
v 24.769013 -16.205660 15.530435
v 24.920142 -16.367111 15.623412
v 25.020758 -16.574532 15.735091
v 20.124020 42.503099 -12.240971
v 20.301938 42.433828 -12.236056
v 20.452607 42.307154 -12.233136
v 20.552593 42.142780 -12.232665
v 20.373749 23.775309 28.712466
v 20.535128 23.844362 28.825306
v 20.658623 23.944311 29.005056
v 20.725116 24.059683 29.223889
v 24.804014 -2.786553 -24.613232
v 24.983112 -2.823731 -24.713662
v 25.135638 -2.897840 -24.883351
v 25.237980 -2.997406 -25.096030
v 20.586995 37.103932 -11.371321
v 20.749228 37.226291 -11.418791
v 20.874120 37.413581 -11.501707
v 20.942338 37.636808 -11.607232
v 23.177632 -15.681139 15.136951
v 23.277908 -15.888599 15.248621
v 23.428785 -16.050126 15.341615
v 23.606855 -16.140664 15.401507
v 19.049735 23.366299 28.099007
v 19.115887 23.481642 28.317834
v 19.239121 23.581594 28.497628
v 19.400320 23.650648 28.610497
v 23.386372 -2.634203 -24.099704
v 23.488374 -2.733805 -24.312401
v 23.640648 -2.807965 -24.482153
v 23.819571 -2.845178 -24.582626
v 19.258475 36.413234 -11.137647
v 19.326353 36.636436 -11.243188
v 19.450984 36.823755 -11.326140
v 19.613036 36.946134 -11.373636
v 25.095799 -21.334464 15.315310
v 25.256724 -21.247086 15.383569
v 25.379553 -21.117112 15.490267
v 25.445181 -20.964759 15.618810
v 25.324159 -7.061168 -27.609438
v 25.485452 -6.950826 -27.610237
v 25.608883 -6.783231 -27.616678
v 25.675254 -6.584451 -27.627759
v 24.725487 -19.114242 19.772637
v 24.899441 -19.104983 19.684063
v 25.043617 -19.102995 19.533815
v 25.135590 -19.108589 19.345264
v 20.209584 23.603504 33.953076
v 20.376274 23.681487 33.887316
v 20.508547 23.796069 33.774445
v 20.585830 23.929426 33.632019
v 19.874922 28.051920 31.709449
v 20.053386 27.973385 31.722631
v 20.204951 27.831534 31.739096
v 20.306042 27.648431 31.756281
v 20.103282 42.325217 -11.215300
v 20.282114 42.269645 -11.271174
v 20.434281 42.165415 -11.367849
v 20.536115 42.028739 -11.490288
v 24.989497 -2.612751 -29.853065
v 25.162564 -2.658928 -29.774921
v 25.305287 -2.747766 -29.652027
v 25.395466 -2.865446 -29.503497
v 20.473594 40.104995 -15.672626
v 20.639396 40.127542 -15.571668
v 20.770216 40.151298 -15.411397
v 20.845706 40.172569 -15.216742
v 24.933196 -20.839802 18.505597
v 25.098440 -20.754772 18.461383
v 25.228351 -20.628645 18.383812
v 25.302716 -20.481047 18.284954
v 24.829052 -20.037319 19.302251
v 24.996804 -19.971459 19.239010
v 25.130817 -19.876740 19.130267
v 25.210248 -19.767895 18.992936
v 25.019675 -21.358291 17.464678
v 25.182856 -21.260887 17.445304
v 25.309385 -21.114488 17.408432
v 25.379578 -20.941874 17.359796
v 25.190554 -4.754103 -29.869673
v 25.355095 -4.713006 -29.781765
v 25.483854 -4.658858 -29.642873
v 25.556798 -4.600082 -29.474608
v 25.091491 -3.634031 -30.028122
v 25.258418 -3.619688 -29.936432
v 25.391081 -3.609372 -29.791344
v 25.468845 -3.604689 -29.615426
v 20.107602 24.624784 34.128133
v 20.280469 24.642251 34.048828
v 20.422864 24.657686 33.913766
v 20.512639 24.668687 33.743955
v 25.075073 -21.512346 16.340982
v 25.236949 -21.411264 16.348452
v 25.361338 -21.258840 16.355558
v 25.428891 -21.078782 16.361194
v 25.626260 -5.523391 -29.008923
v 25.557087 -5.632288 -29.151908
v 25.431384 -5.727054 -29.270314
v 25.268707 -5.792942 -29.345719
v 25.666440 -6.231170 -28.290720
v 25.599410 -6.378536 -28.394674
v 25.475445 -6.504468 -28.481448
v 25.313827 -6.589380 -28.537546
v 20.424490 25.664062 33.603129
v 20.329966 25.707159 33.765290
v 20.183719 25.735563 33.894159
v 20.008504 25.744854 33.969683
v 20.355028 26.587370 33.137445
v 20.256733 26.680590 33.274326
v 20.107430 26.749610 33.382708
v 19.930350 26.783692 33.445729
v 20.315044 27.295168 32.419248
v 20.214535 27.426849 32.517096
v 20.063442 27.527032 32.593845
v 19.885266 27.580134 32.637557
v 20.370041 41.028073 -15.202240
v 20.542084 40.994023 -15.126614
v 20.683128 40.925054 -15.007845
v 20.771236 40.831893 -14.864407
v 20.601711 42.005853 -13.231275
v 20.504435 42.162790 -13.286014
v 20.355958 42.283444 -13.332911
v 20.179382 42.349041 -13.364668
v 20.678572 41.545026 -14.156433
v 20.585469 41.676947 -14.261395
v 20.440373 41.777329 -14.348989
v 20.265861 41.830553 -14.405587
v -5.152152 37.703847 -16.636145
v -0.638506 -4.992548 -30.809497
v -5.416437 21.185132 33.041353
v -0.902791 -21.511262 18.868001
v -5.754758 25.682176 30.773200
v -5.526511 39.948339 -12.130094
v -0.528432 -23.755754 14.361950
v -0.300185 -9.489592 -28.541344
v -5.257644 38.644509 -16.157889
v -0.310619 -9.009904 -29.487128
v -5.744324 25.202488 31.718984
v -0.797299 -22.451924 18.389745
v -5.362579 39.452946 -15.355324
v -5.449699 39.975278 -14.306687
v -5.505489 40.130477 -13.174652
v -0.356055 -8.207554 -30.301299
v -0.434788 -7.161013 -30.829137
v -0.534604 -6.032630 -30.988762
v -5.698888 24.400138 32.533155
v -5.620155 23.353598 33.060994
v -5.520339 22.225214 33.220618
v -0.692364 -23.260361 17.587180
v -0.605244 -23.782694 16.538543
v -0.549454 -23.937893 15.406508
v -0.310619 -9.009904 -29.487128
v -0.356055 -8.207554 -30.301299
v -0.434788 -7.161013 -30.829137
v -5.257644 38.644509 -16.157889
v -5.362579 39.452946 -15.355324
v -5.449699 39.975278 -14.306687
v -0.797299 -22.451924 18.389745
v -0.692364 -23.260361 17.587180
v -0.605244 -23.782694 16.538543
v -5.744324 25.202488 31.718984
v -5.698888 24.400138 32.533155
v -5.620155 23.353598 33.060994
v -0.534604 -6.032630 -30.988762
v -5.505489 40.130477 -13.174652
v -0.549454 -23.937893 15.406508
v -5.520339 22.225214 33.220618
v -0.528432 -23.755754 14.361950
v -0.300185 -9.489592 -28.541344
v -5.754758 25.682176 30.773200
v -5.526511 39.948339 -12.130094
v -0.638506 -4.992548 -30.809497
v -5.152152 37.703847 -16.636145
v -0.902791 -21.511262 18.868001
v -5.416437 21.185132 33.041353
v -31.245496 20.946688 32.101529
v -31.410038 20.905591 32.013621
v -31.538797 20.851442 31.874729
v -31.611741 20.792667 31.706464
v -31.323650 21.985526 31.577575
v -31.486327 21.919638 31.502170
v -31.612030 21.824873 31.383764
v -31.681203 21.715976 31.240779
v -31.523788 19.797274 31.847282
v -31.446024 19.801957 32.023200
v -31.313361 19.812272 32.168288
v -31.146434 19.826615 32.259978
v -31.130016 37.704930 -14.109126
v -31.291892 37.603849 -14.116596
v -31.416281 37.451425 -14.123702
v -31.483834 37.271367 -14.129338
v -31.074618 37.550875 -15.232822
v -31.237798 37.453471 -15.213448
v -31.364328 37.307073 -15.176575
v -31.434520 37.134458 -15.127940
v -30.988139 37.032387 -16.273741
v -31.153383 36.947356 -16.229527
v -31.283294 36.821230 -16.151956
v -31.357659 36.673631 -16.053098
v -26.178963 -26.310515 14.472827
v -26.356881 -26.241243 14.467912
v -26.507550 -26.114569 14.464992
v -26.607536 -25.950195 14.464522
v -26.234325 -26.156456 15.596524
v -26.410901 -26.090859 15.564767
v -26.559378 -25.970205 15.517870
v -26.656653 -25.813268 15.463131
v -26.369987 -11.102583 -30.187392
v -26.269478 -11.234264 -30.285240
v -26.118385 -11.334447 -30.361989
v -25.940209 -11.387549 -30.405701
v -31.265191 35.960480 -16.761080
v -31.185760 36.069325 -16.898411
v -31.051747 36.164044 -17.007154
v -30.883995 36.229904 -17.070395
v -26.826179 -24.639308 17.096263
v -26.738071 -24.732469 17.239701
v -26.597027 -24.801438 17.358470
v -26.424984 -24.835488 17.434096
v -26.733515 -25.352441 16.388289
v -26.640412 -25.484362 16.493251
v -26.495316 -25.584744 16.580845
v -26.320804 -25.637968 16.637443
v -26.409971 -10.394786 -30.905588
v -26.311676 -10.488006 -31.042469
v -26.162373 -10.557026 -31.150852
v -25.985293 -10.591108 -31.213873
v -26.567582 -8.476102 -31.512098
v -26.477807 -8.465101 -31.681910
v -26.335412 -8.449667 -31.816972
v -26.162545 -8.432200 -31.896277
v -26.479433 -9.471477 -31.371273
v -26.384909 -9.514575 -31.533434
v -26.238662 -9.542978 -31.662302
v -26.063446 -9.552269 -31.737827
v -31.450409 19.058030 31.735353
v -31.360230 18.940350 31.883883
v -31.217507 18.851513 32.006778
v -31.044440 18.805336 32.084922
v -26.900649 -23.979985 17.448598
v -26.825159 -23.958714 17.643254
v -26.694339 -23.934957 17.803525
v -26.528537 -23.912410 17.904482
v -31.730197 22.777035 29.859616
v -31.663826 22.975816 29.848534
v -31.540395 23.143411 29.842093
v -31.379102 23.253752 29.841294
v -31.500124 37.157344 -13.386954
v -31.434496 37.309696 -13.258411
v -31.311667 37.439670 -13.151713
v -31.150742 37.527049 -13.083454
v -31.190532 35.301174 -17.113408
v -31.098560 35.295580 -17.301959
v -30.954384 35.297567 -17.452207
v -30.780430 35.306827 -17.540780
v -26.640773 -7.736841 -31.400163
v -26.563490 -7.603484 -31.542589
v -26.431217 -7.488903 -31.655460
v -26.264527 -7.410919 -31.721220
v -26.591058 -25.836155 13.722144
v -26.489224 -25.972830 13.599706
v -26.337057 -26.077060 13.503030
v -26.158225 -26.132632 13.447156
v -26.360985 -11.455846 -29.524425
v -26.259894 -11.638950 -29.507239
v -26.108329 -11.780801 -29.490775
v -25.929865 -11.859336 -29.477593
v -29.874514 19.037762 26.814482
v -29.695591 19.000549 26.714009
v -29.543317 18.926390 26.544258
v -29.441314 18.826788 26.331560
v -25.667979 -20.753549 13.605492
v -25.505927 -20.631171 13.557997
v -25.381295 -20.443851 13.475044
v -25.313418 -20.220650 13.369504
v -29.661798 32.333248 -13.169651
v -29.483727 32.242711 -13.109759
v -29.332851 32.081183 -13.016765
v -29.232575 31.873723 -12.905095
v -25.455263 -7.458063 -26.378641
v -25.294064 -7.389009 -26.265771
v -25.170830 -7.289058 -26.085978
v -25.104678 -7.173714 -25.867151
v -31.292923 19.189991 27.327886
v -31.190581 19.090425 27.115208
v -31.038055 19.016316 26.945519
v -30.858957 18.979137 26.845089
v -26.997281 -21.444224 13.839089
v -26.929063 -21.220997 13.733563
v -26.804171 -21.033707 13.650647
v -26.641938 -20.911348 13.603177
v -31.075701 32.767117 -13.503235
v -30.975084 32.559695 -13.391556
v -30.823956 32.398245 -13.298579
v -30.645711 32.307760 -13.238699
v -31.721383 22.423755 30.522576
v -31.654353 22.571120 30.626530
v -31.530388 22.697053 30.713305
v -31.368770 22.781964 30.769402
v -26.780059 -7.867098 -26.992032
v -26.713566 -7.751726 -26.773200
v -26.590071 -7.651777 -26.593450
v -26.428692 -7.582725 -26.480610
v -31.197582 22.819670 30.791240
v -31.152145 22.017321 31.605411
v -31.073412 20.970780 32.133249
v -30.710902 36.261691 -17.085633
v -30.815836 37.070128 -16.283068
v -30.902956 37.592460 -15.234431
v -26.058502 -26.165512 15.610799
v -26.145622 -25.643179 16.659436
v -25.987862 -8.415448 -31.916506
v -30.958747 37.747660 -14.102396
v -31.482740 19.183903 31.585733
v -31.543431 19.798088 31.669671
v -31.626454 20.738203 31.536686
v -31.692063 21.610289 31.096836
v -31.730056 22.278746 30.418513
v -26.002711 -26.320711 14.478764
v -30.973596 19.842396 32.292874
v -26.659924 -7.867534 -31.252419
v -26.599499 -8.481744 -31.336366
v -26.516201 -9.421832 -31.203372
v -26.450592 -10.293918 -30.763522
v -26.412875 -10.962401 -30.085209
v -31.507364 37.007237 -13.516146
v -31.493041 37.092945 -14.132917
v -31.446422 36.963655 -15.076056
v -31.373825 36.528394 -15.949889
v -31.286537 35.854839 -16.618543
v -26.649889 -25.776600 14.466222
v -26.696233 -25.647285 15.409371
v -26.768830 -25.212023 16.283204
v -26.856393 -24.538495 16.951847
v -26.635300 -25.690867 13.849460
v -27.007205 -21.667019 13.949242
v -26.404469 -11.263109 -29.539808
v -31.337762 19.297470 27.547677
v -26.917968 -23.996123 17.251836
v -25.763876 -11.392722 -30.414872
v -25.753443 -11.872410 -29.469088
v -31.118774 32.984951 -13.615320
v -31.738195 22.579479 29.873122
v -29.838204 32.350048 -13.192675
v -30.682149 18.978924 26.818292
v -26.788217 -7.979539 -27.213754
v -31.224696 35.312492 -16.918522
v -25.626427 -7.490855 -26.418127
v -30.469168 32.290980 -13.215673
v -30.051186 19.037992 26.841290
v -26.470372 -20.861979 13.592840
v -25.839409 -20.802911 13.615837
v -26.257391 -7.549923 -26.441125
v -26.356049 -23.894080 17.940257
v -26.250557 -24.834742 17.462001
v -25.809313 -10.590372 -31.229043
v -25.888046 -9.543831 -31.756882
v -30.605409 35.321029 -17.563889
v -25.981689 -26.138572 13.434206
v -30.979769 37.565521 -13.057838
v -26.091764 -7.375366 -31.737241
v -31.208015 23.299358 29.845456
v -30.869694 18.802314 32.113609
v -25.303859 -19.997990 13.259387
v -29.396856 18.719324 26.111857
v -29.189881 31.655955 -12.793074
v -25.096884 -7.061359 -25.645543
v -31.547815 20.531084 30.024925
v -31.309013 35.457006 -14.862493
v -26.825430 -24.139866 15.196106
v -26.586628 -9.213945 -29.691312
# 440 vertices

vn 0.994773 0.095193 0.036946
vn 0.994764 0.095383 0.036693
vn 0.994888 0.094512 0.035578
vn 0.994877 0.093828 0.037634
vn 0.994846 0.095049 0.035307
vn 0.994831 0.094096 0.038173
vn 0.995008 0.092148 0.038324
vn 0.994948 0.092714 0.038512
vn 0.995093 0.091781 0.036955
vn 0.995133 0.091243 0.037226
vn 0.995206 0.091099 0.035587
vn 0.995104 0.092465 0.034898
vn 0.995217 0.091099 0.035271
vn 0.995148 0.092197 0.034360
vn 0.995000 0.093830 0.034210
vn 0.994971 0.094145 0.034208
vn 0.994772 0.095724 0.035586
vn 0.994854 0.095230 0.034595
vn 0.994911 0.094775 0.034206
vn 0.994746 0.095762 0.036187
vn 0.994886 0.093217 0.038891
vn 0.994831 0.093815 0.038851
vn 0.994757 0.094804 0.038352
vn 0.994737 0.095194 0.037894
vn 0.995145 0.092477 0.033681
vn 0.995219 0.091489 0.034180
vn 0.995239 0.091099 0.034639
vn 0.995091 0.093076 0.033642
vn 0.995205 0.090569 0.036947
vn 0.995122 0.091062 0.037937
vn 0.995066 0.091518 0.038327
vn 0.995230 0.090531 0.036346
vn -0.995206 -0.091099 -0.035587
vn -0.995217 -0.091099 -0.035271
vn -0.995104 -0.092465 -0.034898
vn -0.995093 -0.091781 -0.036955
vn -0.995148 -0.092197 -0.034360
vn -0.995133 -0.091243 -0.037226
vn -0.994948 -0.092714 -0.038512
vn -0.995008 -0.092148 -0.038324
vn -0.994877 -0.093828 -0.037634
vn -0.994831 -0.094096 -0.038173
vn -0.994773 -0.095193 -0.036946
vn -0.994888 -0.094512 -0.035578
vn -0.994764 -0.095383 -0.036693
vn -0.994846 -0.095049 -0.035307
vn -0.995000 -0.093830 -0.034210
vn -0.995031 -0.093579 -0.034020
vn -0.995219 -0.091489 -0.034180
vn -0.995145 -0.092477 -0.033681
vn -0.995091 -0.093076 -0.033642
vn -0.995239 -0.091099 -0.034639
vn -0.995066 -0.091518 -0.038327
vn -0.995122 -0.091062 -0.037937
vn -0.995205 -0.090569 -0.036947
vn -0.995230 -0.090531 -0.036346
vn -0.994854 -0.095230 -0.034595
vn -0.994772 -0.095724 -0.035586
vn -0.994746 -0.095762 -0.036187
vn -0.994911 -0.094775 -0.034206
vn -0.994757 -0.094804 -0.038352
vn -0.994831 -0.093815 -0.038851
vn -0.994886 -0.093217 -0.038891
vn -0.994737 -0.095194 -0.037894
vn -0.392891 0.873232 0.288276
vn -0.246392 0.920052 0.304624
vn 0.002402 -0.384990 0.922918
vn -0.012470 -0.244313 0.969616
vn -0.093737 0.995485 0.014933
vn -0.078175 0.951240 -0.298380
vn 0.054088 -0.806824 0.588311
vn 0.025079 -0.583842 0.811480
vn 0.012470 0.244313 -0.969616
vn -0.002402 0.384990 -0.922918
vn 0.202373 0.928958 0.309973
vn 0.048943 0.947700 0.315389
vn 0.954899 0.187829 0.229973
vn 0.804752 -0.108650 0.583583
vn 0.985674 -0.103285 0.133336
vn -0.099929 0.918209 0.383285
vn -0.099177 0.965212 0.241929
vn 0.575201 -0.202302 0.792602
vn 0.979968 -0.196310 -0.033541
vn 0.998824 -0.048393 0.002984
vn 0.998956 -0.040153 -0.021799
vn 0.980222 -0.180428 -0.081303
vn 0.292817 -0.273218 0.916303
vn 0.142677 -0.298210 0.943777
vn 0.392891 -0.873232 -0.288276
vn 0.660468 -0.713542 -0.233752
vn 0.865998 -0.475864 -0.153627
vn 0.099830 -0.944333 -0.313478
vn 0.987230 -0.006016 -0.159185
vn 0.997212 0.045005 -0.059515
vn 0.996448 -0.002771 0.084164
vn 0.302451 0.328944 -0.894606
vn 0.583410 0.310766 -0.750372
vn 0.810649 0.259876 -0.524703
vn -0.084060 0.583408 0.807817
vn -0.062292 0.294057 0.953756
vn 0.921323 0.358442 0.150612
vn 0.754706 0.604752 0.254351
vn 0.755178 0.634240 0.165670
vn 0.921577 0.374324 0.102851
vn 0.504448 0.796426 0.333523
vn 0.505080 0.835955 0.214646
vn 0.206498 0.902877 0.377057
vn 0.207223 0.948228 0.240672
vn 0.051111 0.921657 0.384624
vn 0.051857 0.968295 0.244368
vn 0.396215 -0.891736 -0.218677
vn 0.665431 -0.726377 -0.171982
vn 0.666063 -0.686849 -0.290859
vn 0.396941 -0.846386 -0.355062
vn 0.869606 -0.482135 -0.106448
vn 0.870078 -0.452647 -0.195129
vn 0.956455 0.285098 -0.062547
vn 0.982096 0.187993 -0.012049
vn 0.299344 0.395926 -0.868122
vn 0.583075 0.368347 -0.724116
vn 0.561119 0.529308 -0.636379
vn 0.275184 0.585261 -0.762721
vn 0.810634 0.301759 -0.501811
vn 0.794856 0.417057 -0.440758
vn 0.949743 0.205452 -0.236172
vn 0.942178 0.264564 -0.205686
vn 0.983893 0.150079 -0.097117
vn 0.980350 0.179266 -0.082329
vn 0.660076 -0.599098 -0.453190
vn 0.391423 -0.740878 -0.545791
vn 0.865841 -0.391584 -0.311418
vn 0.978615 -0.149906 -0.140857
vn 0.998368 -0.025336 -0.051179
vn 0.503130 0.707992 0.495588
vn 0.206882 0.796889 0.567598
vn 0.753480 0.543177 0.370441
vn 0.921107 0.327749 0.210100
vn 0.969978 0.224475 0.093564
vn 0.970028 0.209608 0.122925
vn 0.304099 -0.339434 0.890117
vn 0.587441 -0.258769 0.766780
vn 0.602092 -0.420414 0.678777
vn 0.323124 -0.529250 0.784529
vn -0.034712 -0.018254 0.999231
vn 0.078175 -0.951240 0.298380
vn 0.814153 -0.149653 0.561033
vn 0.824468 -0.265463 0.499781
vn 0.951803 -0.027437 0.305482
vn 0.957546 -0.086721 0.274929
vn 0.985041 0.034244 0.168883
vn 0.988046 0.005007 0.154075
vn 0.973968 -0.190757 0.122466
vn 0.857978 -0.472426 0.201713
vn 0.844092 -0.389168 0.368860
vn 0.966889 -0.148315 0.207673
vn 0.648960 -0.714084 0.262553
vn 0.629492 -0.597356 0.496897
vn 0.376469 -0.878100 0.295316
vn 0.353519 -0.740498 0.571565
vn 0.093737 -0.995485 -0.014933
vn 0.749399 0.627090 0.212506
vn 0.227219 -0.926341 0.300439
vn 0.203407 -0.783574 0.587058
vn 0.498138 0.822005 0.275982
vn 0.173215 -0.563576 0.807700
vn 0.864061 -0.502852 0.023204
vn 0.977693 -0.207521 0.032413
vn 0.657609 -0.753286 0.010507
vn 0.388534 -0.921430 -0.002809
vn 0.247940 -0.940229 -0.233441
vn 0.241078 -0.970462 -0.009164
vn 0.034712 0.018254 -0.999231
vn 0.969302 0.002494 -0.245861
vn 0.848822 -0.093490 -0.520346
vn 0.861372 -0.260304 -0.436212
vn 0.975699 -0.082543 -0.202972
vn 0.636123 -0.182870 -0.749604
vn 0.653717 -0.416746 -0.631646
vn 0.099177 -0.965212 -0.241929
vn 0.982346 0.186726 -0.011396
vn 0.956835 0.283952 -0.061945
vn 0.987425 -0.005403 -0.157999
vn 0.997259 0.045659 -0.058224
vn 0.985878 -0.102084 0.132755
vn 0.996505 -0.001475 0.083523
vn 0.142818 -0.298190 0.943762
vn 0.293146 -0.273154 0.916216
vn 0.049087 0.947693 0.315387
vn 0.202712 0.928891 0.309952
vn 0.162254 0.255296 -0.953151
vn 0.313692 0.260196 -0.913179
vn 0.147498 0.394878 -0.906816
vn 0.361336 -0.251919 -0.897760
vn 0.382077 -0.527617 -0.758708
vn 0.211518 -0.276663 -0.937400
vn 0.233037 -0.562709 -0.793128
vn 0.244070 -0.783483 -0.571476
vn 0.137545 -0.227230 0.964079
vn 0.289750 -0.203705 0.935174
vn 0.152301 -0.366812 0.917743
vn 0.954768 0.157919 -0.251951
vn 0.819964 0.213504 -0.531108
vn 0.830060 0.084043 -0.551305
vn 0.960407 0.092127 -0.262928
vn 0.970110 0.232716 0.068782
vn 0.248686 -0.893591 -0.373697
vn 0.595582 0.250041 -0.763389
vn 0.609903 0.067839 -0.789567
vn 0.981332 0.140217 0.131630
vn 0.246392 -0.920052 -0.304624
vn 0.152661 0.325858 -0.933012
vn 0.332310 0.044887 -0.942102
vn 0.182739 0.031749 -0.982649
vn 0.123580 0.591360 -0.796882
vn 0.052723 0.811267 0.582293
vn 0.926253 0.260595 0.272296
vn 0.764428 0.412504 0.495471
vn 0.517820 0.526420 0.674347
vn 0.221887 0.584157 0.780722
vn 0.066837 0.590782 0.804058
vn 0.946778 0.020095 0.321260
vn 0.804824 -0.061399 0.590330
vn 0.789264 0.067551 0.610327
vn 0.939316 0.085716 0.332171
vn 0.574934 -0.140463 0.806053
vn 0.553307 0.041056 0.831965
vn 0.995831 -0.045429 0.079098
vn 0.992354 -0.024581 0.120951
vn 0.997908 -0.054118 0.035379
vn 0.993541 0.049579 -0.102074
vn 0.996683 0.007809 -0.081007
vn 0.986500 0.125416 -0.105304
vn 0.989456 0.093124 -0.110925
vn 0.265999 0.011124 0.963909
vn 0.114055 -0.003965 0.993466
vn 0.776978 0.245690 0.579605
vn 0.932651 0.175558 0.315185
vn 0.535416 0.292545 0.792305
vn 0.242629 0.308460 0.919774
vn 0.088357 0.304736 0.948330
vn 0.972367 0.176524 0.152777
vn 0.982434 0.058907 0.177070
vn 0.978940 0.091148 0.182671
vn 0.975510 0.134755 0.173844
vn 0.927985 0.368810 -0.053142
vn 0.767821 0.624626 -0.142454
vn 0.781708 0.541368 -0.309601
vn 0.935064 0.326367 -0.138349
vn 0.522578 0.823758 -0.219852
vn 0.542048 0.707030 -0.454195
vn 0.973219 0.229762 -0.007328
vn 0.976696 0.208915 -0.049181
vn 0.922029 0.385365 0.036830
vn 0.970488 0.238390 0.036367
vn 0.811428 0.259603 -0.523633
vn 0.584068 0.310678 -0.749896
vn 0.302779 0.328942 -0.894495
vn 0.152802 0.325865 -0.932987
vn 0.866673 -0.474754 -0.153254
vn 0.661081 -0.713031 -0.233579
vn 0.393209 -0.873103 -0.288232
vn 0.246532 -0.920018 -0.304612
vn 0.575864 -0.202090 0.792175
vn 0.805543 -0.108230 0.582570
vn 0.955288 0.187271 0.228809
vn 0.981592 0.139592 0.130351
vn 0.498845 0.821618 0.275857
vn 0.750293 0.626127 0.212191
vn 0.227495 0.934640 -0.273302
vn 0.250446 0.797038 -0.549552
vn 0.072654 0.954414 -0.289509
vn 0.096467 0.811647 -0.576128
vn 0.755260 0.654446 0.035818
vn 0.505597 0.862180 0.031891
vn 0.209771 0.977441 0.024617
vn 0.055715 0.998247 0.019981
vn 0.099929 -0.918209 -0.383285
vn -0.025079 0.583842 -0.811480
vn 0.096761 -0.806509 -0.583250
vn -0.096761 0.806509 0.583250
vn -0.054088 0.806824 -0.588311
vn 0.084060 -0.583408 -0.807817
vn 0.062292 -0.294057 -0.953756
vn -0.951803 0.027438 -0.305482
vn -0.985041 -0.034244 -0.168883
vn -0.982434 -0.058907 -0.177070
vn -0.946778 -0.020095 -0.321260
vn -0.814153 0.149653 -0.561033
vn -0.804824 0.061399 -0.590330
vn -0.587441 0.258769 -0.766780
vn -0.574934 0.140463 -0.806053
vn -0.304099 0.339434 -0.890117
vn -0.289750 0.203705 -0.935174
vn -0.391423 0.740878 0.545791
vn -0.244070 0.783483 0.571476
vn -0.233037 0.562709 0.793128
vn -0.382077 0.527617 0.758708
vn -0.660076 0.599098 0.453190
vn -0.653717 0.416746 0.631646
vn -0.865841 0.391584 0.311418
vn -0.861372 0.260304 0.436212
vn -0.978615 0.149906 0.140857
vn -0.975699 0.082543 0.202972
vn -0.396941 0.846386 0.355062
vn -0.248686 0.893591 0.373697
vn -0.666063 0.686849 0.290859
vn -0.870078 0.452647 0.195129
vn -0.980222 0.180428 0.081303
vn -0.361336 0.251919 0.897760
vn -0.211518 0.276663 0.937399
vn -0.182739 -0.031749 0.982649
vn -0.332310 -0.044887 0.942101
vn -0.636123 0.182870 0.749604
vn -0.609903 -0.067839 0.789567
vn -0.848822 0.093490 0.520346
vn -0.830060 -0.084043 0.551305
vn -0.969302 -0.002494 0.245861
vn -0.960407 -0.092127 0.262928
vn -0.949743 -0.205452 0.236172
vn -0.983893 -0.150079 0.097117
vn -0.986500 -0.125416 0.105304
vn -0.954768 -0.157919 0.251951
vn -0.810634 -0.301759 0.501811
vn -0.819964 -0.213504 0.531108
vn -0.583075 -0.368347 0.724116
vn -0.595582 -0.250041 0.763389
vn -0.299344 -0.395926 0.868122
vn -0.313692 -0.260196 0.913179
vn -0.987424 0.005403 0.157999
vn -0.997259 -0.045659 0.058224
vn -0.996505 0.001475 -0.083523
vn -0.985878 0.102084 -0.132755
vn -0.866673 0.474754 0.153254
vn -0.661081 0.713031 0.233579
vn -0.393209 0.873103 0.288232
vn -0.981592 -0.139592 -0.130351
vn -0.955288 -0.187271 -0.228809
vn -0.805543 0.108230 -0.582570
vn -0.575864 0.202090 -0.792175
vn -0.293146 0.273154 -0.916216
vn -0.202712 -0.928891 -0.309952
vn -0.049087 -0.947693 -0.315387
vn -0.498845 -0.821618 -0.275857
vn -0.750293 -0.626127 -0.212191
vn -0.956835 -0.283952 0.061945
vn -0.302779 -0.328942 0.894495
vn -0.152802 -0.325865 0.932987
vn -0.584068 -0.310678 0.749896
vn -0.811428 -0.259603 0.523633
vn -0.998368 0.025336 0.051179
vn -0.996683 -0.007809 0.081007
vn -0.998956 0.040153 0.021799
vn -0.993541 -0.049579 0.102074
vn -0.989456 -0.093124 0.110925
vn -0.353519 0.740498 -0.571566
vn -0.203407 0.783574 -0.587058
vn -0.227219 0.926341 -0.300439
vn -0.376469 0.878100 -0.295316
vn -0.629492 0.597356 -0.496897
vn -0.648960 0.714084 -0.262553
vn -0.992354 0.024581 -0.120951
vn -0.966889 0.148315 -0.207673
vn -0.973968 0.190757 -0.122466
vn -0.995831 0.045429 -0.079098
vn -0.988046 -0.005007 -0.154075
vn -0.957546 0.086721 -0.274929
vn -0.977693 0.207521 -0.032413
vn -0.997908 0.054118 -0.035379
vn -0.844092 0.389168 -0.368860
vn -0.857978 0.472426 -0.201713
vn -0.323124 0.529250 -0.784529
vn -0.173215 0.563576 -0.807700
vn -0.602092 0.420414 -0.678777
vn -0.824468 0.265463 -0.499781
vn -0.152301 0.366812 -0.917743
vn -0.980350 -0.179266 0.082329
vn -0.942178 -0.264564 0.205686
vn -0.935064 -0.326367 0.138349
vn -0.976696 -0.208915 0.049181
vn -0.973219 -0.229762 0.007328
vn -0.927985 -0.368810 0.053142
vn -0.922029 -0.385365 -0.036830
vn -0.970488 -0.238390 -0.036367
vn -0.970028 -0.209608 -0.122925
vn -0.921107 -0.327749 -0.210100
vn -0.926253 -0.260595 -0.272296
vn -0.972367 -0.176524 -0.152777
vn -0.969978 -0.224475 -0.093564
vn -0.921323 -0.358442 -0.150612
vn -0.975510 -0.134755 -0.173844
vn -0.932651 -0.175558 -0.315185
vn -0.939317 -0.085716 -0.332171
vn -0.978940 -0.091148 -0.182671
vn -0.241078 0.970462 0.009164
vn -0.388534 0.921430 0.002809
vn -0.657609 0.753286 -0.010507
vn -0.864061 0.502852 -0.023204
vn -0.137545 0.227230 -0.964079
vn -0.265999 -0.011124 -0.963909
vn -0.114055 0.003965 -0.993466
vn -0.247940 0.940229 0.233441
vn -0.396215 0.891736 0.218677
vn -0.275184 -0.585261 0.762721
vn -0.123580 -0.591360 0.796882
vn -0.096467 -0.811647 0.576128
vn -0.250446 -0.797038 0.549552
vn -0.051857 -0.968295 -0.244368
vn -0.207223 -0.948228 -0.240672
vn -0.209771 -0.977441 -0.024617
vn -0.055715 -0.998247 -0.019981
vn -0.561119 -0.529308 0.636379
vn -0.542048 -0.707030 0.454195
vn -0.162254 -0.255296 0.953151
vn -0.794856 -0.417057 0.440758
vn -0.781708 -0.541368 0.309601
vn -0.147498 -0.394878 0.906816
vn -0.152661 -0.325858 0.933012
vn -0.302451 -0.328944 0.894606
vn -0.048943 -0.947700 -0.315389
vn -0.202373 -0.928958 -0.309973
vn -0.996448 0.002771 -0.084164
vn -0.985674 0.103285 -0.133336
vn -0.954899 -0.187829 -0.229973
vn -0.981332 -0.140217 -0.131630
vn -0.997212 -0.045005 0.059515
vn -0.987230 0.006016 0.159185
vn -0.051111 -0.921657 -0.384624
vn -0.206498 -0.902877 -0.377057
vn -0.998824 0.048393 -0.002984
vn -0.979968 0.196310 0.033541
vn -0.227495 -0.934640 0.273302
vn -0.072654 -0.954414 0.289509
vn -0.522578 -0.823758 0.219852
vn -0.505597 -0.862180 -0.031891
vn -0.767821 -0.624626 0.142454
vn -0.755260 -0.654446 -0.035818
vn -0.246532 0.920018 0.304612
vn -0.142818 0.298190 -0.943762
vn -0.982346 -0.186726 0.011396
vn -0.206882 -0.796889 -0.567598
vn -0.052723 -0.811267 -0.582293
vn -0.066837 -0.590782 -0.804058
vn -0.221887 -0.584157 -0.780722
vn -0.503130 -0.707992 -0.495588
vn -0.517820 -0.526420 -0.674347
vn -0.753480 -0.543177 -0.370441
vn -0.764428 -0.412504 -0.495471
vn -0.504448 -0.796426 -0.333523
vn -0.754706 -0.604752 -0.254351
vn -0.242629 -0.308460 -0.919774
vn -0.088357 -0.304736 -0.948330
vn -0.535416 -0.292545 -0.792305
vn -0.553307 -0.041056 -0.831965
vn -0.660468 0.713542 0.233752
vn -0.865998 0.475864 0.153627
vn -0.776978 -0.245690 -0.579605
vn -0.789264 -0.067551 -0.610327
vn -0.921577 -0.374324 -0.102851
vn -0.755178 -0.634240 -0.165670
vn -0.869606 0.482135 0.106448
vn -0.665431 0.726378 0.171982
vn -0.970110 -0.232716 -0.068782
vn -0.505080 -0.835955 -0.214646
vn -0.982096 -0.187993 0.012049
vn -0.956455 -0.285098 0.062547
vn -0.810649 -0.259876 0.524703
vn -0.583410 -0.310766 0.750372
vn -0.749399 -0.627090 -0.212506
vn -0.498138 -0.822005 -0.275982
vn -0.292817 0.273218 -0.916303
vn -0.142677 0.298210 -0.943777
vn -0.575201 0.202302 -0.792602
vn -0.804752 0.108650 -0.583583
# 473 normals

vt 0.484444 0.410082 0.000000
vt 0.274557 0.410082 0.000000
vt 0.279942 0.427838 0.000000
vt 0.479059 0.427838 0.000000
vt 0.270933 0.418830 0.000000
vt 0.488067 0.418830 0.000000
vt 0.496815 0.632340 0.000000
vt 0.496815 0.422454 0.000000
vt 0.479059 0.626956 0.000000
vt 0.488067 0.635964 0.000000
vt 0.484444 0.644712 0.000000
vt 0.279942 0.626956 0.000000
vt 0.274557 0.644712 0.000000
vt 0.270933 0.635964 0.000000
vt 0.262186 0.632340 0.000000
vt 0.262186 0.422454 0.000000
vt 0.267824 0.412544 0.000000
vt 0.264647 0.415721 0.000000
vt 0.262708 0.419643 0.000000
vt 0.271746 0.410605 0.000000
vt 0.496293 0.419643 0.000000
vt 0.494354 0.415721 0.000000
vt 0.491176 0.412544 0.000000
vt 0.487255 0.410605 0.000000
vt 0.264647 0.639073 0.000000
vt 0.267824 0.642250 0.000000
vt 0.271746 0.644189 0.000000
vt 0.262708 0.635151 0.000000
vt 0.491176 0.642250 0.000000
vt 0.494354 0.639073 0.000000
vt 0.496293 0.635151 0.000000
vt 0.487255 0.644189 0.000000
vt 0.767022 0.409516 0.000000
vt 0.976295 0.409516 0.000000
vt 0.970926 0.427220 0.000000
vt 0.772391 0.427220 0.000000
vt 0.979908 0.418238 0.000000
vt 0.763409 0.418238 0.000000
vt 0.754687 0.631124 0.000000
vt 0.754687 0.421851 0.000000
vt 0.772391 0.625755 0.000000
vt 0.763409 0.634737 0.000000
vt 0.767022 0.643459 0.000000
vt 0.970926 0.625755 0.000000
vt 0.976295 0.643459 0.000000
vt 0.979908 0.634737 0.000000
vt 0.988630 0.631124 0.000000
vt 0.988630 0.421851 0.000000
vt 0.983008 0.411970 0.000000
vt 0.986176 0.415138 0.000000
vt 0.988109 0.419048 0.000000
vt 0.979098 0.410037 0.000000
vt 0.755208 0.419048 0.000000
vt 0.757141 0.415138 0.000000
vt 0.760309 0.411970 0.000000
vt 0.764219 0.410037 0.000000
vt 0.986176 0.637837 0.000000
vt 0.983008 0.641005 0.000000
vt 0.979098 0.642938 0.000000
vt 0.988109 0.633927 0.000000
vt 0.760309 0.641005 0.000000
vt 0.757141 0.637837 0.000000
vt 0.755208 0.633927 0.000000
vt 0.764219 0.642938 0.000000
vt 0.968323 0.429822 0.000000
vt 0.968203 0.429942 0.000000
vt 0.775113 0.429942 0.000000
vt 0.774993 0.429822 0.000000
vt 0.011643 0.420555 0.000000
vt 0.011643 0.635464 0.000000
vt 0.133236 0.635464 0.000000
vt 0.133236 0.420555 0.000000
vt 0.488318 0.767641 0.000000
vt 0.488318 0.885528 0.000000
vt 0.493044 0.885528 0.000000
vt 0.493044 0.767641 0.000000
vt 0.133236 0.410696 0.000000
vt 0.011643 0.410696 0.000000
vt 0.011643 0.415570 0.000000
vt 0.133236 0.415570 0.000000
vt 0.503120 0.419088 0.000000
vt 0.503120 0.634584 0.000000
vt 0.625046 0.634584 0.000000
vt 0.625046 0.419088 0.000000
vt 0.282552 0.430448 0.000000
vt 0.282672 0.430569 0.000000
vt 0.476328 0.430569 0.000000
vt 0.476449 0.430448 0.000000
vt 0.478257 0.428641 0.000000
vt 0.477472 0.429425 0.000000
vt 0.477472 0.625369 0.000000
vt 0.478257 0.626153 0.000000
vt 0.275126 0.649753 0.000000
vt 0.275126 0.767641 0.000000
vt 0.483485 0.767641 0.000000
vt 0.483485 0.649753 0.000000
vt 0.476837 0.430061 0.000000
vt 0.476837 0.624733 0.000000
vt 0.274902 0.409249 0.000000
vt 0.484099 0.409249 0.000000
vt 0.476449 0.624346 0.000000
vt 0.476328 0.624225 0.000000
vt 0.282552 0.624346 0.000000
vt 0.282164 0.624733 0.000000
vt 0.281529 0.625369 0.000000
vt 0.282672 0.624225 0.000000
vt 0.280744 0.626153 0.000000
vt 0.282164 0.430061 0.000000
vt 0.281529 0.429425 0.000000
vt 0.265567 0.767641 0.000000
vt 0.265567 0.649753 0.000000
vt 0.261739 0.649753 0.000000
vt 0.261739 0.767641 0.000000
vt 0.274902 0.645545 0.000000
vt 0.275240 0.646360 0.000000
vt 0.483761 0.646360 0.000000
vt 0.484099 0.645545 0.000000
vt 0.275513 0.647021 0.000000
vt 0.483487 0.647021 0.000000
vt 0.274906 0.648162 0.000000
vt 0.275074 0.648949 0.000000
vt 0.483537 0.648949 0.000000
vt 0.483705 0.648162 0.000000
vt 0.274159 0.405527 0.000000
vt 0.273989 0.406322 0.000000
vt 0.485054 0.406322 0.000000
vt 0.484884 0.405527 0.000000
vt 0.275513 0.407773 0.000000
vt 0.275240 0.408434 0.000000
vt 0.483761 0.408434 0.000000
vt 0.483487 0.407773 0.000000
vt 0.280744 0.428641 0.000000
vt 0.502288 0.634638 0.000000
vt 0.501474 0.634811 0.000000
vt 0.501474 0.639422 0.000000
vt 0.502288 0.639545 0.000000
vt 0.499124 0.631384 0.000000
vt 0.498464 0.631658 0.000000
vt 0.497825 0.635632 0.000000
vt 0.498439 0.635825 0.000000
vt 0.497648 0.631995 0.000000
vt 0.497067 0.635394 0.000000
vt 0.489561 0.406322 0.000000
vt 0.489680 0.405527 0.000000
vt 0.487735 0.409073 0.000000
vt 0.487928 0.408459 0.000000
vt 0.487498 0.409830 0.000000
vt 0.270447 0.648162 0.000000
vt 0.270329 0.648949 0.000000
vt 0.271265 0.645721 0.000000
vt 0.271073 0.646335 0.000000
vt 0.271503 0.644964 0.000000
vt 0.255659 0.420502 0.000000
vt 0.256471 0.420329 0.000000
vt 0.256471 0.415730 0.000000
vt 0.255659 0.415608 0.000000
vt 0.133236 0.645324 0.000000
vt 0.254829 0.645324 0.000000
vt 0.254829 0.640449 0.000000
vt 0.133236 0.640449 0.000000
vt 0.254829 0.415570 0.000000
vt 0.254829 0.410696 0.000000
vt 0.260679 0.285547 0.000000
vt 0.260679 0.404713 0.000000
vt 0.264549 0.404713 0.000000
vt 0.264549 0.285547 0.000000
vt 0.259876 0.423410 0.000000
vt 0.260537 0.423136 0.000000
vt 0.261176 0.419162 0.000000
vt 0.260562 0.418969 0.000000
vt 0.261352 0.422799 0.000000
vt 0.261934 0.419400 0.000000
vt 0.267351 0.411883 0.000000
vt 0.266887 0.411237 0.000000
vt 0.263341 0.414784 0.000000
vt 0.263987 0.415247 0.000000
vt 0.266512 0.410714 0.000000
vt 0.262817 0.414408 0.000000
vt 0.264854 0.406322 0.000000
vt 0.264621 0.405527 0.000000
vt 0.260780 0.405527 0.000000
vt 0.261104 0.406322 0.000000
vt 0.269326 0.404713 0.000000
vt 0.269326 0.285547 0.000000
vt 0.256471 0.411007 0.000000
vt 0.255659 0.410770 0.000000
vt 0.271265 0.409073 0.000000
vt 0.271503 0.409830 0.000000
vt 0.488318 0.649753 0.000000
vt 0.271073 0.408459 0.000000
vt 0.269363 0.405527 0.000000
vt 0.269482 0.406322 0.000000
vt 0.274211 0.404713 0.000000
vt 0.503120 0.414090 0.000000
vt 0.625046 0.414090 0.000000
vt 0.254829 0.635464 0.000000
vt 0.495014 0.415247 0.000000
vt 0.495660 0.414784 0.000000
vt 0.492114 0.411237 0.000000
vt 0.491650 0.411883 0.000000
vt 0.496184 0.414408 0.000000
vt 0.492489 0.410714 0.000000
vt 0.274211 0.285547 0.000000
vt 0.285403 0.433300 0.000000
vt 0.284601 0.432497 0.000000
vt 0.284601 0.622297 0.000000
vt 0.285403 0.621494 0.000000
vt 0.474400 0.622297 0.000000
vt 0.473598 0.621494 0.000000
vt 0.476208 0.430689 0.000000
vt 0.476208 0.624104 0.000000
vt 0.282793 0.430689 0.000000
vt 0.502288 0.419035 0.000000
vt 0.497939 0.406322 0.000000
vt 0.498263 0.405527 0.000000
vt 0.494422 0.405527 0.000000
vt 0.494189 0.406322 0.000000
vt 0.498364 0.404713 0.000000
vt 0.494494 0.404713 0.000000
vt 0.489717 0.404713 0.000000
vt 0.255659 0.635518 0.000000
vt 0.254829 0.420555 0.000000
vt 0.497648 0.422799 0.000000
vt 0.498464 0.423136 0.000000
vt 0.497825 0.419162 0.000000
vt 0.497067 0.419400 0.000000
vt 0.484832 0.404713 0.000000
vt 0.499124 0.423410 0.000000
vt 0.498439 0.418969 0.000000
vt 0.501474 0.418861 0.000000
vt 0.502288 0.414128 0.000000
vt 0.501474 0.414250 0.000000
vt 0.503120 0.639583 0.000000
vt 0.502288 0.409276 0.000000
vt 0.501475 0.409514 0.000000
vt 0.503120 0.409202 0.000000
vt 0.270293 0.649753 0.000000
vt 0.267351 0.642911 0.000000
vt 0.266887 0.643557 0.000000
vt 0.266512 0.644080 0.000000
vt 0.265868 0.648162 0.000000
vt 0.265638 0.648949 0.000000
vt 0.261352 0.631995 0.000000
vt 0.260537 0.631658 0.000000
vt 0.261176 0.635632 0.000000
vt 0.261934 0.635394 0.000000
vt 0.259876 0.631384 0.000000
vt 0.260562 0.635825 0.000000
vt 0.256471 0.635691 0.000000
vt 0.255659 0.640411 0.000000
vt 0.256471 0.640290 0.000000
vt 0.263341 0.640010 0.000000
vt 0.263987 0.639547 0.000000
vt 0.262817 0.640386 0.000000
vt 0.255659 0.645250 0.000000
vt 0.256471 0.645013 0.000000
vt 0.262159 0.648162 0.000000
vt 0.261838 0.648949 0.000000
vt 0.491650 0.642911 0.000000
vt 0.492114 0.643557 0.000000
vt 0.495660 0.640010 0.000000
vt 0.495014 0.639547 0.000000
vt 0.492489 0.644080 0.000000
vt 0.496184 0.640386 0.000000
vt 0.487498 0.644964 0.000000
vt 0.283816 0.431713 0.000000
vt 0.283816 0.623081 0.000000
vt 0.283181 0.431077 0.000000
vt 0.283181 0.623717 0.000000
vt 0.282793 0.624104 0.000000
vt 0.475185 0.623081 0.000000
vt 0.475820 0.623717 0.000000
vt 0.475820 0.431077 0.000000
vt 0.475185 0.431713 0.000000
vt 0.474400 0.432497 0.000000
vt 0.473598 0.433300 0.000000
vt 0.492742 0.648162 0.000000
vt 0.492972 0.648949 0.000000
vt 0.496772 0.648949 0.000000
vt 0.496451 0.648162 0.000000
vt 0.493044 0.649753 0.000000
vt 0.496872 0.649753 0.000000
vt 0.501475 0.644158 0.000000
vt 0.502288 0.644396 0.000000
vt 0.503120 0.644470 0.000000
vt 0.487735 0.645721 0.000000
vt 0.487928 0.646335 0.000000
vt 0.488281 0.648949 0.000000
vt 0.488163 0.648162 0.000000
vt 0.484832 0.285547 0.000000
vt 0.625046 0.639583 0.000000
vt 0.489717 0.285547 0.000000
vt 0.270293 0.767641 0.000000
vt 0.625046 0.644470 0.000000
vt 0.496872 0.767641 0.000000
vt 0.494494 0.285547 0.000000
vt 0.498364 0.285547 0.000000
vt 0.625046 0.409202 0.000000
vt 0.264549 0.166380 0.000000
vt 0.260679 0.166380 0.000000
vt 0.989461 0.630780 0.000000
vt 0.989461 0.422195 0.000000
vt 0.990274 0.630443 0.000000
vt 0.990274 0.422532 0.000000
vt 0.990932 0.630170 0.000000
vt 0.990932 0.422804 0.000000
vt 0.747803 0.634638 0.000000
vt 0.748617 0.634811 0.000000
vt 0.748617 0.418861 0.000000
vt 0.747803 0.419035 0.000000
vt 0.269326 0.166380 0.000000
vt 0.265567 0.885528 0.000000
vt 0.270293 0.885528 0.000000
vt 0.261739 0.885528 0.000000
vt 0.011643 0.640449 0.000000
vt 0.011643 0.645324 0.000000
vt 0.746971 0.419088 0.000000
vt 0.746971 0.414090 0.000000
vt 0.483485 0.885528 0.000000
vt 0.274211 0.166380 0.000000
vt 0.484832 0.166380 0.000000
vt 0.746971 0.634584 0.000000
vt 0.270329 0.886333 0.000000
vt 0.265638 0.886333 0.000000
vt 0.270447 0.887120 0.000000
vt 0.265868 0.887120 0.000000
vt 0.763740 0.644466 0.000000
vt 0.763548 0.645078 0.000000
vt 0.759000 0.642829 0.000000
vt 0.759374 0.642307 0.000000
vt 0.763977 0.643710 0.000000
vt 0.759837 0.641663 0.000000
vt 0.275074 0.886333 0.000000
vt 0.275126 0.885528 0.000000
vt 0.274906 0.887120 0.000000
vt 0.767703 0.645103 0.000000
vt 0.767975 0.645761 0.000000
vt 0.767366 0.644290 0.000000
vt 0.010813 0.645250 0.000000
vt 0.010812 0.640411 0.000000
vt 0.010001 0.645013 0.000000
vt 0.010001 0.640290 0.000000
vt 0.755838 0.638771 0.000000
vt 0.755316 0.639146 0.000000
vt 0.753068 0.634598 0.000000
vt 0.753680 0.634406 0.000000
vt 0.756482 0.638309 0.000000
vt 0.754435 0.634169 0.000000
vt 0.261838 0.886333 0.000000
vt 0.262159 0.887120 0.000000
vt 0.753856 0.422195 0.000000
vt 0.753856 0.630780 0.000000
vt 0.753043 0.422532 0.000000
vt 0.753043 0.630443 0.000000
vt 0.752384 0.422804 0.000000
vt 0.752384 0.630170 0.000000
vt 0.010813 0.420502 0.000000
vt 0.010001 0.420329 0.000000
vt 0.010001 0.635691 0.000000
vt 0.010813 0.635518 0.000000
vt 0.966281 0.431865 0.000000
vt 0.965481 0.432665 0.000000
vt 0.777836 0.432665 0.000000
vt 0.777036 0.431865 0.000000
vt 0.967063 0.431083 0.000000
vt 0.776254 0.431083 0.000000
vt 0.967696 0.430449 0.000000
vt 0.775620 0.430449 0.000000
vt 0.968083 0.430063 0.000000
vt 0.775233 0.430063 0.000000
vt 0.777836 0.620310 0.000000
vt 0.777036 0.621110 0.000000
vt 0.776254 0.621892 0.000000
vt 0.775620 0.622525 0.000000
vt 0.775233 0.622912 0.000000
vt 0.968083 0.622912 0.000000
vt 0.968203 0.623032 0.000000
vt 0.775113 0.623032 0.000000
vt 0.967696 0.622525 0.000000
vt 0.967063 0.621892 0.000000
vt 0.966281 0.621110 0.000000
vt 0.496772 0.886333 0.000000
vt 0.496872 0.885528 0.000000
vt 0.492972 0.886333 0.000000
vt 0.496451 0.887120 0.000000
vt 0.492742 0.887120 0.000000
vt 0.986834 0.638309 0.000000
vt 0.983480 0.641663 0.000000
vt 0.988881 0.634169 0.000000
vt 0.979340 0.643710 0.000000
vt 0.987478 0.638771 0.000000
vt 0.988000 0.639146 0.000000
vt 0.984317 0.642829 0.000000
vt 0.983942 0.642307 0.000000
vt 0.747803 0.639545 0.000000
vt 0.746971 0.639583 0.000000
vt 0.746971 0.644470 0.000000
vt 0.747803 0.644396 0.000000
vt 0.748617 0.639422 0.000000
vt 0.748617 0.644158 0.000000
vt 0.989637 0.634406 0.000000
vt 0.990249 0.634598 0.000000
vt 0.754435 0.418806 0.000000
vt 0.756482 0.414666 0.000000
vt 0.759837 0.411312 0.000000
vt 0.763977 0.409265 0.000000
vt 0.979340 0.409265 0.000000
vt 0.983480 0.411312 0.000000
vt 0.975951 0.408685 0.000000
vt 0.986834 0.414666 0.000000
vt 0.988881 0.418806 0.000000
vt 0.488281 0.886333 0.000000
vt 0.488163 0.887120 0.000000
vt 0.979769 0.645078 0.000000
vt 0.979577 0.644466 0.000000
vt 0.747803 0.414128 0.000000
vt 0.483537 0.886333 0.000000
vt 0.010812 0.415608 0.000000
vt 0.010813 0.410770 0.000000
vt 0.274159 0.165566 0.000000
vt 0.269363 0.165566 0.000000
vt 0.010001 0.415730 0.000000
vt 0.010001 0.411007 0.000000
vt 0.753680 0.418569 0.000000
vt 0.753068 0.418377 0.000000
vt 0.755316 0.413829 0.000000
vt 0.755838 0.414203 0.000000
vt 0.968323 0.623152 0.000000
vt 0.774993 0.623152 0.000000
vt 0.773191 0.428020 0.000000
vt 0.773191 0.624955 0.000000
vt 0.970126 0.428020 0.000000
vt 0.484884 0.165566 0.000000
vt 0.975951 0.644290 0.000000
vt 0.264621 0.165566 0.000000
vt 0.264854 0.164771 0.000000
vt 0.269482 0.164771 0.000000
vt 0.759374 0.410667 0.000000
vt 0.759000 0.410145 0.000000
vt 0.763548 0.407897 0.000000
vt 0.763740 0.408509 0.000000
vt 0.260780 0.165566 0.000000
vt 0.261104 0.164771 0.000000
vt 0.965481 0.620310 0.000000
vt 0.489717 0.166380 0.000000
vt 0.489680 0.165566 0.000000
vt 0.494494 0.166380 0.000000
vt 0.494422 0.165566 0.000000
vt 0.489561 0.164771 0.000000
vt 0.494189 0.164771 0.000000
vt 0.979577 0.408509 0.000000
vt 0.979769 0.407897 0.000000
vt 0.984317 0.410145 0.000000
vt 0.983942 0.410667 0.000000
vt 0.485054 0.164771 0.000000
vt 0.975614 0.407872 0.000000
vt 0.975341 0.407213 0.000000
vt 0.747803 0.409276 0.000000
vt 0.746971 0.409202 0.000000
vt 0.748617 0.409514 0.000000
vt 0.748617 0.414250 0.000000
vt 0.968710 0.429436 0.000000
vt 0.774607 0.429436 0.000000
vt 0.969343 0.428802 0.000000
vt 0.773973 0.428802 0.000000
vt 0.987478 0.414203 0.000000
vt 0.988000 0.413829 0.000000
vt 0.990249 0.418377 0.000000
vt 0.989637 0.418569 0.000000
vt 0.498364 0.166380 0.000000
vt 0.498263 0.165566 0.000000
vt 0.497939 0.164771 0.000000
vt 0.767366 0.408685 0.000000
vt 0.767703 0.407872 0.000000
vt 0.975614 0.645103 0.000000
vt 0.975341 0.645761 0.000000
vt 0.483705 0.887120 0.000000
vt 0.767975 0.407213 0.000000
vt 0.273989 0.164771 0.000000
vt 0.970126 0.624955 0.000000
vt 0.969343 0.624173 0.000000
vt 0.968710 0.623539 0.000000
vt 0.773973 0.624173 0.000000
vt 0.774607 0.623539 0.000000
# 484 texture coordinates

o w
usemtl Wood Beech 001 200cm
f 2298/1072/1541 2332/1072/1539 2322/1071/1538 2297/1073/1540 2331/1070/1537 2333/1069/1536
f 2300/1077/1545 2330/1077/1544 2332/1072/1539 2298/1074/1541 2329/1076/1543 2354/1075/1542
f 2342/1081/1548 2299/1082/1549 2326/1080/1547 2330/1077/1544 2300/1078/1545 2325/1079/1546
f 2347/1084/1551 2297/1073/1540 2322/1071/1538 2326/1080/1547 2299/1082/1549 2321/1083/1550
f 2343/1088/1555 2331/1070/1537 2297/1073/1540 2347/1084/1551 2346/1087/1554 2345/1086/1553 2344/1085/1552
f 2333/1069/1559 2337/1092/1559 2336/1091/1558 2335/1090/1557 2334/1089/1556 2329/1076/1543 2298/1074/1541
f 2338/1096/1563 2321/1083/1563 2299/1082/1549 2342/1081/1548 2341/1095/1562 2340/1094/1561 2339/1093/1560
f 2350/1100/1567 2325/1079/1567 2300/1078/1545 2354/1075/1542 2353/1099/1566 2352/1098/1565 2351/1097/1564
f 2735/1104/1573 2701/1104/1571 2711/1103/1570 2736/1105/1572 2702/1102/1569 2700/1101/1568
f 2733/1109/1577 2703/1109/1576 2701/1104/1571 2735/1106/1573 2704/1108/1575 2679/1107/1574
f 2691/1113/1580 2734/1114/1581 2707/1112/1579 2703/1109/1576 2733/1110/1577 2708/1111/1578
f 2686/1116/1583 2736/1105/1572 2711/1103/1570 2707/1112/1579 2734/1114/1581 2712/1115/1582
f 2690/1120/1587 2702/1102/1569 2736/1105/1572 2686/1116/1583 2687/1119/1586 2688/1118/1585 2689/1117/1584
f 2700/1101/1591 2696/1124/1591 2697/1123/1590 2698/1122/1589 2699/1121/1588 2704/1108/1575 2735/1106/1573
f 2695/1128/1595 2712/1115/1595 2734/1114/1581 2691/1113/1580 2692/1127/1594 2693/1126/1593 2694/1125/1592
f 2683/1132/1599 2708/1111/1599 2733/1110/1577 2679/1107/1574 2680/1131/1598 2681/1130/1597 2682/1129/1596
f 2656/1136/1600 2716/1135/1601 2718/1134/1601 2668/1133/1600
f 2539/1140/1602 2540/1139/1603 2728/1138/1603 2719/1137/1602
f 2522/1144/1605 2674/1143/1605 2678/1142/1604 2530/1141/1604
f 2523/1148/1607 2720/1147/1607 2676/1146/1606 2524/1145/1606
f 2494/1152/1608 2493/1151/1609 2305/1150/1609 2314/1149/1608
f 2377/1156/1610 2317/1155/1611 2315/1154/1611 2365/1153/1610
f 2384/1160/1614 2383/1159/1613 2379/1158/1613 2380/1157/1612
f 2306/1164/1616 2498/1163/1616 2497/1162/1615 2308/1161/1615
f 2383/1159/1613 2382/1166/1617 2378/1165/1617 2379/1158/1613
f 2408/1168/1621 2333/1069/1620 2331/1070/1619 2404/1167/1618
f 2382/1166/1617 2381/1169/1622 2377/1156/1622 2378/1165/1617
f 2381/1169/1622 2323/1170/1623 2317/1155/1623 2377/1156/1622
f 2381/1169/1624 2382/1166/1625 2374/1172/1625 2373/1171/1624
f 2382/1166/1625 2383/1159/1626 2375/1173/1626 2374/1172/1625
f 2317/1155/785 2316/1155/785 2320/1154/785 2315/1154/785
f 2323/1170/827 2318/1170/827 2316/1155/827 2317/1155/827
f 2319/1174/1627 2324/1174/1627 2318/1170/1627 2323/1170/1627
f 2315/1154/784 2320/1154/784 2324/1174/784 2319/1174/784
f 2383/1159/1626 2384/1160/1614 2376/1175/1628 2375/1173/1626
f 2384/1160/1614 2330/1077/1630 2326/1080/1629 2376/1175/1628
f 2373/1171/1631 2374/1172/1632 2366/1176/1632 2365/1153/1631
f 2374/1172/1632 2375/1173/1633 2367/1177/1633 2366/1176/1632
f 2512/1181/1635 2360/1180/1635 2359/1179/1634 2511/1178/1634
f 2424/1185/1639 2423/1184/1638 2419/1183/1637 2420/1182/1636
f 2423/1184/1638 2422/1187/1641 2418/1186/1640 2419/1183/1637
f 2422/1191/1641 2421/1190/1643 2417/1189/1642 2418/1188/1640
f 2421/1190/1643 2306/1164/1645 2308/1161/1644 2417/1189/1642
f 2405/1195/1649 2406/1194/1648 2402/1193/1647 2401/1192/1646
f 2406/1199/1648 2407/1198/1651 2403/1197/1650 2402/1196/1647
f 2375/1173/1633 2376/1175/1628 2368/1200/1652 2367/1177/1633
f 2376/1175/1628 2326/1080/1629 2322/1071/1653 2368/1200/1652
f 2481/1204/1657 2482/1203/1656 2430/1202/1655 2429/1201/1654
f 2482/1208/1656 2483/1207/1659 2431/1206/1658 2430/1205/1655
f 2483/1207/1659 2484/1210/1661 2432/1209/1660 2431/1206/1658
f 2484/1210/1661 2353/1099/1663 2354/1075/1662 2432/1209/1660
f 2468/1212/1665 2467/1211/1664 2406/1194/1648 2405/1195/1649
f 2467/1214/1664 2466/1213/1666 2407/1198/1651 2406/1199/1648
f 2466/1213/1666 2465/1215/1667 2408/1168/1621 2407/1198/1651
f 2465/1215/1667 2337/1092/1668 2333/1069/1620 2408/1168/1621
f 2480/1217/1670 2479/1216/1669 2418/1188/1640 2417/1189/1642
f 2479/1219/1669 2478/1218/1671 2419/1183/1637 2418/1186/1640
f 2478/1218/1671 2477/1220/1672 2420/1182/1636 2419/1183/1637
f 2477/1220/1672 2341/1095/1674 2342/1081/1673 2420/1182/1636
f 2437/1224/1678 2438/1223/1677 2410/1222/1676 2409/1221/1675
f 2407/1198/1651 2408/1168/1621 2404/1167/1618 2403/1197/1650
f 2513/1228/1679 2361/1227/1679 2360/1226/1635 2512/1225/1635
f 2514/1145/1606 2311/1230/1606 2356/1229/1607 2504/1148/1607
f 2515/1234/1680 2312/1233/1680 2311/1232/1606 2514/1231/1606
f 2438/1238/1677 2439/1237/1682 2411/1236/1681 2410/1235/1676
f 2439/1237/1682 2440/1240/1684 2412/1239/1683 2411/1236/1681
f 2440/1240/1684 2346/1087/1686 2347/1084/1685 2412/1239/1683
f 2436/1244/1690 2435/1243/1689 2443/1242/1688 2444/1241/1687
f 2435/1243/1689 2434/1246/1692 2442/1245/1691 2443/1242/1688
f 2434/1250/1692 2433/1249/1694 2441/1248/1693 2442/1247/1691
f 2516/1252/1695 2328/1251/1695 2312/1233/1680 2515/1234/1680
f 2380/1157/1612 2379/1158/1696 2367/1177/1696 2368/1200/1652
f 2433/1249/1694 2311/1232/1698 2312/1233/1697 2441/1248/1693
f 2440/1240/1684 2439/1237/1682 2435/1243/1689 2436/1244/1690
f 2439/1237/1682 2438/1238/1677 2434/1246/1692 2435/1243/1689
f 2379/1158/1696 2378/1165/1699 2366/1176/1699 2367/1177/1696
f 2378/1165/1699 2377/1156/1610 2365/1153/1610 2366/1176/1699
f 2438/1223/1677 2437/1224/1678 2433/1254/1694 2434/1253/1692
f 2437/1224/1678 2356/1229/1700 2311/1230/1698 2433/1254/1694
f 2460/1256/1702 2459/1255/1701 2403/1197/1650 2404/1167/1618
f 2507/1141/1604 2498/1163/1616 2306/1164/1616 2364/1257/1604
f 2459/1255/1701 2458/1258/1703 2402/1196/1647 2403/1197/1650
f 2458/1260/1703 2457/1259/1704 2401/1192/1646 2402/1193/1647
f 2457/1259/1704 2328/1251/1706 2327/1261/1705 2401/1192/1646
f 2510/1263/1707 2494/1152/1608 2314/1149/1608 2313/1262/1707
f 2444/1241/1687 2443/1242/1688 2459/1255/1701 2460/1256/1702
f 2443/1242/1688 2442/1245/1691 2458/1258/1703 2459/1255/1701
f 2442/1247/1691 2441/1248/1693 2457/1259/1704 2458/1260/1703
f 2513/1228/1679 2495/1139/1603 2310/1264/1603 2361/1227/1679
f 2441/1248/1693 2312/1233/1697 2328/1251/1706 2457/1259/1704
f 2461/1268/1711 2462/1267/1710 2447/1266/1709 2448/1265/1708
f 2462/1267/1710 2463/1270/1713 2446/1269/1712 2447/1266/1709
f 2516/1252/1695 2499/1271/1714 2327/1261/1714 2328/1251/1695
f 2302/1275/1718 2389/1274/1717 2385/1273/1716 2301/1272/1715
f 2303/1277/1720 2397/1276/1719 2389/1274/1717 2302/1275/1718
f 2318/1170/1721 2400/1279/1722 2396/1278/1722 2316/1155/1721
f 2316/1155/1723 2396/1278/1724 2388/1280/1724 2320/1154/1723
f 2305/1150/1727 2429/1201/1654 2425/1281/1726 2314/1149/1725
f 2463/1285/1713 2464/1284/1729 2445/1283/1728 2446/1282/1712
f 2464/1284/1729 2358/1287/1731 2357/1286/1730 2445/1283/1728
f 2465/1215/1667 2466/1213/1666 2462/1267/1710 2461/1268/1711
f 2466/1213/1666 2467/1214/1664 2463/1270/1713 2462/1267/1710
f 2467/1211/1664 2468/1212/1665 2464/1284/1729 2463/1285/1713
f 2468/1212/1665 2349/1288/1732 2358/1287/1731 2464/1284/1729
f 2307/1290/1735 2409/1221/1675 2413/1289/1734 2310/1264/1733
f 2452/1294/1739 2451/1293/1738 2427/1292/1737 2428/1291/1736
f 2325/1079/1740 2424/1185/1639 2420/1182/1636 2342/1081/1673
f 2309/1295/1741 2405/1195/1649 2401/1192/1646 2327/1261/1705
f 2451/1293/1738 2450/1297/1743 2426/1296/1742 2427/1292/1737
f 2332/1072/1744 2380/1157/1612 2368/1200/1652 2322/1071/1653
f 2330/1077/1630 2384/1160/1614 2380/1157/1612 2332/1072/1744
f 2323/1170/1745 2381/1169/1624 2373/1171/1624 2319/1174/1745
f 2319/1174/1746 2373/1171/1631 2365/1153/1631 2315/1154/1746
f 2450/1300/1743 2449/1299/1747 2425/1281/1726 2426/1298/1742
f 2449/1299/1747 2313/1262/1748 2314/1149/1725 2425/1281/1726
f 2448/1265/1708 2447/1266/1709 2451/1293/1738 2452/1294/1739
f 2447/1266/1709 2446/1269/1712 2450/1297/1743 2451/1293/1738
f 2348/1301/1749 2481/1204/1657 2429/1201/1654 2305/1150/1727
f 2446/1303/1712 2445/1302/1728 2449/1299/1747 2450/1300/1743
f 2349/1288/1732 2468/1212/1665 2405/1195/1649 2309/1295/1741
f 2445/1302/1728 2357/1304/1730 2313/1262/1748 2449/1299/1747
f 2355/1305/1750 2480/1217/1670 2417/1189/1642 2308/1161/1644
f 2477/1220/1672 2478/1218/1671 2474/1307/1752 2473/1306/1751
f 2356/1229/1700 2437/1224/1678 2409/1221/1675 2307/1290/1735
f 2478/1218/1671 2479/1219/1669 2475/1308/1753 2474/1307/1752
f 2479/1216/1669 2480/1217/1670 2476/1310/1754 2475/1309/1753
f 2480/1217/1670 2355/1305/1750 2359/1179/1755 2476/1310/1754
f 2456/1314/1759 2455/1313/1758 2415/1312/1757 2416/1311/1756
f 2455/1313/1758 2454/1316/1761 2414/1315/1760 2415/1312/1757
f 2345/1086/1763 2436/1244/1690 2444/1241/1687 2344/1085/1762
f 2346/1087/1686 2440/1240/1684 2436/1244/1690 2345/1086/1763
f 2343/1088/1764 2460/1256/1702 2404/1167/1618 2331/1070/1619
f 2344/1085/1762 2444/1241/1687 2460/1256/1702 2343/1088/1764
f 2336/1091/1766 2461/1268/1711 2448/1265/1708 2335/1090/1765
f 2337/1092/1668 2465/1215/1667 2461/1268/1711 2336/1091/1766
f 2334/1089/1768 2452/1294/1739 2428/1291/1736 2329/1076/1767
f 2335/1090/1765 2448/1265/1708 2452/1294/1739 2334/1089/1768
f 2454/1319/1761 2453/1318/1769 2413/1289/1734 2414/1317/1760
f 2453/1318/1769 2361/1227/1770 2310/1264/1733 2413/1289/1734
f 2469/1321/1772 2470/1320/1771 2455/1313/1758 2456/1314/1759
f 2470/1320/1771 2471/1322/1773 2454/1316/1761 2455/1313/1758
f 2471/1324/1773 2472/1323/1774 2453/1318/1769 2454/1319/1761
f 2472/1323/1774 2360/1226/1775 2361/1227/1770 2453/1318/1769
f 2473/1306/1751 2474/1307/1752 2470/1320/1771 2469/1321/1772
f 2474/1307/1752 2475/1308/1753 2471/1322/1773 2470/1320/1771
f 2341/1095/1674 2477/1220/1672 2473/1306/1751 2340/1094/1776
f 2338/1096/1778 2456/1314/1759 2416/1311/1756 2321/1083/1777
f 2339/1093/1779 2469/1321/1772 2456/1314/1759 2338/1096/1778
f 2340/1094/1776 2473/1306/1751 2469/1321/1772 2339/1093/1779
f 2475/1309/1753 2476/1310/1754 2472/1326/1774 2471/1325/1773
f 2476/1310/1754 2359/1179/1755 2360/1180/1775 2472/1326/1774
f 2489/1330/1783 2490/1329/1782 2486/1328/1781 2485/1327/1780
f 2490/1329/1782 2491/1332/1785 2487/1331/1784 2486/1328/1781
f 2352/1098/1787 2489/1330/1783 2485/1327/1780 2351/1097/1786
f 2353/1099/1663 2484/1210/1661 2489/1330/1783 2352/1098/1787
f 2350/1100/1789 2372/1333/1788 2424/1185/1639 2325/1079/1740
f 2351/1097/1786 2485/1327/1780 2372/1333/1788 2350/1100/1789
f 2389/1274/1717 2390/1335/1790 2386/1334/1790 2385/1273/1716
f 2390/1335/1790 2391/1337/1791 2387/1336/1791 2386/1334/1790
f 2391/1337/1791 2392/1338/1792 2388/1280/1792 2387/1336/1791
f 2392/1338/1792 2324/1174/1793 2320/1154/1793 2388/1280/1792
f 2397/1276/1719 2398/1339/1794 2390/1335/1794 2389/1274/1717
f 2398/1339/1794 2399/1340/1795 2391/1337/1795 2390/1335/1794
f 2399/1340/1795 2400/1279/1796 2392/1338/1796 2391/1337/1795
f 2400/1279/1796 2318/1170/1797 2324/1174/1797 2392/1338/1796
f 2400/1279/1722 2399/1340/1798 2395/1341/1798 2396/1278/1722
f 2399/1340/1798 2398/1339/1799 2394/1342/1799 2395/1341/1798
f 2398/1339/1799 2397/1276/1719 2393/1343/1800 2394/1342/1799
f 2397/1276/1719 2303/1277/1720 2304/1344/1801 2393/1343/1800
f 2396/1278/1724 2395/1341/1802 2387/1336/1802 2388/1280/1724
f 2395/1341/1802 2394/1342/1803 2386/1334/1803 2387/1336/1802
f 2394/1342/1803 2393/1343/1800 2385/1273/1716 2386/1334/1803
f 2393/1343/1800 2304/1344/1801 2301/1272/1715 2385/1273/1716
f 2429/1201/1654 2430/1202/1655 2426/1298/1742 2425/1281/1726
f 2430/1205/1655 2431/1206/1658 2427/1292/1737 2426/1296/1742
f 2431/1206/1658 2432/1209/1660 2428/1291/1736 2427/1292/1737
f 2432/1209/1660 2354/1075/1662 2329/1076/1767 2428/1291/1736
f 2491/1348/1785 2492/1347/1805 2488/1346/1804 2487/1345/1784
f 2492/1347/1805 2362/1350/1807 2363/1349/1806 2488/1346/1804
f 2484/1210/1661 2483/1207/1659 2490/1329/1782 2489/1330/1783
f 2483/1207/1659 2482/1208/1656 2491/1332/1785 2490/1329/1782
f 2482/1203/1656 2481/1204/1657 2492/1352/1805 2491/1351/1785
f 2481/1204/1657 2348/1301/1749 2362/1353/1807 2492/1352/1805
f 2372/1333/1788 2371/1354/1808 2423/1184/1638 2424/1185/1639
f 2371/1354/1808 2370/1355/1809 2422/1187/1641 2423/1184/1638
f 2370/1357/1809 2369/1356/1810 2421/1190/1643 2422/1191/1641
f 2369/1356/1810 2364/1257/1811 2306/1164/1645 2421/1190/1643
f 2485/1327/1780 2486/1328/1781 2371/1354/1808 2372/1333/1788
f 2486/1328/1781 2487/1331/1784 2370/1355/1809 2371/1354/1808
f 2487/1345/1784 2488/1346/1804 2369/1356/1810 2370/1357/1809
f 2488/1346/1804 2363/1349/1806 2364/1257/1811 2369/1356/1810
f 2496/1140/1602 2307/1290/1602 2310/1264/1603 2495/1139/1603
f 2500/1358/1812 2309/1295/1812 2327/1261/1714 2499/1271/1714
f 2501/1359/1813 2348/1301/1813 2305/1150/1609 2493/1151/1609
f 2502/1360/1814 2349/1288/1814 2309/1295/1812 2500/1358/1812
f 2503/1361/1815 2355/1305/1815 2308/1161/1615 2497/1162/1615
f 2504/1148/1607 2356/1229/1607 2307/1290/1602 2496/1140/1602
f 2505/1362/1816 2362/1353/1816 2348/1301/1813 2501/1359/1813
f 2506/1144/1605 2363/1349/1605 2362/1350/1816 2505/1363/1816
f 2507/1141/1604 2364/1257/1604 2363/1349/1605 2506/1144/1605
f 2508/1364/1817 2358/1287/1817 2349/1288/1814 2502/1360/1814
f 2409/1221/1675 2410/1222/1676 2414/1317/1760 2413/1289/1734
f 2410/1235/1676 2411/1236/1681 2415/1312/1757 2414/1315/1760
f 2411/1236/1681 2412/1239/1683 2416/1311/1756 2415/1312/1757
f 2412/1239/1683 2347/1084/1685 2321/1083/1777 2416/1311/1756
f 2509/1365/1818 2357/1286/1818 2358/1287/1817 2508/1364/1817
f 2510/1263/1707 2313/1262/1707 2357/1304/1818 2509/1366/1818
f 2511/1178/1634 2359/1179/1634 2355/1305/1815 2503/1361/1815
f 2524/1231/1606 2676/1368/1606 2675/1367/1680 2525/1234/1680
f 2621/1370/1822 2686/1116/1821 2712/1115/1820 2617/1369/1819
f 2622/1372/1824 2621/1370/1822 2617/1369/1819 2618/1371/1823
f 2623/1374/1826 2622/1372/1824 2618/1371/1823 2619/1373/1825
f 2624/1378/1828 2623/1377/1826 2619/1376/1825 2620/1375/1827
f 2525/1234/1680 2675/1367/1680 2684/1379/1695 2531/1252/1695
f 2526/1361/1815 2669/1381/1815 2670/1380/1634 2527/1178/1634
f 2527/1178/1634 2670/1380/1634 2671/1382/1635 2528/1181/1635
f 2528/1225/1635 2671/1384/1635 2685/1383/1679 2532/1228/1679
f 2529/1263/1707 2677/1386/1707 2726/1385/1608 2537/1152/1608
f 2530/1141/1604 2678/1142/1604 2725/1387/1616 2536/1163/1616
f 2531/1252/1695 2684/1379/1695 2724/1388/1714 2533/1271/1714
f 2532/1228/1679 2685/1383/1679 2728/1138/1603 2540/1139/1603
f 2533/1271/1714 2724/1388/1714 2706/1389/1812 2534/1358/1812
f 2537/1152/1608 2726/1385/1608 2723/1390/1609 2538/1151/1609
f 2545/1392/1832 2670/1380/1831 2669/1381/1830 2664/1391/1829
f 2546/1394/1834 2545/1392/1832 2664/1391/1829 2663/1393/1833
f 2547/1398/1836 2546/1397/1834 2663/1396/1833 2662/1395/1835
f 2548/1400/1838 2547/1398/1836 2662/1395/1835 2661/1399/1837
f 2664/1391/1829 2669/1381/1830 2727/1402/1840 2612/1401/1839
f 2663/1393/1833 2664/1391/1829 2612/1401/1839 2611/1403/1841
f 2662/1395/1835 2663/1396/1833 2611/1405/1841 2610/1404/1842
f 2661/1399/1837 2662/1395/1835 2610/1404/1842 2609/1406/1843
f 2552/1408/1847 2685/1383/1846 2671/1384/1845 2541/1407/1844
f 2551/1410/1849 2552/1408/1847 2541/1407/1844 2542/1409/1848
f 2550/1414/1851 2551/1413/1849 2542/1412/1848 2543/1411/1850
f 2549/1416/1853 2550/1414/1851 2543/1411/1850 2544/1415/1852
f 2541/1417/1844 2671/1382/1845 2670/1380/1831 2545/1392/1832
f 2542/1418/1848 2541/1417/1844 2545/1392/1832 2546/1394/1834
f 2601/1420/1857 2679/1107/1856 2704/1108/1855 2605/1419/1854
f 2602/1422/1859 2601/1420/1857 2605/1419/1854 2606/1421/1858
f 2603/1424/1861 2602/1422/1859 2606/1421/1858 2607/1423/1860
f 2604/1428/1863 2603/1427/1861 2607/1426/1860 2608/1425/1862
f 2640/1432/1867 2729/1431/1866 2732/1430/1865 2648/1429/1864
f 2639/1434/1868 2640/1432/1867 2648/1429/1864 2647/1433/1868
f 2638/1436/1869 2639/1434/1868 2647/1433/1868 2646/1435/1869
f 2637/1438/1870 2638/1436/1869 2646/1435/1869 2645/1437/1870
f 2636/1440/1872 2730/1439/1871 2729/1431/1866 2640/1432/1867
f 2635/1441/1873 2636/1440/1872 2640/1432/1867 2639/1434/1873
f 2634/1442/1874 2635/1441/1873 2639/1434/1873 2638/1436/1874
f 2633/1443/1875 2634/1442/1874 2638/1436/1874 2637/1438/1875
f 2633/1443/1876 2715/1446/1877 2709/1445/1877 2641/1444/1876
f 2634/1442/1878 2633/1443/1876 2641/1444/1876 2642/1447/1878
f 2635/1441/1879 2634/1442/1878 2642/1447/1878 2643/1448/1879
f 2636/1440/1872 2635/1441/1879 2643/1448/1879 2644/1449/1880
f 2641/1444/1881 2709/1445/1882 2713/1134/1882 2645/1437/1881
f 2642/1447/1883 2641/1444/1881 2645/1437/1881 2646/1435/1883
f 2643/1448/1884 2642/1447/1883 2646/1435/1883 2647/1433/1884
f 2644/1449/1880 2643/1448/1884 2647/1433/1884 2648/1429/1864
f 2682/1129/1886 2548/1400/1838 2661/1399/1837 2683/1132/1885
f 2683/1132/1885 2661/1399/1837 2609/1406/1843 2708/1111/1887
f 2680/1131/1889 2549/1416/1853 2544/1415/1852 2681/1130/1888
f 2681/1130/1888 2544/1415/1852 2548/1400/1838 2682/1129/1886
f 2543/1411/1850 2542/1412/1848 2546/1397/1834 2547/1398/1836
f 2544/1415/1852 2543/1411/1850 2547/1398/1836 2548/1400/1838
f 2557/1452/1893 2674/1143/1892 2673/1451/1891 2561/1450/1890
f 2558/1454/1895 2557/1452/1893 2561/1450/1890 2562/1453/1894
f 2693/1126/1899 2560/1456/1898 2564/1455/1897 2694/1125/1896
f 2694/1125/1896 2564/1455/1897 2577/1457/1901 2695/1128/1900
f 2695/1128/1900 2577/1457/1901 2617/1369/1819 2712/1115/1820
f 2692/1127/1903 2556/1458/1902 2560/1456/1898 2693/1126/1899
f 2559/1462/1905 2558/1461/1895 2562/1460/1894 2563/1459/1904
f 2560/1456/1898 2559/1462/1905 2563/1459/1904 2564/1455/1897
f 2561/1466/1890 2673/1465/1891 2672/1464/1907 2580/1463/1906
f 2562/1468/1894 2561/1466/1890 2580/1463/1906 2579/1467/1908
f 2563/1459/1904 2562/1460/1894 2579/1470/1908 2578/1469/1909
f 2564/1455/1897 2563/1459/1904 2578/1469/1909 2577/1457/1901
f 2580/1463/1906 2672/1464/1907 2723/1390/1910 2620/1375/1827
f 2579/1467/1908 2580/1463/1906 2620/1375/1827 2619/1376/1825
f 2698/1122/1914 2585/1472/1913 2581/1471/1912 2699/1121/1911
f 2699/1121/1911 2581/1471/1912 2605/1419/1854 2704/1108/1855
f 2696/1124/1918 2568/1474/1917 2572/1473/1916 2697/1123/1915
f 2697/1123/1915 2572/1473/1916 2585/1472/1913 2698/1122/1914
f 2689/1117/1922 2589/1476/1921 2573/1475/1920 2690/1120/1919
f 2690/1120/1919 2573/1475/1920 2629/1477/1924 2702/1102/1923
f 2687/1119/1928 2593/1479/1927 2597/1478/1926 2688/1118/1925
f 2688/1118/1925 2597/1478/1926 2589/1476/1921 2689/1117/1922
f 2578/1469/1909 2579/1470/1908 2619/1373/1825 2618/1371/1823
f 2577/1457/1901 2578/1469/1909 2618/1371/1823 2617/1369/1819
f 2553/1480/1930 2678/1142/1929 2674/1143/1892 2557/1452/1893
f 2554/1481/1931 2553/1480/1930 2557/1452/1893 2558/1454/1895
f 2555/1483/1932 2554/1482/1931 2558/1461/1895 2559/1462/1905
f 2677/1386/1935 2596/1484/1934 2624/1378/1828 2726/1385/1933
f 2556/1458/1902 2555/1483/1932 2559/1462/1905 2560/1456/1898
f 2678/1142/1929 2553/1480/1930 2616/1485/1937 2725/1387/1936
f 2588/1487/1941 2676/1146/1940 2720/1147/1939 2584/1486/1938
f 2684/1379/1945 2565/1489/1944 2628/1488/1943 2724/1388/1942
f 2587/1491/1947 2588/1487/1941 2584/1486/1938 2583/1490/1946
f 2685/1383/1846 2552/1408/1847 2604/1428/1863 2728/1138/1948
f 2586/1495/1950 2587/1494/1947 2583/1493/1946 2582/1492/1949
f 2585/1472/1913 2586/1495/1950 2582/1492/1949 2581/1471/1912
f 2584/1486/1938 2720/1147/1939 2719/1137/1951 2608/1425/1862
f 2583/1490/1946 2584/1486/1938 2608/1425/1862 2607/1426/1860
f 2714/1445/1952 2660/1496/1953 2668/1133/1953 2718/1134/1952
f 2710/1446/1954 2652/1497/1955 2660/1496/1955 2714/1445/1954
f 2703/1109/1959 2649/1499/1958 2653/1498/1957 2701/1104/1956
f 2701/1104/1956 2653/1498/1957 2665/1500/1961 2711/1103/1960
f 2582/1492/1949 2583/1493/1946 2607/1423/1860 2606/1421/1858
f 2724/1388/1942 2628/1488/1943 2632/1501/1963 2706/1389/1962
f 2708/1111/1887 2609/1406/1843 2613/1502/1965 2691/1113/1964
f 2581/1471/1912 2582/1492/1949 2606/1421/1858 2605/1419/1854
f 2726/1385/1933 2624/1378/1828 2620/1375/1827 2723/1390/1910
f 2565/1489/1944 2684/1379/1945 2675/1367/1967 2569/1503/1966
f 2566/1505/1969 2565/1489/1944 2569/1503/1966 2570/1504/1968
f 2567/1509/1971 2566/1508/1969 2570/1507/1968 2571/1506/1970
f 2568/1474/1917 2567/1509/1971 2571/1506/1970 2572/1473/1916
f 2569/1503/1966 2675/1367/1967 2676/1368/1940 2588/1510/1941
f 2570/1504/1968 2569/1503/1966 2588/1510/1941 2587/1511/1947
f 2728/1138/1948 2604/1428/1863 2608/1425/1862 2719/1137/1951
f 2717/1135/1972 2637/1438/1870 2645/1437/1870 2713/1134/1972
f 2715/1446/1973 2633/1443/1875 2637/1438/1875 2717/1135/1973
f 2730/1439/1871 2636/1440/1872 2644/1449/1880 2731/1512/1974
f 2731/1512/1974 2644/1449/1880 2648/1429/1864 2732/1430/1865
f 2517/1360/1814 2534/1358/1812 2706/1389/1812 2705/1513/1814
f 2571/1506/1970 2570/1507/1968 2587/1494/1947 2586/1495/1950
f 2572/1473/1916 2571/1506/1970 2586/1495/1950 2585/1472/1913
f 2592/1516/1978 2721/1515/1977 2705/1513/1976 2576/1514/1975
f 2520/1359/1813 2538/1151/1609 2723/1390/1609 2672/1464/1813
f 2591/1518/1980 2592/1516/1978 2576/1514/1975 2575/1517/1979
f 2590/1522/1982 2591/1521/1980 2575/1520/1979 2574/1519/1981
f 2589/1476/1921 2590/1522/1982 2574/1519/1981 2573/1475/1920
f 2523/1148/1607 2539/1140/1602 2719/1137/1602 2720/1147/1607
f 2576/1514/1975 2705/1513/1976 2706/1389/1962 2632/1501/1963
f 2575/1517/1979 2576/1514/1975 2632/1501/1963 2631/1523/1983
f 2574/1519/1981 2575/1520/1979 2631/1525/1983 2630/1524/1984
f 2526/1361/1815 2535/1162/1615 2727/1402/1615 2669/1381/1815
f 2573/1475/1920 2574/1519/1981 2630/1524/1984 2629/1477/1924
f 2596/1484/1934 2677/1386/1935 2722/1527/1986 2600/1526/1985
f 2595/1529/1988 2596/1484/1934 2600/1526/1985 2599/1528/1987
f 2655/1531/1989 2656/1136/1600 2668/1133/1600 2667/1530/1989
f 2654/1533/1990 2655/1531/1989 2667/1530/1989 2666/1532/1990
f 2594/1537/1992 2595/1536/1988 2599/1535/1987 2598/1534/1991
f 2593/1479/1927 2594/1537/1992 2598/1534/1991 2597/1478/1926
f 2600/1539/1985 2722/1538/1986 2721/1515/1977 2592/1516/1978
f 2653/1498/1957 2654/1533/1990 2666/1532/1990 2665/1500/1961
f 2517/1360/1814 2705/1513/1814 2721/1515/1817 2518/1364/1817
f 2599/1540/1987 2600/1539/1985 2592/1516/1978 2591/1518/1980
f 2598/1534/1991 2599/1535/1987 2591/1521/1980 2590/1522/1982
f 2597/1478/1926 2598/1534/1991 2590/1522/1982 2589/1476/1921
f 2593/1479/1927 2687/1119/1928 2686/1116/1821 2621/1370/1822
f 2594/1537/1992 2593/1479/1927 2621/1370/1822 2622/1372/1824
f 2595/1536/1988 2594/1537/1992 2622/1372/1824 2623/1374/1826
f 2518/1364/1817 2721/1515/1817 2722/1538/1818 2519/1365/1818
f 2519/1366/1818 2722/1527/1818 2677/1386/1707 2529/1263/1707
f 2520/1359/1813 2672/1464/1813 2673/1465/1816 2521/1362/1816
f 2626/1542/1994 2625/1541/1993 2629/1477/1924 2630/1524/1984
f 2596/1484/1934 2595/1529/1988 2623/1377/1826 2624/1378/1828
f 2556/1458/1902 2692/1127/1903 2691/1113/1964 2613/1502/1965
f 2555/1483/1932 2556/1458/1902 2613/1502/1965 2614/1543/1995
f 2554/1482/1931 2555/1483/1932 2614/1543/1995 2615/1544/1996
f 2553/1480/1930 2554/1481/1931 2615/1545/1996 2616/1485/1937
f 2568/1474/1917 2696/1124/1918 2700/1101/1997 2625/1541/1993
f 2567/1509/1971 2568/1474/1917 2625/1541/1993 2626/1542/1994
f 2566/1508/1969 2567/1509/1971 2626/1542/1994 2627/1546/1998
f 2565/1489/1944 2566/1505/1969 2627/1547/1998 2628/1488/1943
f 2549/1416/1853 2680/1131/1889 2679/1107/1856 2601/1420/1857
f 2550/1414/1851 2549/1416/1853 2601/1420/1857 2602/1422/1859
f 2551/1413/1849 2550/1414/1851 2602/1422/1859 2603/1424/1861
f 2552/1408/1847 2551/1410/1849 2603/1427/1861 2604/1428/1863
f 2657/1548/2000 2707/1112/1999 2711/1103/1960 2665/1500/1961
f 2658/1549/2001 2657/1548/2000 2665/1500/1961 2666/1532/2001
f 2627/1546/1998 2626/1542/1994 2630/1524/1984 2631/1525/1983
f 2628/1488/1943 2627/1547/1998 2631/1523/1983 2632/1501/1963
f 2612/1401/1839 2727/1402/1840 2725/1387/1936 2616/1485/1937
f 2611/1403/1841 2612/1401/1839 2616/1485/1937 2615/1545/1996
f 2610/1404/1842 2611/1405/1841 2615/1544/1996 2614/1543/1995
f 2609/1406/1843 2610/1404/1842 2614/1543/1995 2613/1502/1965
f 2521/1363/1816 2673/1451/1816 2674/1143/1605 2522/1144/1605
f 2659/1550/2002 2658/1549/2001 2666/1532/2001 2667/1530/2002
f 2660/1496/1953 2659/1550/2002 2667/1530/2002 2668/1133/1953
f 2649/1499/1958 2703/1109/1959 2707/1112/1999 2657/1548/2000
f 2650/1551/2003 2649/1499/1958 2657/1548/2000 2658/1549/2003
f 2718/1134/827 2713/1134/827 2709/1445/827 2714/1445/827
f 2714/1445/1627 2709/1445/1627 2715/1446/1627 2710/1446/1627
f 2710/1446/784 2715/1446/784 2717/1135/784 2716/1135/784
f 2716/1135/785 2717/1135/785 2713/1134/785 2718/1134/785
f 2651/1552/2004 2650/1551/2003 2658/1549/2003 2659/1550/2004
f 2652/1497/1955 2651/1552/2004 2659/1550/2004 2660/1496/1955
f 2652/1497/2005 2710/1446/2006 2716/1135/2006 2656/1136/2005
f 2651/1552/2007 2652/1497/2005 2656/1136/2005 2655/1531/2007
f 2625/1541/1993 2700/1101/1997 2702/1102/1923 2629/1477/1924
f 2650/1551/2008 2651/1552/2007 2655/1531/2007 2654/1533/2008
f 2727/1402/1615 2535/1162/1615 2536/1163/1616 2725/1387/1616
f 2649/1499/1958 2650/1551/2008 2654/1533/2008 2653/1498/1957
f 2729/1431/425 2730/1439/425 2731/1512/425 2732/1430/425
f 2301/1272/110 2304/1344/110 2303/1277/110 2302/1275/110

